t_ms,dt,left_delta,right_delta,ds,dtheta_enc,imu_theta,imu_dtheta,x_pred,y_pred,theta_pred,x_est,y_est,theta_est,Pxx_pred,Pyy_pred,Ptt_pred,Pxx_est,Pyy_est,Ptt_est,innovation_theta,innovation_x,innovation_y,NIS_theta,dx_update,dy_update,dtheta_update,s_robot,s_target,ex_r,ey_r,h_err,lookahead_x,lookahead_y,vx_cmd,omega_cmd,omega_pp,v_des,adaptive_lookahead
10,0.047000,0.000000,0.000000,0.000000,0.000000,0.000097,-0.000000,0.000000,0.000000,0.000000,0.000000,0.000000,0.000078,25.000470,25.000470,0.030509,25.000470,25.000470,0.006084,0.000097,nan,nan,0.000000,0.000000,0.000000,0.000078,0.000000,3.600000,3.600000,-0.000281,-0.000078,3.600000,0.000000,0.051350,-0.000064,-0.000002,0.051350,3.600000
20,0.010000,0.000000,0.000000,0.000000,0.000000,0.000102,-0.000000,0.000000,0.000000,0.000078,0.000000,0.000000,0.000089,25.000570,25.000570,0.006094,25.000570,25.000570,0.003382,0.000024,nan,nan,0.000000,0.000000,0.000000,0.000011,0.000000,3.600000,3.600000,-0.000319,-0.000089,3.600000,0.000000,0.154051,-0.000073,-0.000008,0.154051,3.600000
30,0.010000,0.000000,0.000000,0.000000,0.000000,0.000107,-0.000000,0.000000,0.000000,0.000089,0.000000,0.000000,0.000094,25.000670,25.000670,0.003392,25.000670,25.000670,0.002345,0.000019,nan,nan,0.000000,0.000000,0.000000,0.000006,0.000000,3.600000,3.600000,-0.000340,-0.000094,3.600000,0.000000,0.308102,-0.000079,-0.000016,0.308102,3.600000
40,0.010000,0.000000,0.000000,0.000000,0.000000,0.000113,-0.000000,0.000000,0.000000,0.000094,0.000000,0.000000,0.000099,25.000770,25.000770,0.002355,25.000770,25.000770,0.001798,0.000019,nan,nan,0.000000,0.000000,0.000000,0.000005,0.000000,3.600000,3.600000,-0.000356,-0.000099,3.600000,0.000000,0.513503,-0.000083,-0.000028,0.513503,3.600000
50,0.010000,0.000000,0.000000,0.000000,0.000000,0.000118,-0.000000,0.000000,0.000000,0.000099,0.000000,0.000000,0.000103,25.000870,25.000870,0.001808,25.000870,25.000870,0.001461,0.000019,nan,nan,0.000000,0.000000,0.000000,0.000004,0.000000,3.600000,3.600000,-0.000369,-0.000103,3.600000,0.000000,0.770255,-0.000088,-0.000044,0.770255,3.600000
60,0.010000,0.000000,0.000000,0.000000,0.000000,0.000120,-0.000000,0.000000,0.000000,0.000103,0.000000,0.000000,0.000105,25.000970,25.000970,0.001471,25.000970,25.000970,0.001232,0.000018,nan,nan,0.000000,0.000000,0.000000,0.000003,0.000000,3.600000,3.600000,-0.000379,-0.000105,3.600000,0.000000,1.078357,-0.000091,-0.000063,1.078357,3.600000
70,0.010000,0.000000,0.000000,0.000000,0.000000,0.000119,-0.000000,0.000000,0.000000,0.000105,0.000000,0.000000,0.000107,25.001070,25.001070,0.001242,25.001070,25.001070,0.001068,0.000014,nan,nan,0.000000,0.000000,0.000000,0.000002,0.000000,3.600000,3.600000,-0.000386,-0.000107,3.600000,0.000000,1.437809,-0.000095,-0.000086,1.437809,3.600000
80,0.010000,0.000000,0.000000,0.000000,0.000000,0.000121,-0.000000,0.000000,0.000000,0.000107,0.000000,0.000000,0.000109,25.001170,25.001170,0.001078,25.001170,25.001170,0.000944,0.000014,nan,nan,0.000000,0.000000,0.000000,0.000002,0.000000,3.600000,3.600000,-0.000393,-0.000109,3.600000,0.000000,1.848611,-0.000098,-0.000112,1.848611,3.600000
90,0.010000,0.000000,0.000000,0.000000,0.000000,0.000118,-0.000000,0.000000,0.000000,0.000109,0.000000,0.000000,0.000110,25.001270,25.001270,0.000954,25.001270,25.001270,0.000847,0.000009,nan,nan,0.000000,0.000000,0.000000,0.000001,0.000000,3.600000,3.600000,-0.000396,-0.000110,3.600000,0.000000,2.310764,-0.000102,-0.000141,2.310764,3.600000
100,0.010000,0.000000,0.000000,0.000000,0.000000,0.000117,-0.000000,0.000000,0.000000,0.000110,0.000000,0.000000,0.000111,25.001370,25.001370,0.000857,25.001370,25.001370,0.000771,0.000007,nan,nan,0.000000,0.000000,0.000000,0.000001,0.000000,3.600000,3.600000,-0.000399,-0.000111,3.600000,0.000000,2.824267,-0.000105,-0.000174,2.824267,3.600000
110,0.010000,0.000000,0.000000,0.000000,0.000000,0.000116,-0.000000,0.000000,0.000000,0.000111,0.000000,0.000000,0.000111,25.001470,25.001470,0.000781,25.001470,25.001470,0.000708,0.000005,nan,nan,0.000000,0.000000,0.000000,0.000000,0.000000,3.600000,3.600000,-0.000401,-0.000111,3.600000,0.000000,3.389120,-0.000108,-0.000209,3.389121,3.600000
120,0.010000,0.000000,0.000000,0.000000,0.000000,0.000119,-0.000000,0.000000,0.000000,0.000111,0.000000,0.000000,0.000112,25.001570,25.001570,0.000718,25.001570,25.001570,0.000656,0.000008,nan,nan,0.000000,0.000000,0.000000,0.000001,0.000000,3.600000,3.600000,-0.000403,-0.000112,3.600000,0.000000,3.995988,-0.000112,-0.000249,3.995988,3.600000
130,0.010000,0.000000,0.000000,0.000000,0.000000,0.000114,-0.000000,0.000000,0.000000,0.000112,0.000000,0.000000,0.000112,25.001670,25.001670,0.000666,25.001670,25.001670,0.000612,0.000002,nan,nan,0.000000,0.000000,0.000000,0.000000,0.000000,3.600000,3.600000,-0.000404,-0.000112,3.600000,0.000000,4.602855,-0.000115,-0.000287,4.602855,3.600000
140,0.010000,0.000000,0.000000,0.000000,0.000000,0.000114,-0.000000,0.000000,0.000000,0.000112,0.000000,0.000000,0.000112,25.001770,25.001770,0.000622,25.001770,25.001770,0.000575,0.000002,nan,nan,0.000000,0.000000,0.000000,0.000000,0.000000,3.600000,3.600000,-0.000404,-0.000112,3.600000,0.000000,5.209722,-0.000118,-0.000325,5.209723,3.600000
150,0.010000,0.000000,0.000000,0.000000,0.000000,0.000114,-0.000000,0.000000,0.000000,0.000112,0.000000,0.000000,0.000112,25.001870,25.001870,0.000585,25.001870,25.001870,0.000543,0.000002,nan,nan,0.000000,0.000000,0.000000,0.000000,0.000000,3.600000,3.600000,-0.000404,-0.000112,3.600000,0.000000,5.816590,-0.000121,-0.000363,5.816590,3.600000
160,0.010000,0.000000,0.000000,0.000000,0.000000,0.000117,-0.000000,0.000000,0.000000,0.000112,0.000000,0.000000,0.000113,25.001970,25.001970,0.000553,25.001970,25.001970,0.000516,0.000005,nan,nan,0.000000,0.000000,0.000000,0.000000,0.000000,3.600000,3.600000,-0.000406,-0.000113,3.600000,0.000000,6.423457,-0.000125,-0.000402,6.423457,3.600000
170,0.010000,0.000000,0.000000,0.000000,0.000000,0.000117,-0.000000,0.000000,0.000000,0.000113,0.000000,0.000000,0.000113,25.002070,25.002070,0.000526,25.002070,25.002070,0.000492,0.000004,nan,nan,0.000000,0.000000,0.000000,0.000000,0.000000,3.600000,3.600000,-0.000407,-0.000113,3.600000,0.000000,7.030324,-0.000128,-0.000441,7.030325,3.600000
180,0.010000,0.000000,0.000000,0.000000,0.000000,0.000138,0.000043,0.000000,0.000000,0.000156,0.000000,0.000000,0.000154,25.002170,25.002170,0.000502,25.002170,25.002170,0.000471,-0.000018,nan,nan,0.000000,0.000000,0.000000,-0.000001,0.000000,3.600000,3.600000,-0.000556,-0.000154,3.600000,0.000000,7.637191,-0.000179,-0.000655,7.637192,3.600000
190,0.010000,0.000000,0.000000,0.000000,0.000000,0.000212,0.000080,0.000000,0.000000,0.000234,0.000000,0.000000,0.000233,25.002270,25.002270,0.000481,25.002270,25.002270,0.000452,-0.000023,nan,nan,0.000000,0.000000,0.000000,-0.000001,0.000000,3.600000,3.600000,-0.000839,-0.000233,3.600000,0.000000,8.244056,-0.000276,-0.001067,8.244059,3.600000
200,0.010000,0.000000,0.000000,0.000000,0.000000,0.000280,0.000069,0.000000,0.000000,0.000302,0.000000,0.000000,0.000301,25.002370,25.002370,0.000462,25.002370,25.002370,0.000436,-0.000022,nan,nan,0.000000,0.000000,0.000000,-0.000001,0.000000,3.600000,3.600000,-0.001084,-0.000301,3.600000,0.000000,8.850921,-0.000365,-0.001480,8.850927,3.600000
210,0.010000,0.002931,0.000000,0.001466,-0.000201,0.000310,-0.000000,0.001466,0.000000,0.000301,0.001466,0.000000,0.000301,25.002470,25.002470,0.000446,25.002470,25.002470,0.000421,0.000009,nan,nan,0.000000,-0.000000,0.000000,0.000000,0.001466,3.601466,3.600000,-0.001086,-0.000301,3.601466,0.000000,9.457788,-0.000374,-0.001585,9.457794,3.600000
220,0.010000,0.000000,0.012071,0.006035,0.000827,0.000079,-0.000304,0.007501,0.000002,-0.000002,0.007501,0.000002,0.000002,25.002570,25.002570,0.000431,25.002570,25.002570,0.000408,0.000081,nan,nan,0.000001,-0.000000,0.000000,0.000004,0.007501,3.607501,3.600000,-0.000010,-0.000002,3.607501,0.000000,10.064661,-0.000003,-0.000016,10.064661,3.600000
230,0.010000,0.028797,0.000000,0.014399,-0.001972,-0.000322,-0.000394,0.021900,0.000002,-0.000392,0.021900,0.000002,-0.000388,25.002670,25.002670,0.000418,25.002670,25.002670,0.000396,0.000070,nan,nan,0.000001,-0.000000,0.000000,0.000004,0.021900,3.621900,3.600000,0.001396,0.000388,3.621900,0.000000,10.671518,0.000502,0.002298,10.671529,3.600000
240,0.010000,0.000000,0.025866,0.012933,0.001772,-0.000708,-0.000357,0.034833,-0.000003,-0.000745,0.034833,-0.000003,-0.000743,25.002770,25.002770,0.000406,25.002770,25.002770,0.000385,0.000037,nan,nan,0.000000,0.000000,0.000000,0.000002,0.034833,3.634833,3.599999,0.002678,0.000743,3.634833,0.000000,11.278353,0.000982,0.004662,11.278396,3.600000
250,0.010000,0.042420,0.000000,0.021210,-0.002905,-0.001005,-0.000277,0.056043,-0.000018,-0.001020,0.056043,-0.000018,-0.001020,25.002870,25.002871,0.000395,25.002870,25.002871,0.000376,0.000015,nan,nan,0.000000,0.000000,0.000000,0.000001,0.056043,3.656043,3.599998,0.003689,0.001020,3.656043,0.000000,11.885177,0.001377,0.006765,11.885264,3.600000
260,0.010000,0.000000,0.037936,0.018968,0.002598,-0.001188,-0.000138,0.075011,-0.000038,-0.001158,0.075011,-0.000038,-0.001159,25.002970,25.002972,0.000386,25.002970,25.002972,0.000367,-0.000030,nan,nan,0.000000,-0.000000,-0.000000,-0.000001,0.075011,3.675011,3.599998,0.004212,0.001159,3.675011,0.000000,12.492012,0.001600,0.008119,12.492131,3.600000
270,0.010000,0.069838,0.000000,0.034919,-0.004783,-0.001175,0.000075,0.109930,-0.000078,-0.001085,0.109930,-0.000079,-0.001089,25.003070,25.003074,0.000377,25.003070,25.003074,0.000359,-0.000090,nan,nan,0.000001,-0.000000,-0.000000,-0.000004,0.109930,3.709930,3.599998,0.004000,0.001089,3.709930,0.000000,13.098886,0.001540,0.008085,13.098998,3.600000
280,0.010000,0.000000,0.058974,0.029487,0.004039,-0.001027,0.000181,0.139416,-0.000111,-0.000908,0.139416,-0.000111,-0.000914,25.003170,25.003176,0.000369,25.003170,25.003176,0.000352,-0.000119,nan,nan,0.000002,-0.000000,-0.000001,-0.000006,0.139416,3.739416,3.599998,0.003400,0.000914,3.739416,0.000000,13.705782,0.001324,0.007192,13.705866,3.600000
290,0.010000,0.090875,0.000000,0.045438,-0.006224,-0.000786,0.000261,0.184854,-0.000153,-0.000653,0.184854,-0.000154,-0.000659,25.003270,25.003281,0.000362,25.003270,25.003281,0.000346,-0.000133,nan,nan,0.000002,-0.000000,-0.000001,-0.000006,0.184854,3.784854,3.599999,0.002525,0.000659,3.784854,0.000000,14.312685,0.000986,0.005577,14.312733,3.600000
300,0.010000,0.000000,0.101566,0.050783,0.006957,-0.000562,0.000202,0.235637,-0.000187,-0.000456,0.235637,-0.000188,-0.000461,25.003370,25.003387,0.000356,25.003370,25.003387,0.000340,-0.000106,nan,nan,0.000001,-0.000000,-0.000001,-0.000005,0.235637,3.835637,3.600000,0.001848,0.000461,3.835637,0.000000,14.919574,0.000718,0.004255,14.919600,3.600000
310,0.010000,0.122776,0.000000,0.061388,-0.008409,-0.000375,0.000208,0.297025,-0.000217,-0.000253,0.297025,-0.000218,-0.000259,25.003470,25.003497,0.000350,25.003470,25.003496,0.000334,-0.000122,nan,nan,0.000002,-0.000000,-0.000001,-0.000005,0.297025,3.897025,3.600000,0.001149,0.000259,3.897025,0.000000,15.526457,0.000432,0.002753,15.526468,3.600000
320,0.010000,0.000000,0.137951,0.068975,0.009449,-0.000146,0.000240,0.366001,-0.000236,-0.000019,0.366001,-0.000238,-0.000024,25.003570,25.003610,0.000344,25.003570,25.003608,0.000330,-0.000127,nan,nan,0.000002,-0.000000,-0.000002,-0.000006,0.366001,3.966001,3.600000,0.000326,0.000024,3.966001,0.000000,16.133334,0.000085,0.000811,16.133335,3.600000
330,0.010000,0.184854,0.000000,0.092427,-0.012661,0.000044,0.000218,0.458428,-0.000240,0.000194,0.458428,-0.000243,0.000188,25.003670,25.003731,0.000340,25.003670,25.003728,0.000325,-0.000150,nan,nan,0.000003,-0.000000,-0.000003,-0.000006,0.458428,4.058428,3.600000,-0.000433,-0.000188,4.058428,0.000000,16.740200,-0.000243,-0.001118,16.740202,3.600000
340,0.010000,0.000000,0.189510,0.094755,0.012980,0.000315,0.000320,0.553183,-0.000225,0.000507,0.553183,-0.000229,0.000499,25.003770,25.003856,0.000335,25.003770,25.003853,0.000321,-0.000192,nan,nan,0.000005,-0.000000,-0.000004,-0.000008,0.553183,4.153183,3.600000,-0.001568,-0.000499,4.153183,0.000000,17.347045,-0.000745,-0.004197,17.347070,3.600000
350,0.010000,0.239517,0.000000,0.119759,-0.016405,0.000555,0.000256,0.672941,-0.000169,0.000755,0.672941,-0.000174,0.000746,25.003870,25.003995,0.000331,25.003870,25.003990,0.000317,-0.000200,nan,nan,0.000005,-0.000000,-0.000005,-0.000008,0.672941,4.272941,3.599999,-0.002513,-0.000746,4.272941,0.000000,17.953874,-0.001169,-0.006963,17.953937,3.600000
360,0.010000,0.000000,0.248484,0.124242,0.017019,0.000724,0.000186,0.797183,-0.000081,0.000933,0.797183,-0.000087,0.000924,25.003970,25.004141,0.000327,25.003970,25.004135,0.000314,-0.000209,nan,nan,0.000006,-0.000000,-0.000006,-0.000009,0.797183,4.397183,3.599999,-0.003240,-0.000924,4.397183,0.000000,18.560698,-0.001500,-0.009280,18.560804,3.600000
370,0.010000,0.262107,0.000000,0.131053,-0.017953,0.000815,0.000112,0.928236,0.000034,0.001036,0.928236,0.000027,0.001027,25.004070,25.004297,0.000324,25.004070,25.004289,0.000310,-0.000221,nan,nan,0.000006,0.000000,-0.000007,-0.000009,0.928236,4.528236,3.599998,-0.003724,-0.001027,4.528236,0.000000,19.167529,-0.001723,-0.011015,19.167672,3.600000
380,0.010000,0.000000,0.233482,0.116741,0.015992,0.000844,-0.000000,1.044977,0.000147,0.001027,1.044977,0.000140,0.001020,25.004170,25.004451,0.000320,25.004170,25.004440,0.000307,-0.000183,nan,nan,0.000004,0.000000,-0.000007,-0.000007,1.044977,4.644977,3.599998,-0.003811,-0.001020,4.644977,0.000000,19.774387,-0.001766,-0.011628,19.774539,3.600000
390,0.010000,0.286593,0.000000,0.143296,-0.019630,0.000846,-0.000000,1.188274,0.000286,0.001020,1.188274,0.000279,0.001013,25.004270,25.004625,0.000317,25.004270,25.004612,0.000305,-0.000174,nan,nan,0.000004,0.000000,-0.000007,-0.000007,1.188274,4.788274,3.599998,-0.003925,-0.001013,4.788274,0.000000,20.381243,-0.001818,-0.012344,20.381406,3.600000
400,0.010000,0.000000,0.284868,0.142434,0.019512,0.000774,-0.000059,1.330708,0.000423,0.000954,1.330708,0.000416,0.000947,25.004370,25.004805,0.000315,25.004370,25.004789,0.000302,-0.000180,nan,nan,0.000004,0.000000,-0.000008,-0.000007,1.330708,4.930708,3.599998,-0.003824,-0.000947,4.930708,0.000000,20.988117,-0.001767,-0.012387,20.988274,3.600000
410,0.010000,0.321253,0.000000,0.160626,-0.022004,0.000683,-0.000075,1.491334,0.000568,0.000872,1.491334,0.000559,0.000865,25.004470,25.005004,0.000312,25.004470,25.004986,0.000300,-0.000189,nan,nan,0.000005,0.000000,-0.000009,-0.000007,1.491334,5.091334,3.599998,-0.003672,-0.000865,5.091334,0.000000,21.594995,-0.001688,-0.012237,21.595141,3.600000
420,0.010000,0.000000,0.328840,0.164420,0.022523,0.000543,-0.000181,1.655754,0.000701,0.000684,1.655754,0.000693,0.000678,25.004570,25.005214,0.000310,25.004570,25.005192,0.000298,-0.000140,nan,nan,0.000002,0.000000,-0.000007,-0.000005,1.655754,5.255754,3.599999,-0.003135,-0.000678,5.255754,0.000000,22.201903,-0.001415,-0.010741,22.202008,3.600000
430,0.010000,0.331944,0.337980,0.334962,0.000413,0.000251,-0.000352,1.990716,0.000921,0.000327,1.990716,0.000916,0.000324,25.004670,25.005593,0.000308,25.004670,25.005562,0.000296,-0.000076,nan,nan,0.000001,0.000000,-0.000005,-0.000003,1.990716,5.590716,3.600000,-0.002081,-0.000324,5.590716,0.000000,22.808832,-0.000852,-0.007326,22.808876,3.600000
440,0.010000,0.000000,0.000000,0.000000,0.000000,-0.000178,-0.000479,1.990716,0.000916,-0.000156,1.990716,0.000914,-0.000157,25.004770,25.005662,0.000306,25.004770,25.005633,0.000294,-0.000023,nan,nan,0.000000,0.000000,-0.000001,-0.000001,1.990716,5.590716,3.600000,-0.000351,0.000157,5.590716,0.000000,23.415741,0.000027,-0.001268,23.415743,3.600000
450,0.010000,0.360569,0.345567,0.353068,-0.001028,-0.000678,-0.000559,2.343784,0.000859,-0.000716,2.343784,0.000862,-0.000714,25.004870,25.006095,0.000304,25.004870,25.006055,0.000292,0.000038,nan,nan,0.000000,-0.000000,0.000003,0.000001,2.343784,5.943784,3.600000,0.001710,0.000714,5.943784,0.000000,24.022560,0.001093,0.006339,24.022610,3.600000
460,0.010000,0.000000,0.000000,0.000000,0.000000,-0.001247,-0.000634,2.343784,0.000862,-0.001348,2.343784,0.000869,-0.001344,25.004970,25.006155,0.000302,25.004970,25.006117,0.000291,0.000102,nan,nan,0.000001,-0.000000,0.000007,0.000004,2.343784,5.943784,3.599998,0.003971,0.001344,5.943784,0.000000,24.629242,0.002310,0.015092,24.629478,3.600000
470,0.010000,0.374364,0.435062,0.404713,0.004157,-0.001813,-0.000586,2.748497,0.000325,-0.001930,2.748497,0.000334,-0.001926,25.005070,25.006688,0.000301,25.005070,25.006636,0.000289,0.000117,nan,nan,0.000002,-0.000000,0.000009,0.000004,2.748497,6.348497,3.599994,0.006599,0.001926,6.348497,0.000000,25.235737,0.003635,0.025697,25.236345,3.600000
480,0.010000,0.000000,0.000000,0.000000,0.000000,-0.002266,-0.000463,2.748497,0.000334,-0.002389,2.748497,0.000344,-0.002385,25.005170,25.006736,0.000299,25.005170,25.006688,0.000288,0.000123,nan,nan,0.000002,-0.000000,0.000010,0.000005,2.748497,6.348497,3.599991,0.008240,0.002385,6.348497,0.000000,25.842246,0.004584,0.032863,25.843212,3.600000
490,0.010000,0.444029,0.448513,0.446271,0.000307,-0.002710,-0.000447,3.194766,-0.000720,-0.002832,3.194766,-0.000709,-0.002827,25.005270,25.007374,0.000298,25.005270,25.007308,0.000287,0.000122,nan,nan,0.000002,0.000000,0.000011,0.000005,3.194766,6.794766,3.599984,0.010888,0.002827,6.794766,0.000000,26.448445,0.005873,0.044438,26.450080,3.600000
500,0.010000,0.000000,0.000000,0.000000,0.000000,-0.003076,-0.000373,3.194766,-0.000709,-0.003200,3.194766,-0.000698,-0.003196,25.005370,25.007408,0.000297,25.005370,25.007347,0.000286,0.000124,nan,nan,0.000002,0.000000,0.000011,0.000005,3.194766,6.794766,3.599979,0.012202,0.003196,6.794766,0.000000,27.054839,0.006696,0.050945,27.056947,3.600000
510,0.010000,0.539560,0.497140,0.518350,-0.002905,-0.003448,-0.000405,3.713114,-0.002355,-0.003600,3.713114,-0.002339,-0.003595,25.005470,25.008216,0.000296,25.005470,25.008132,0.000284,0.000152,nan,nan,0.000003,0.000000,0.000016,0.000006,3.713114,7.313114,3.599968,0.015280,0.003595,7.313114,0.000000,27.660588,0.008165,0.065222,27.663814,3.600000
520,0.010000,0.000000,0.000000,0.000000,0.000000,-0.003898,-0.000431,3.713114,-0.002339,-0.004026,3.713114,-0.002326,-0.004021,25.005570,25.008232,0.000294,25.005570,25.008153,0.000283,0.000128,nan,nan,0.000002,0.000000,0.000013,0.000005,3.713114,7.313114,3.599962,0.016803,0.004021,7.313114,0.000000,28.266667,0.009161,0.073296,28.270682,3.600000
530,0.010000,0.503176,0.513694,0.508435,0.000720,-0.004298,-0.000447,4.221545,-0.004371,-0.004469,4.221545,-0.004351,-0.004462,25.005670,25.009095,0.000293,25.005670,25.008993,0.000283,0.000171,nan,nan,0.000004,0.000000,0.000019,0.000006,4.221545,7.821545,3.599945,0.020416,0.004462,7.821545,0.000000,28.871701,0.010936,0.090963,28.877549,3.600000
540,0.010000,0.000000,0.000000,0.000000,0.000000,-0.004847,-0.000341,4.221545,-0.004351,-0.004803,4.221545,-0.004356,-0.004805,25.005770,25.009093,0.000293,25.005770,25.008998,0.000282,-0.000043,nan,nan,0.000000,-0.000000,-0.000005,-0.000002,4.221545,7.821545,3.599938,0.021654,0.004805,7.821545,0.000000,29.477663,0.011820,0.098502,29.484416,3.600000
550,0.010000,0.589567,0.529041,0.559304,-0.004146,-0.005283,-0.000320,4.780843,-0.007043,-0.005124,4.780843,-0.007063,-0.005130,25.005870,25.010119,0.000292,25.005870,25.009994,0.000281,-0.000159,nan,nan,0.000003,-0.000000,-0.000020,-0.000006,4.780843,8.380843,3.599916,0.025533,0.005130,8.380843,0.000000,30.082014,0.013689,0.118529,30.091284,3.600000
560,0.010000,0.000000,0.000000,0.000000,0.000000,-0.005513,-0.000336,4.780843,-0.007063,-0.005466,4.780843,-0.007069,-0.005468,25.005970,25.010094,0.000291,25.005970,25.009979,0.000280,-0.000047,nan,nan,0.000000,-0.000000,-0.000006,-0.000002,4.780843,8.380843,3.599908,0.026753,0.005468,8.380843,0.000000,30.687714,0.014619,0.126694,30.698151,3.600000
570,0.010000,0.551803,0.559218,0.555511,0.000508,-0.005843,-0.000314,5.336345,-0.010106,-0.005782,5.336345,-0.010115,-0.005784,25.006070,25.011187,0.000290,25.006070,25.011041,0.000280,-0.000061,nan,nan,0.000000,-0.000000,-0.000008,-0.000002,5.336345,8.936345,3.599881,0.030938,0.005784,8.936345,0.000000,31.291153,0.016695,0.149394,31.305018,3.600000
580,0.010000,0.000000,0.000000,0.000000,0.000000,-0.005982,-0.000261,5.336345,-0.010115,-0.006045,5.336345,-0.010107,-0.006043,25.006170,25.011141,0.000290,25.006170,25.011004,0.000279,0.000063,nan,nan,0.000001,0.000000,0.000008,0.000002,5.336345,8.936345,3.599873,0.031861,0.006043,8.936345,0.000000,31.896837,0.017501,0.156829,31.911886,3.600000
590,0.010000,0.551631,0.533525,0.542578,-0.001240,-0.006173,-0.000202,5.878913,-0.013385,-0.006245,5.878913,-0.013375,-0.006243,25.006270,25.012270,0.000289,25.006270,25.012102,0.000278,0.000073,nan,nan,0.000001,0.000000,0.000011,0.000003,5.878913,9.478913,3.599846,0.035848,0.006243,9.478913,0.000000,32.499767,0.019502,0.179790,32.518753,3.600000
600,0.010000,0.000000,0.000000,0.000000,0.000000,-0.006243,-0.000096,5.878913,-0.013375,-0.006338,5.878913,-0.013361,-0.006335,25.006370,25.012202,0.000288,25.006370,25.012047,0.000278,0.000095,nan,nan,0.000001,0.000000,0.000013,0.000003,5.878913,9.478913,3.599843,0.036167,0.006335,9.478913,0.000000,33.105906,0.019977,0.184774,33.125621,3.600000
610,0.010000,0.548527,0.540940,0.544733,-0.000520,-0.006291,-0.000000,6.423636,-0.016812,-0.006335,6.423636,-0.016805,-0.006333,25.006470,25.013391,0.000288,25.006470,25.013203,0.000277,0.000044,nan,nan,0.000000,0.000000,0.000007,0.000002,6.423636,10.023636,3.599821,0.039605,0.006333,10.023636,0.000000,33.708903,0.021675,0.206025,33.732488,3.600000
620,0.010000,0.000000,0.000000,0.000000,0.000000,-0.006376,-0.000000,6.423636,-0.016805,-0.006333,6.423636,-0.016812,-0.006335,25.006570,25.013303,0.000287,25.006570,25.013129,0.000277,-0.000043,nan,nan,0.000000,-0.000000,-0.000006,-0.000002,6.423636,10.023636,3.599821,0.039617,0.006335,10.023636,0.000000,34.315331,0.021978,0.209795,34.339355,3.600000
630,0.010000,0.603190,0.575945,0.589567,-0.001866,-0.006461,-0.000101,7.013191,-0.020547,-0.006436,7.013191,-0.020551,-0.006437,25.006670,25.014658,0.000287,25.006670,25.014446,0.000276,-0.000024,nan,nan,0.000000,-0.000000,-0.000004,-0.000001,7.013191,10.613191,3.599793,0.043723,0.006437,10.613191,0.000000,34.916916,0.024126,0.235600,34.946223,3.600000
640,0.010000,0.000000,0.000000,0.000000,0.000000,-0.006549,-0.000085,7.013191,-0.020551,-0.006522,7.013191,-0.020555,-0.006523,25.006770,25.014546,0.000286,25.006770,25.014349,0.000276,-0.000027,nan,nan,0.000000,-0.000000,-0.000004,-0.000001,7.013191,10.613191,3.599789,0.044038,0.006523,10.613191,0.000000,35.522810,0.024662,0.241413,35.553090,3.600000
650,0.010000,0.583532,0.633539,0.608536,0.003425,-0.006609,-0.000000,7.621714,-0.024525,-0.006523,7.621714,-0.024539,-0.006526,25.006870,25.016014,0.000286,25.006870,25.015776,0.000276,-0.000086,nan,nan,0.000001,-0.000000,-0.000015,-0.000003,7.621714,11.221714,3.599763,0.048034,0.006526,11.221714,0.000000,36.123847,0.026773,0.267772,36.159957,3.600000
660,0.010000,0.000000,0.000000,0.000000,0.000000,-0.006633,-0.000075,7.621714,-0.024539,-0.006601,7.621714,-0.024545,-0.006602,25.006970,25.015876,0.000286,25.006970,25.015655,0.000275,-0.000032,nan,nan,0.000000,-0.000000,-0.000005,-0.000001,7.621714,11.221714,3.599760,0.048312,0.006602,11.221714,0.000000,36.729649,0.027321,0.273838,36.766825,3.600000
670,0.010000,0.600259,0.644058,0.622158,0.003000,-0.006727,-0.000091,8.243858,-0.028652,-0.006693,8.243858,-0.028659,-0.006694,25.007070,25.017444,0.000285,25.007070,25.017180,0.000275,-0.000035,nan,nan,0.000000,-0.000000,-0.000006,-0.000001,8.243858,11.843858,3.599728,0.052756,0.006694,11.843858,0.000000,37.329120,0.029802,0.303909,37.373692,3.600000
680,0.010000,0.000000,0.000000,0.000000,0.000000,-0.006928,-0.000256,8.243858,-0.028659,-0.006950,8.243858,-0.028655,-0.006949,25.007170,25.017280,0.000285,25.007170,25.017034,0.000275,0.000022,nan,nan,0.000000,0.000000,0.000004,0.000001,8.243858,11.843858,3.599714,0.053670,0.006949,11.843858,0.000000,37.933553,0.030832,0.314179,37.980559,3.600000
690,0.010000,0.671303,0.635091,0.653197,-0.002480,-0.007119,-0.000240,8.897040,-0.033194,-0.007188,8.897040,-0.033180,-0.007186,25.007270,25.019003,0.000285,25.007270,25.018710,0.000274,0.000070,nan,nan,0.000001,0.000000,0.000013,0.000003,8.897040,12.497040,3.599669,0.059049,0.007186,12.497040,0.000000,38.530102,0.033981,0.351104,38.587427,3.600000
700,0.010000,0.000000,0.000000,0.000000,0.000000,-0.007251,-0.000112,8.897040,-0.033180,-0.007298,8.897040,-0.033172,-0.007296,25.007370,25.018810,0.000284,25.007370,25.018538,0.000274,0.000047,nan,nan,0.000000,0.000000,0.000009,0.000002,8.897040,12.497040,3.599662,0.059436,0.007296,12.497040,0.000000,39.135238,0.034700,0.358960,39.194294,3.600000
710,0.010000,0.688030,0.647162,0.667596,-0.002799,-0.007642,-0.000336,9.564618,-0.038042,-0.007632,9.564618,-0.038044,-0.007632,25.007470,25.020646,0.000284,25.007470,25.020323,0.000274,-0.000011,nan,nan,0.000000,-0.000000,-0.000002,-0.000000,9.564618,13.164618,3.599605,0.065519,0.007632,13.164618,0.000000,39.728771,0.038394,0.401693,39.801161,3.600000
720,0.010000,0.000000,0.000000,0.000000,0.000000,-0.008171,-0.000511,9.564618,-0.038044,-0.008143,9.564618,-0.038050,-0.008144,25.007570,25.020423,0.000284,25.007570,25.020123,0.000274,-0.000028,nan,nan,0.000000,-0.000000,-0.000005,-0.000001,9.564618,13.164618,3.599571,0.067368,0.008144,13.164618,0.000000,40.329990,0.040221,0.419284,40.408029,3.600000
730,0.010000,0.736657,0.695617,0.716137,-0.002811,-0.008427,-0.000261,10.280731,-0.043882,-0.008405,10.280731,-0.043887,-0.008406,25.007670,25.022487,0.000284,25.007670,25.022130,0.000273,-0.000022,nan,nan,0.000000,-0.000000,-0.000005,-0.000001,10.280731,13.880731,3.599504,0.074147,0.008406,13.880731,0.000000,40.919692,0.044351,0.468223,41.014896,3.600000
740,0.010000,0.000000,0.000000,0.000000,0.000000,-0.008802,-0.000415,10.280731,-0.043887,-0.008822,10.280731,-0.043883,-0.008821,25.007770,25.022230,0.000283,25.007770,25.021897,0.000273,0.000019,nan,nan,0.000000,0.000000,0.000004,0.000001,10.280731,13.880731,3.599473,0.075636,0.008821,13.880731,0.000000,41.520920,0.046005,0.484644,41.621763,3.600000
750,0.010000,0.707688,0.704756,0.706222,-0.000201,-0.009271,-0.000421,10.986926,-0.050113,-0.009242,10.986926,-0.050119,-0.009243,25.007870,25.024337,0.000283,25.007870,25.023947,0.000273,-0.000029,nan,nan,0.000000,-0.000000,-0.000006,-0.000001,10.986926,14.586926,3.599383,0.083390,0.009243,14.586926,0.000000,42.105019,0.050927,0.541845,42.228631,3.600000
760,0.010000,0.000000,0.000000,0.000000,0.000000,-0.009531,-0.000128,10.986926,-0.050119,-0.009371,10.986925,-0.050153,-0.009376,25.007970,25.024047,0.000283,25.007970,25.023685,0.000273,-0.000160,nan,nan,0.000003,-0.000000,-0.000034,-0.000006,10.986926,14.586926,3.599372,0.083906,0.009376,14.586926,0.000000,42.708451,0.051929,0.553006,42.835498,3.600000
770,0.010000,0.769938,0.780457,0.775197,0.000720,-0.009503,0.000101,11.762089,-0.057422,-0.009275,11.762088,-0.057475,-0.009283,25.008071,25.026475,0.000283,25.008071,25.026045,0.000273,-0.000227,nan,nan,0.000007,-0.000000,-0.000053,-0.000008,11.762088,15.362088,3.599311,0.090892,0.009283,15.362088,0.000000,43.292566,0.056192,0.607244,43.442365,3.600000
780,0.010000,0.000000,0.000000,0.000000,0.000000,-0.009451,-0.000000,11.762088,-0.057475,-0.009283,11.762088,-0.057513,-0.009289,25.008171,25.026145,0.000283,25.008171,25.025746,0.000273,-0.000168,nan,nan,0.000004,-0.000000,-0.000038,-0.000006,11.762088,15.362088,3.599311,0.090951,0.009289,15.362088,0.000000,43.897143,0.056907,0.616126,44.049233,3.600000
790,0.010000,0.798735,0.750280,0.774508,-0.003319,-0.009768,-0.000293,12.536562,-0.064707,-0.009582,12.536562,-0.064752,-0.009589,25.008271,25.028660,0.000283,25.008271,25.028191,0.000272,-0.000186,nan,nan,0.000004,-0.000000,-0.000045,-0.000007,12.536562,16.136562,3.599214,0.099269,0.009589,16.136562,0.000000,44.473407,0.062367,0.681302,44.656100,3.600000
800,0.010000,0.000000,0.000000,0.000000,0.000000,-0.009787,-0.000064,12.536562,-0.064752,-0.009653,12.536562,-0.064784,-0.009658,25.008371,25.028291,0.000282,25.008371,25.027855,0.000272,-0.000134,nan,nan,0.000002,-0.000000,-0.000031,-0.000005,12.536562,16.136562,3.599207,0.099548,0.009658,16.136562,0.000000,44.630385,0.062769,0.685627,44.814819,3.600000
810,0.010000,0.801839,0.839603,0.820721,0.002587,-0.009555,0.000165,13.357245,-0.072710,-0.009493,13.357245,-0.072726,-0.009495,25.008471,25.031072,0.000282,25.008471,25.030559,0.000272,-0.000062,nan,nan,0.000000,-0.000000,-0.000016,-0.000002,13.357245,16.957245,3.599147,0.106903,0.009495,16.957245,0.000000,44.603650,0.066653,0.735845,44.814819,3.600000
820,0.010000,0.000000,0.000000,0.000000,0.000000,-0.009385,0.000085,13.357245,-0.072726,-0.009410,13.357245,-0.072720,-0.009409,25.008571,25.030659,0.000282,25.008571,25.030182,0.000272,0.000025,nan,nan,0.000000,0.000000,0.000006,0.000001,13.357245,16.957245,3.599156,0.106587,0.009409,16.957245,0.000000,44.604979,0.066410,0.733692,44.814819,3.600000
830,0.010000,0.778905,0.801839,0.790372,0.001571,-0.009372,-0.000117,14.147582,-0.080156,-0.009526,14.147582,-0.080115,-0.009520,25.008671,25.033407,0.000282,25.008671,25.032855,0.000272,0.000154,nan,nan,0.000003,0.000000,0.000041,0.000006,14.147582,17.747582,3.599074,0.114384,0.009520,17.747582,0.000000,44.574229,0.070752,0.786820,44.814819,3.600000
840,0.010000,0.000000,0.000000,0.000000,0.000000,-0.009732,-0.000330,14.147582,-0.080115,-0.009851,14.147582,-0.080085,-0.009846,25.008771,25.032955,0.000282,25.008771,25.032443,0.000272,0.000119,nan,nan,0.000002,0.000000,0.000030,0.000004,14.147582,17.747582,3.599037,0.115527,0.009846,17.747582,0.000000,44.569063,0.071641,0.794590,44.814819,3.600000
850,0.010000,0.835120,0.800115,0.817617,-0.002398,-0.010116,-0.000357,14.965160,-0.088135,-0.010203,14.965160,-0.088111,-0.010200,25.008871,25.035893,0.000282,25.008871,25.035301,0.000272,0.000088,nan,nan,0.000001,0.000000,0.000024,0.000003,14.965160,18.565160,3.598914,0.124826,0.010200,18.565160,0.000000,44.528895,0.076986,0.857775,44.814819,3.600000
860,0.010000,0.000000,0.000000,0.000000,0.000000,-0.010775,-0.000538,14.965160,-0.088111,-0.010738,14.965160,-0.088121,-0.010739,25.008971,25.035401,0.000282,25.008971,25.034851,0.000272,-0.000037,nan,nan,0.000000,-0.000000,-0.000010,-0.000001,14.965160,18.565160,3.598846,0.126777,0.010739,18.565160,0.000000,44.519305,0.078486,0.870991,44.814819,3.600000
870,0.010000,0.860813,0.877540,0.869176,0.001146,-0.011410,-0.000671,15.834286,-0.097455,-0.011410,15.834286,-0.097455,-0.011410,25.009071,25.038647,0.000282,25.009071,25.038008,0.000272,0.000001,nan,nan,0.000000,0.000000,0.000000,0.000000,15.834286,19.434286,3.598654,0.138526,0.011410,19.434286,0.000000,44.463033,0.085397,0.950504,44.814819,3.600000
880,0.010000,0.000000,0.000000,0.000000,0.000000,-0.012222,-0.000708,15.834286,-0.097455,-0.012119,15.834286,-0.097483,-0.012123,25.009171,25.038108,0.000282,25.009171,25.037514,0.000272,-0.000103,nan,nan,0.000001,-0.000000,-0.000028,-0.000004,15.834286,19.434286,3.598554,0.141116,0.012123,19.434286,0.000000,44.448908,0.087378,0.967974,44.814819,3.600000
890,0.010000,0.969967,0.906337,0.938152,-0.004358,-0.012875,-0.000623,16.772369,-0.108856,-0.012746,16.772369,-0.108894,-0.012750,25.009272,25.041768,0.000282,25.009272,25.041072,0.000272,-0.000130,nan,nan,0.000002,-0.000000,-0.000039,-0.000005,16.772369,20.372369,3.598319,0.154786,0.012750,20.372369,0.000000,44.376429,0.095256,1.060007,44.814819,3.600000
900,0.010000,0.000000,0.000000,0.000000,0.000000,-0.013402,-0.000639,16.772369,-0.108894,-0.013390,16.772369,-0.108898,-0.013390,25.009372,25.041172,0.000282,25.009372,25.040525,0.000272,-0.000013,nan,nan,0.000000,-0.000000,-0.000004,-0.000000,16.772369,20.372369,3.598219,0.157091,0.013390,20.372369,0.000000,44.362458,0.097016,1.075454,44.814819,3.600000
910,0.010000,0.921512,0.879092,0.900302,-0.002905,-0.014037,-0.000698,17.672590,-0.120953,-0.014088,17.672590,-0.120937,-0.014086,25.009472,25.044766,0.000282,25.009472,25.044022,0.000271,0.000051,nan,nan,0.000000,0.000000,0.000016,0.000002,17.672590,21.272590,3.597939,0.171633,0.014086,21.272590,0.000000,44.277094,0.105371,1.172750,44.814819,3.600000
920,0.010000,0.000000,0.000000,0.000000,0.000000,-0.014285,-0.000373,17.672590,-0.120937,-0.014459,17.672590,-0.120886,-0.014453,25.009572,25.044122,0.000281,25.009572,25.043430,0.000271,0.000174,nan,nan,0.000004,0.000000,0.000052,0.000006,17.672590,21.272590,3.597877,0.172901,0.014453,21.272590,0.000000,44.268618,0.106346,1.181184,44.814819,3.600000
930,0.010000,0.969967,0.969967,0.969967,0.000000,-0.014408,-0.000325,18.642456,-0.134904,-0.014778,18.642457,-0.134786,-0.014764,25.009673,25.048153,0.000281,25.009673,25.047350,0.000271,0.000370,nan,nan,0.000017,0.000001,0.000118,0.000013,18.642457,22.242457,3.597618,0.187921,0.014764,22.242457,0.000000,44.173264,0.114589,1.281030,44.814819,3.600000
940,0.010000,0.000000,0.000000,0.000000,0.000000,-0.014890,-0.000394,18.642457,-0.134786,-0.015159,18.642457,-0.134703,-0.015149,25.009773,25.047450,0.000281,25.009773,25.046704,0.000271,0.000268,nan,nan,0.000009,0.000001,0.000083,0.000010,18.642457,22.242457,3.597546,0.189222,0.015149,22.242457,0.000000,44.163802,0.115592,1.289623,44.814819,3.600000
950,0.010000,0.974450,0.941169,0.957810,-0.002279,-0.015209,-0.000277,19.600157,-0.149212,-0.015426,19.600158,-0.149141,-0.015418,25.009873,25.051532,0.000281,25.009873,25.050676,0.000271,0.000217,nan,nan,0.000006,0.000001,0.000072,0.000008,19.600158,23.200158,3.597273,0.204626,0.015418,23.200158,0.000000,44.057737,0.123944,1.391262,44.814819,3.600000
960,0.010000,0.000000,0.000000,0.000000,0.000000,-0.015550,-0.000330,19.600158,-0.149141,-0.015748,19.600159,-0.149078,-0.015741,25.009973,25.050776,0.000281,25.009973,25.049979,0.000271,0.000199,nan,nan,0.000005,0.000001,0.000063,0.000007,19.600159,23.200159,3.597207,0.205726,0.015741,23.200159,0.000000,44.049122,0.124785,1.398462,44.814819,3.600000
970,0.010000,0.930651,0.941169,0.935910,0.000720,-0.015979,-0.000357,20.535953,-0.163810,-0.016098,20.535953,-0.163769,-0.016094,25.010074,25.054839,0.000281,25.010074,25.053934,0.000271,0.000119,nan,nan,0.000002,0.000000,0.000040,0.000004,20.535953,24.135953,3.596898,0.221684,0.016094,24.135953,0.000000,43.880037,0.133290,1.501157,44.763469,3.600000
980,0.010000,0.000000,0.000000,0.000000,0.000000,-0.016220,-0.000154,20.535953,-0.163769,-0.016248,20.535953,-0.163760,-0.016247,25.010174,25.054034,0.000281,25.010174,25.053193,0.000271,0.000028,nan,nan,0.000000,0.000000,0.000009,0.000001,20.535953,24.135953,3.596864,0.222227,0.016247,24.135953,0.000000,43.875499,0.133697,1.504676,44.763469,3.600000
990,0.010000,0.898750,0.977554,0.938152,0.005398,-0.016124,-0.000096,21.473981,-0.179002,-0.016343,21.473982,-0.178926,-0.016335,25.010274,25.058190,0.000281,25.010274,25.057239,0.000271,0.000219,nan,nan,0.000006,0.000001,0.000076,0.000008,21.473982,25.073982,3.596597,0.237707,0.016335,25.073982,0.000000,42.789349,0.138967,1.569650,43.777485,3.600000
1000,0.010000,0.000000,0.000000,0.000000,0.000000,-0.015966,0.000075,21.473982,-0.178926,-0.016261,21.473983,-0.178827,-0.016250,25.010374,25.057339,0.000281,25.010374,25.056455,0.000271,0.000295,nan,nan,0.000011,0.000001,0.000099,0.000011,21.473983,25.073983,3.596619,0.237302,0.016250,25.073983,0.000000,42.692392,0.138399,1.563425,43.674784,3.600000
1010,0.010000,0.991177,0.941169,0.966173,-0.003425,-0.015711,0.000266,22.440029,-0.194527,-0.015984,22.440030,-0.194430,-0.015974,25.010475,25.061726,0.000281,25.010475,25.060726,0.000271,0.000273,nan,nan,0.000009,0.000001,0.000097,0.000010,22.440030,26.040030,3.596435,0.251910,0.015974,26.040030,0.000000,41.658084,0.142656,1.619458,42.735130,3.600000
1020,0.010000,0.000000,0.000000,0.000000,0.000000,-0.015328,0.000410,22.440030,-0.194430,-0.015564,22.440031,-0.194348,-0.015556,25.010575,25.060826,0.000281,25.010575,25.059896,0.000271,0.000236,nan,nan,0.000007,0.000001,0.000081,0.000008,22.440031,26.040031,3.596541,0.250323,0.015556,26.040031,0.000000,41.471735,0.140920,1.602059,42.529728,3.600000
1030,0.010000,0.906337,0.938066,0.922201,0.002173,-0.014776,0.000490,23.362121,-0.208693,-0.015066,23.362122,-0.208588,-0.015055,25.010676,25.065041,0.000281,25.010676,25.064003,0.000271,0.000290,nan,nan,0.000011,0.000001,0.000105,0.000010,23.362122,26.962122,3.596452,0.262762,0.015055,26.962122,0.000000,40.578255,0.143980,1.645436,41.715940,3.600000
1040,0.010000,0.000000,0.000000,0.000000,0.000000,-0.014115,0.000804,23.362122,-0.208588,-0.014251,23.362122,-0.208541,-0.014246,25.010776,25.064103,0.000281,25.010776,25.063137,0.000271,0.000136,nan,nan,0.000002,0.000001,0.000048,0.000005,23.362122,26.962122,3.596664,0.259804,0.014246,26.962122,0.000000,40.304523,0.140957,1.615939,41.407839,3.600000
1050,0.010000,0.976002,1.023078,0.999540,0.003224,-0.012943,0.001156,24.361561,-0.222780,-0.013090,24.361562,-0.222725,-0.013085,25.010877,25.068826,0.000281,25.010876,25.067735,0.000271,0.000147,nan,nan,0.000003,0.000001,0.000055,0.000005,24.361562,27.961562,3.596778,0.269811,0.013085,27.961562,0.000000,39.421946,0.142044,1.641433,40.582387,3.600000
1060,0.010000,0.000000,0.000000,0.000000,0.000000,-0.011661,0.001321,24.361562,-0.222725,-0.011764,24.361562,-0.222688,-0.011760,25.010976,25.067835,0.000281,25.010976,25.066822,0.000271,0.000103,nan,nan,0.000001,0.000000,0.000037,0.000004,24.361562,27.961562,3.597132,0.265010,0.011760,27.961562,0.000000,39.064192,0.137451,1.597591,40.171584,3.600000
1070,0.010000,1.059290,0.945653,1.002471,-0.007783,-0.010264,0.001534,25.363964,-0.234478,-0.010226,25.363964,-0.234492,-0.010228,25.011077,25.072659,0.000281,25.011077,25.071519,0.000271,-0.000038,nan,nan,0.000000,-0.000000,-0.000014,-0.000001,25.361562,28.961562,3.595012,0.271275,0.010228,28.961562,0.000000,38.279422,0.136587,1.602505,39.413634,3.600000
1080,0.010000,0.000000,0.000000,0.000000,0.000000,-0.008735,0.001475,25.363964,-0.234492,-0.008752,25.363964,-0.234486,-0.008752,25.011177,25.071619,0.000281,25.011177,25.070558,0.000271,0.000017,nan,nan,0.000000,0.000000,0.000006,0.000001,25.363964,28.963964,3.597810,0.265983,0.008752,28.963964,0.000000,37.869779,0.131531,1.554430,38.946813,3.600000
1090,0.010000,0.925995,0.971519,0.948757,0.003118,-0.007211,0.001598,26.312684,-0.242789,-0.007154,26.312684,-0.242811,-0.007156,25.011277,25.076192,0.000281,25.011277,25.075015,0.000271,-0.000057,nan,nan,0.000000,-0.000000,-0.000022,-0.000002,26.312684,29.912684,3.598170,0.268566,0.007156,29.912684,0.000000,37.196154,0.129196,1.541606,38.272826,3.600000
1100,0.010000,0.000000,0.000000,0.000000,0.000000,-0.005688,0.001587,26.312684,-0.242811,-0.005569,26.312684,-0.242855,-0.005573,25.011377,25.075115,0.000281,25.011377,25.074021,0.000271,-0.000120,nan,nan,0.000002,-0.000001,-0.000045,-0.000004,26.312684,29.912684,3.598591,0.262914,0.005573,29.912684,0.000000,36.836724,0.124136,1.494581,37.857356,3.600000
1110,0.010000,0.891162,0.944101,0.917632,0.003626,-0.004188,0.001396,27.230301,-0.247969,-0.004177,27.230301,-0.247973,-0.004178,25.011477,25.079546,0.000281,25.011477,25.078342,0.000271,-0.000011,nan,nan,0.000000,-0.000000,-0.000004,-0.000000,27.230301,30.830301,3.598933,0.263011,0.004178,30.830301,0.000000,36.135940,0.120761,1.466689,37.136984,3.600000
1120,0.010000,0.000000,0.000000,0.000000,0.000000,-0.002784,0.001380,27.230301,-0.247973,-0.002798,27.230301,-0.247968,-0.002798,25.011577,25.078442,0.000281,25.011577,25.077323,0.000271,0.000014,nan,nan,0.000000,0.000000,0.000005,0.000001,27.230301,30.830301,3.599292,0.258039,0.002798,30.830301,0.000000,35.768357,0.116240,1.424323,36.721513,3.600000
1130,0.010000,0.888231,0.900302,0.894266,0.000827,-0.001283,0.001454,28.124564,-0.250470,-0.001343,28.124564,-0.250446,-0.001341,25.011677,25.082762,0.000281,25.011677,25.081538,0.000271,0.000061,nan,nan,0.000000,0.000000,0.000024,0.000002,28.124564,31.724564,3.599661,0.255275,0.001341,31.724564,0.000000,35.081017,0.111659,1.381989,35.995556,3.600000
1140,0.010000,0.000000,0.000000,0.000000,0.000000,0.000366,0.001603,28.124564,-0.250446,0.000262,28.124564,-0.250406,0.000266,25.011777,25.081638,0.000281,25.011777,25.080499,0.000271,0.000104,nan,nan,0.000001,0.000000,0.000040,0.000004,28.124564,31.724564,3.600066,0.249450,-0.000266,31.724564,0.000000,34.665892,0.106540,1.334477,35.528735,3.600000
1150,0.010000,0.889610,0.956344,0.922977,0.004571,0.001963,0.001566,29.047542,-0.250161,0.001832,29.047542,-0.250109,0.001836,25.011877,25.086163,0.000281,25.011877,25.084912,0.000271,0.000131,nan,nan,0.000002,0.000001,0.000052,0.000005,29.047542,32.647542,3.600453,0.243498,-0.001836,32.647542,0.000000,33.972260,0.100620,1.276570,34.778174,3.600000
1160,0.010000,0.000000,0.000000,0.000000,0.000000,0.003470,0.001486,29.047542,-0.250109,0.003322,29.047543,-0.250052,0.003328,25.011977,25.085012,0.000281,25.011977,25.083850,0.000271,0.000148,nan,nan,0.000003,0.000001,0.000057,0.000005,29.047543,32.647543,3.600812,0.238071,-0.003328,32.647543,0.000000,33.550050,0.095880,1.232609,34.311353,3.600000
1170,0.010000,0.838051,0.910820,0.874436,0.004984,0.005088,0.001667,29.921974,-0.247143,0.004995,29.921974,-0.247105,0.004998,25.012077,25.089262,0.000281,25.012076,25.087998,0.000271,0.000093,nan,nan,0.000001,0.000000,0.000037,0.000003,29.921974,33.521974,3.601190,0.229109,-0.004998,33.521974,0.000000,32.891971,0.088937,1.162939,33.584093,3.600000
1180,0.010000,0.000000,0.000000,0.000000,0.000000,0.006806,0.001742,29.921974,-0.247105,0.006740,29.921974,-0.247080,0.006742,25.012176,25.088098,0.000281,25.012176,25.086923,0.000271,0.000066,nan,nan,0.000001,0.000000,0.000026,0.000002,29.921974,33.521974,3.601584,0.222802,-0.006742,33.521974,0.000000,32.469831,0.083784,1.116411,33.117272,3.600000
1190,0.010000,0.874608,0.912372,0.893490,0.002587,0.008592,0.001832,30.815444,-0.241056,0.008575,30.815444,-0.241049,0.008575,25.012276,25.092484,0.000281,25.012276,25.091203,0.000271,0.000017,nan,nan,0.000000,0.000000,0.000007,0.000001,30.815444,34.415444,3.601935,0.210170,-0.008575,34.415444,0.000000,31.753104,0.075358,1.029867,32.318411,3.600000
1200,0.010000,0.000000,0.000000,0.000000,0.000000,0.010525,0.001965,30.815444,-0.241049,0.010541,30.815444,-0.241055,0.010540,25.012376,25.091303,0.000281,25.012376,25.090112,0.000271,-0.000015,nan,nan,0.000000,-0.000000,-0.000006,-0.000001,30.815444,34.415444,3.602341,0.203098,-0.010540,34.415444,0.000000,31.378828,0.070036,0.983482,31.902940,3.600000
1210,0.010000,0.910820,0.859434,0.885127,-0.003520,0.012563,0.002099,31.700522,-0.231726,0.012639,31.700522,-0.231756,0.012636,25.012476,25.095655,0.000281,25.012475,25.094360,0.000271,-0.000076,nan,nan,0.000001,-0.000000,-0.000031,-0.000003,31.700522,35.300522,3.602641,0.186249,-0.012636,35.300522,0.000000,30.580412,0.059954,0.878948,31.013643,3.600000
1220,0.010000,0.000000,0.000000,0.000000,0.000000,0.014597,0.001981,31.700522,-0.231756,0.014618,31.700522,-0.231765,0.014617,25.012575,25.094460,0.000281,25.012575,25.093255,0.000271,-0.000021,nan,nan,0.000000,-0.000000,-0.000008,-0.000001,31.700522,35.300522,3.603003,0.179121,-0.014617,35.300522,0.000000,30.198844,0.054795,0.834762,30.598172,3.600000
1230,0.010000,0.813737,0.812358,0.813048,-0.000094,0.016311,0.001625,32.513483,-0.219881,0.016241,32.513483,-0.219853,0.016244,25.012675,25.098365,0.000281,25.012675,25.097073,0.000271,0.000070,nan,nan,0.000001,0.000000,0.000028,0.000002,32.513483,36.113483,3.603096,0.161348,-0.016244,36.113483,0.000000,12.335784,0.011252,0.307154,29.764727,3.600000
1240,0.010000,0.000000,0.000000,0.000000,0.000000,0.017638,0.001246,32.513483,-0.219853,0.017490,32.513483,-0.219795,0.017496,25.012775,25.097173,0.000281,25.012775,25.095971,0.000271,0.000148,nan,nan,0.000003,0.000000,0.000058,0.000005,32.513483,36.113483,3.603294,0.156780,-0.017496,36.113483,0.000000,12.335782,0.009530,0.298458,29.297906,3.600000
1250,0.010000,0.725966,0.786492,0.756229,0.004146,0.018813,0.001193,33.269596,-0.206565,0.018689,33.269597,-0.206515,0.018693,25.012875,25.100714,0.000281,25.012875,25.099437,0.000271,0.000124,nan,nan,0.000002,0.000000,0.000050,0.000004,33.269597,36.869597,3.603231,0.139188,-0.018693,36.869597,0.000000,11.352699,0.004180,0.243851,28.554075,3.600000
1260,0.010000,0.000000,0.000000,0.000000,0.000000,0.020040,0.001230,33.269597,-0.206515,0.019923,33.269597,-0.206469,0.019928,25.012975,25.099537,0.000281,25.012975,25.098349,0.000271,0.000117,nan,nan,0.000002,0.000000,0.000045,0.000004,33.269597,36.869597,3.603399,0.134693,-0.019928,36.869597,0.000000,11.352698,0.002538,0.235978,28.087254,3.600000
1270,0.010000,0.677511,0.741141,0.709326,0.004358,0.021231,0.001198,33.978782,-0.192335,0.021126,33.978782,-0.192293,0.021130,25.013074,25.102770,0.000281,25.013074,25.101517,0.000271,0.000105,nan,nan,0.000001,0.000000,0.000042,0.000004,33.978782,37.578782,3.603259,0.116189,-0.021130,37.578782,0.000000,10.430580,-0.002365,0.187024,27.369871,3.600000
1280,0.010000,0.000000,0.000000,0.000000,0.000000,0.022611,0.001438,33.978782,-0.192293,0.022568,33.978782,-0.192277,0.022570,25.013174,25.101617,0.000281,25.013174,25.100451,0.000271,0.000043,nan,nan,0.000000,0.000000,0.000017,0.000002,33.978782,37.578782,3.603422,0.110984,-0.022570,37.578782,0.000000,10.430579,-0.004215,0.178647,26.954400,3.600000
1290,0.010000,0.718379,0.709240,0.713809,-0.000626,0.024134,0.001561,34.692409,-0.176168,0.024130,34.692409,-0.176166,0.024130,25.013274,25.104861,0.000281,25.013274,25.103629,0.000271,0.000004,nan,nan,0.000000,0.000000,0.000002,0.000000,34.692409,38.292409,3.603202,0.089254,-0.024130,38.292409,0.000000,9.502628,-0.009316,0.130887,26.124043,3.600000
1300,0.010000,0.000000,0.000000,0.000000,0.000000,0.025867,0.001822,34.692409,-0.176166,0.025952,34.692409,-0.176199,0.025949,25.013374,25.103729,0.000281,25.013374,25.102583,0.000271,-0.000085,nan,nan,0.000001,-0.000000,-0.000033,-0.000003,34.692409,38.292409,3.603360,0.082734,-0.025949,38.292409,0.000000,9.502629,-0.011572,0.121325,25.708572,3.600000
1310,0.010000,0.677511,0.680442,0.678977,0.000201,0.027575,0.001641,35.371157,-0.158582,0.027590,35.371157,-0.158588,0.027589,25.013474,25.106741,0.000281,25.013474,25.105536,0.000271,-0.000015,nan,nan,0.000000,0.000000,-0.000006,-0.000001,35.371157,38.971157,3.603005,0.059220,-0.027589,38.971157,0.000000,8.619961,-0.016321,0.078776,24.881192,3.600000
1320,0.010000,0.000000,0.000000,0.000000,0.000000,0.029222,0.001683,35.371157,-0.158588,0.029272,35.371158,-0.158607,0.029270,25.013574,25.105636,0.000281,25.013574,25.104516,0.000271,-0.000050,nan,nan,0.000000,0.000000,-0.000019,-0.000002,35.371158,38.971158,3.603100,0.053180,-0.029270,38.971158,0.000000,8.619962,-0.018342,0.070743,24.465721,3.600000
1330,0.010000,0.592499,0.659405,0.625952,0.004583,0.031078,0.001896,35.996841,-0.140287,0.031167,35.996841,-0.140321,0.031163,25.013675,25.108308,0.000281,25.013674,25.107139,0.000271,-0.000088,nan,nan,0.000001,0.000000,-0.000034,-0.000003,35.996841,39.596841,3.602624,0.028083,-0.031163,39.596841,0.000000,7.806238,-0.022848,0.033830,23.677695,3.600000
1340,0.010000,0.000000,0.000000,0.000000,0.000000,0.032839,0.001710,35.996841,-0.140321,0.032873,35.996841,-0.140334,0.032872,25.013774,25.107239,0.000281,25.013774,25.106152,0.000271,-0.000034,nan,nan,0.000000,0.000000,-0.000013,-0.000001,35.996841,39.596841,3.602667,0.021940,-0.032872,39.596841,0.000000,7.806238,-0.024841,0.026431,23.262224,3.600000
1350,0.010000,0.510763,0.569737,0.540250,0.004039,0.034483,0.001593,36.536799,-0.122578,0.034465,36.536799,-0.122571,0.034465,25.013875,25.109379,0.000281,25.013875,25.108261,0.000271,0.000018,nan,nan,0.000000,-0.000000,0.000007,0.000001,36.536799,40.136799,3.602086,-0.001552,-0.034465,40.136799,0.000000,7.103948,-0.028398,-0.001701,22.587513,3.600000
1360,0.010000,0.000000,0.000000,0.000000,0.000000,0.035760,0.001119,36.536799,-0.122571,0.035584,36.536799,-0.122507,0.035590,25.013975,25.108361,0.000281,25.013975,25.107320,0.000271,0.000177,nan,nan,0.000004,-0.000000,0.000064,0.000006,36.536799,40.136799,3.602080,-0.005668,-0.035590,40.136799,0.000000,7.103947,-0.029681,-0.006214,22.120692,3.600000
1370,0.010000,0.406265,0.413852,0.410059,0.000520,0.036665,0.000858,36.946598,-0.107916,0.036448,36.946598,-0.107837,0.036455,25.014075,25.109729,0.000281,25.014075,25.108682,0.000271,0.000217,nan,nan,0.000006,-0.000000,0.000079,0.000008,36.946598,40.546598,3.601538,-0.023445,-0.036455,40.546598,0.000000,6.570918,-0.031795,-0.023774,21.653871,3.600000
1380,0.010000,0.000000,0.000000,0.000000,0.000000,0.037480,0.000724,36.946598,-0.107837,0.037180,36.946597,-0.107732,0.037191,25.014175,25.108782,0.000281,25.014175,25.107809,0.000271,0.000300,nan,nan,0.000011,-0.000001,0.000105,0.000011,36.946598,40.546598,3.601517,-0.026198,-0.037191,40.546598,0.000000,6.570916,-0.032621,-0.026565,21.238400,3.600000
1390,0.010000,0.287972,0.300043,0.294008,0.000827,0.038022,0.000394,37.240402,-0.096800,0.037585,37.240401,-0.096647,0.037600,25.014275,25.109502,0.000281,25.014275,25.108541,0.000271,0.000437,nan,nan,0.000024,-0.000001,0.000153,0.000016,37.240401,40.840401,3.601089,-0.038750,-0.037600,40.840401,0.000000,6.188755,-0.033793,-0.037008,20.771579,3.600000
1400,0.010000,0.000000,0.000000,0.000000,0.000000,0.038232,0.000133,37.240401,-0.096647,0.037733,37.240400,-0.096479,0.037751,25.014375,25.108641,0.000281,25.014375,25.107748,0.000271,0.000499,nan,nan,0.000032,-0.000001,0.000168,0.000018,37.240401,40.840401,3.601077,-0.039461,-0.037751,40.840401,0.000000,6.188752,-0.033971,-0.037688,20.356109,3.600000
1410,0.010000,0.160540,0.166748,0.163644,0.000425,0.038306,-0.000000,37.403927,-0.090303,0.037751,37.403926,-0.090120,0.037771,25.014476,25.108692,0.000281,25.014476,25.107833,0.000271,0.000554,nan,nan,0.000039,-0.000001,0.000183,0.000020,37.403926,41.003926,3.600835,-0.045887,-0.037771,41.003926,0.000000,5.976045,-0.034358,-0.042319,19.991988,3.600000
1420,0.010000,0.000000,0.000000,0.000000,0.000000,0.038248,-0.000128,37.403926,-0.090120,0.037643,37.403925,-0.089927,0.037665,25.014576,25.107933,0.000281,25.014576,25.107134,0.000271,0.000605,nan,nan,0.000046,-0.000001,0.000193,0.000022,37.403926,41.003926,3.600834,-0.045697,-0.037665,41.003926,0.000000,5.976042,-0.034256,-0.042143,19.679218,3.600000
1430,0.010000,0.083460,0.086392,0.084926,0.000201,0.038165,-0.000085,37.488790,-0.086729,0.037579,37.488789,-0.086548,0.037600,25.014676,25.107646,0.000281,25.014676,25.106889,0.000271,0.000586,nan,nan,0.000044,-0.000001,0.000182,0.000021,37.488789,41.088789,3.600709,-0.048842,-0.037600,41.088789,0.000000,5.865653,-0.034369,-0.044212,19.417798,3.600000
1440,0.010000,0.000000,0.000000,0.000000,0.000000,0.038177,-0.000000,37.488789,-0.086548,0.037600,37.488788,-0.086376,0.037621,25.014776,25.106989,0.000281,25.014776,25.106284,0.000271,0.000576,nan,nan,0.000042,-0.000001,0.000172,0.000021,37.488789,41.088789,3.600703,-0.049089,-0.037621,41.088789,0.000000,5.865651,-0.034404,-0.044435,19.207729,3.600000
1450,0.010000,0.050007,0.043972,0.046989,-0.000413,0.038091,-0.000085,37.535744,-0.084608,0.037536,37.535743,-0.084447,0.037555,25.014876,25.106598,0.000281,25.014876,25.105936,0.000271,0.000555,nan,nan,0.000039,-0.000001,0.000161,0.000020,37.535743,41.135743,3.600632,-0.050780,-0.037555,41.135743,0.000000,5.804572,-0.034434,-0.045487,19.049010,3.600000
1460,0.010000,0.000000,0.000000,0.000000,0.000000,0.037947,-0.000112,37.535743,-0.084447,0.037444,37.535742,-0.084307,0.037461,25.014976,25.106036,0.000281,25.014976,25.105419,0.000271,0.000503,nan,nan,0.000032,-0.000001,0.000141,0.000018,37.535743,41.135743,3.600633,-0.050582,-0.037461,41.135743,0.000000,5.804570,-0.034343,-0.045310,18.941641,3.600000
1470,0.010000,0.028797,0.027245,0.028021,-0.000106,0.037859,-0.000000,37.563743,-0.083257,0.037461,37.563743,-0.083149,0.037476,25.015076,25.105639,0.000281,25.015076,25.105062,0.000271,0.000398,nan,nan,0.000020,-0.000001,0.000108,0.000014,37.563743,41.163743,3.600588,-0.051790,-0.037476,41.163743,0.000000,5.768147,-0.034418,-0.046100,18.885622,3.600000
1480,0.010000,0.000000,0.000000,0.000000,0.000000,0.037721,-0.000069,37.563743,-0.083149,0.037406,37.563742,-0.083067,0.037418,25.015176,25.105162,0.000281,25.015176,25.104625,0.000271,0.000314,nan,nan,0.000013,-0.000001,0.000082,0.000011,37.563743,41.163743,3.600588,-0.051663,-0.037418,41.163743,0.000000,5.768146,-0.034361,-0.045987,18.880954,3.600000
1490,0.010000,0.024141,0.027245,0.025693,0.000213,0.037478,-0.000160,37.589417,-0.082106,0.037258,37.589417,-0.082050,0.037266,25.015276,25.104827,0.000281,25.015276,25.104324,0.000271,0.000221,nan,nan,0.000006,-0.000000,0.000056,0.000008,37.589417,41.189417,3.600558,-0.052132,-0.037266,41.189417,0.000000,5.734750,-0.034249,-0.046136,18.927636,3.600000
1500,0.010000,0.000000,0.000000,0.000000,0.000000,0.037246,-0.000000,37.589417,-0.082050,0.037266,37.589417,-0.082055,0.037265,25.015376,25.104424,0.000281,25.015376,25.103956,0.000271,-0.000020,nan,nan,0.000000,0.000000,-0.000005,-0.000001,37.589417,41.189417,3.600558,-0.052125,-0.037265,41.189417,0.000000,5.734750,-0.034248,-0.046130,19.025669,3.600000
1510,0.010000,0.053111,0.028797,0.040954,-0.001665,0.037477,0.000431,37.630343,-0.080529,0.037696,37.630343,-0.080581,0.037689,25.015476,25.104208,0.000281,25.015476,25.103768,0.000271,-0.000219,nan,nan,0.000006,0.000000,-0.000052,-0.000008,37.630343,41.230343,3.600480,-0.055123,-0.037689,41.230343,0.000000,5.681520,-0.034771,-0.048331,19.175051,3.600000
1520,0.010000,0.000000,0.000000,0.000000,0.000000,0.037524,0.000043,37.630343,-0.080581,0.037731,37.630343,-0.080628,0.037724,25.015576,25.103868,0.000281,25.015576,25.103459,0.000271,-0.000207,nan,nan,0.000005,0.000000,-0.000047,-0.000007,37.630343,41.230343,3.600480,-0.055203,-0.037724,41.230343,0.000000,5.681520,-0.034806,-0.048400,19.375784,3.600000
1530,0.010000,0.056043,0.034833,0.045438,-0.001453,0.037110,-0.000378,37.675749,-0.078915,0.037346,37.675749,-0.078967,0.037337,25.015676,25.103717,0.000281,25.015676,25.103331,0.000271,-0.000236,nan,nan,0.000007,0.000000,-0.000052,-0.000008,37.675749,41.275749,3.600439,-0.055471,-0.037337,41.275749,0.000000,5.622463,-0.034467,-0.048130,19.627868,3.600000
1540,0.010000,0.000000,0.000000,0.000000,0.000000,0.036320,-0.000826,37.675749,-0.078967,0.036512,37.675749,-0.079008,0.036505,25.015776,25.103431,0.000281,25.015776,25.103072,0.000271,-0.000191,nan,nan,0.000005,0.000000,-0.000041,-0.000007,37.675749,41.275749,3.600485,-0.052433,-0.036505,41.275749,0.000000,5.622464,-0.033574,-0.045494,19.931301,3.600000
1550,0.010000,0.039488,0.025866,0.032677,-0.000933,0.035165,-0.001209,37.708405,-0.077815,0.035296,37.708405,-0.077842,0.035291,25.015876,25.103278,0.000281,25.015876,25.102940,0.000271,-0.000131,nan,nan,0.000002,0.000000,-0.000027,-0.000005,37.708405,41.308405,3.600505,-0.049228,-0.035291,41.308405,0.000000,5.579991,-0.032330,-0.042391,20.018673,3.600000
1560,0.010000,0.000000,0.000000,0.000000,0.000000,0.034507,-0.000415,37.708405,-0.077842,0.034876,37.708406,-0.077916,0.034862,25.015976,25.103040,0.000281,25.015976,25.102727,0.000271,-0.000369,nan,nan,0.000017,0.000001,-0.000074,-0.000013,37.708406,41.308406,3.600528,-0.047611,-0.034862,41.308406,0.000000,5.579992,-0.031867,-0.040998,20.018675,3.600000
1570,0.010000,0.002931,0.008967,0.005949,0.000413,0.034728,0.000346,37.714351,-0.077708,0.035209,37.714352,-0.077801,0.035192,25.016076,25.102845,0.000281,25.016075,25.102552,0.000271,-0.000481,nan,nan,0.000029,0.000001,-0.000093,-0.000017,37.714352,41.314352,3.600508,-0.048911,-0.035192,41.314352,0.000000,5.572261,-0.032222,-0.042059,20.004801,3.600000
1580,0.010000,0.000000,0.000000,0.000000,0.000000,0.034728,0.000346,37.714352,-0.077801,0.035538,37.714353,-0.077952,0.035509,25.016175,25.102652,0.000281,25.016175,25.102380,0.000271,-0.000810,nan,nan,0.000083,0.000001,-0.000151,-0.000029,37.714353,41.314353,3.600498,-0.049903,-0.035509,41.314353,0.000000,5.572263,-0.032550,-0.042912,20.004805,3.600000
1590,0.010000,0.003104,0.000000,0.001552,-0.000213,0.035150,0.000431,37.715904,-0.077896,0.035940,37.715905,-0.078038,0.035912,25.016275,25.102484,0.000281,25.016275,25.102231,0.000271,-0.000791,nan,nan,0.000079,0.000001,-0.000142,-0.000028,37.715905,41.315905,3.600481,-0.051268,-0.035912,41.315905,0.000000,5.570247,-0.032974,-0.044070,20.001187,3.600000
1600,0.010000,0.000000,0.000000,0.000000,0.000000,0.035486,0.000357,37.715905,-0.078038,0.036269,37.715906,-0.078174,0.036241,25.016375,25.102331,0.000281,25.016375,25.102095,0.000271,-0.000783,nan,nan,0.000078,0.000001,-0.000135,-0.000028,37.715906,41.315906,3.600469,-0.052317,-0.036241,41.315906,0.000000,5.570249,-0.033316,-0.044972,20.001190,3.600000
1610,0.010000,0.007587,0.003104,0.005346,-0.000307,0.035735,0.000213,37.721248,-0.077980,0.036454,37.721249,-0.078100,0.036429,25.016475,25.102210,0.000281,25.016475,25.101990,0.000271,-0.000719,nan,nan,0.000066,0.000001,-0.000120,-0.000026,37.721249,41.321249,3.600456,-0.053066,-0.036429,41.321249,0.000000,5.563302,-0.033516,-0.045559,19.988714,3.600000
1620,0.010000,0.000000,0.000000,0.000000,0.000000,0.035811,-0.000000,37.721249,-0.078100,0.036429,37.721250,-0.078199,0.036407,25.016575,25.102090,0.000281,25.016575,25.101886,0.000271,-0.000618,nan,nan,0.000048,0.000001,-0.000099,-0.000022,37.721250,41.321250,3.600461,-0.052887,-0.036407,41.321250,0.000000,5.563304,-0.033486,-0.045406,19.988717,3.600000
1630,0.010000,0.018106,0.000000,0.009053,-0.001240,0.035747,-0.000149,37.730297,-0.077870,0.036257,37.730298,-0.077949,0.036239,25.016675,25.102008,0.000281,25.016675,25.101817,0.000271,-0.000511,nan,nan,0.000033,0.000001,-0.000079,-0.000018,37.730298,41.330298,3.600461,-0.052535,-0.036239,41.330298,0.000000,5.551538,-0.033317,-0.045007,19.967568,3.600000
1640,0.010000,0.000000,0.000000,0.000000,0.000000,0.035841,0.000085,37.730298,-0.077949,0.036324,37.730298,-0.078022,0.036307,25.016775,25.101917,0.000281,25.016775,25.101740,0.000271,-0.000483,nan,nan,0.000030,0.000001,-0.000073,-0.000017,37.730298,41.330298,3.600460,-0.052707,-0.036307,41.330298,0.000000,5.551539,-0.033384,-0.045155,19.967570,3.600000
1650,0.010000,0.030349,0.037936,0.034143,0.000520,0.036004,0.000091,37.764419,-0.076782,0.036398,37.764419,-0.076840,0.036384,25.016875,25.101918,0.000281,25.016875,25.101751,0.000271,-0.000394,nan,nan,0.000020,0.000000,-0.000057,-0.000014,37.764419,41.364419,3.600413,-0.054164,-0.036384,41.364419,0.000000,5.507161,-0.033517,-0.046032,19.887602,3.600000
1660,0.010000,0.000000,0.000000,0.000000,0.000000,0.035867,-0.000208,37.764419,-0.076840,0.036176,37.764420,-0.076883,0.036165,25.016975,25.101851,0.000281,25.016975,25.101695,0.000271,-0.000309,nan,nan,0.000012,0.000000,-0.000043,-0.000011,37.764420,41.364420,3.600426,-0.053333,-0.036165,41.364420,0.000000,5.507161,-0.033281,-0.045326,19.887603,3.600000
1670,0.010000,0.065182,0.060526,0.062854,-0.000319,0.035656,-0.000197,37.827232,-0.074611,0.035968,37.827233,-0.074654,0.035957,25.017075,25.101930,0.000281,25.017075,25.101781,0.000271,-0.000312,nan,nan,0.000012,0.000000,-0.000043,-0.000011,37.827233,41.427233,3.600357,-0.054811,-0.035957,41.427233,0.000000,5.425465,-0.033156,-0.045892,19.739540,3.600000
1680,0.010000,0.000000,0.000000,0.000000,0.000000,0.035453,-0.000224,37.827233,-0.074654,0.035733,37.827233,-0.074691,0.035723,25.017175,25.101881,0.000281,25.017175,25.101741,0.000271,-0.000280,nan,nan,0.000010,0.000000,-0.000037,-0.000010,37.827233,41.427233,3.600371,-0.053933,-0.035723,41.427233,0.000000,5.425466,-0.032905,-0.045156,19.739541,3.600000
1690,0.010000,0.139503,0.116741,0.128122,-0.001559,0.035242,-0.000234,37.955273,-0.070115,0.035489,37.955274,-0.070148,0.035480,25.017276,25.102104,0.000281,25.017275,25.101966,0.000271,-0.000246,nan,nan,0.000008,0.000000,-0.000033,-0.000009,37.955274,41.555274,3.600223,-0.057598,-0.035480,41.555274,0.000000,5.258935,-0.032833,-0.046744,19.434234,3.600000
1700,0.010000,0.000000,0.000000,0.000000,0.000000,0.034995,-0.000250,37.955274,-0.070148,0.035230,37.955274,-0.070177,0.035221,25.017375,25.102066,0.000281,25.017375,25.101937,0.000271,-0.000234,nan,nan,0.000007,0.000000,-0.000030,-0.000008,37.955274,41.555274,3.600238,-0.056637,-0.035221,41.555274,0.000000,5.258935,-0.032559,-0.045964,19.434235,3.600000
1710,0.010000,0.151573,0.159161,0.155367,0.000520,0.034890,-0.000064,38.110545,-0.064706,0.035157,38.110545,-0.064741,0.035148,25.017476,25.102345,0.000281,25.017476,25.102215,0.000271,-0.000267,nan,nan,0.000009,0.000000,-0.000034,-0.000010,38.110545,41.710545,3.600052,-0.061806,-0.035148,41.710545,0.000000,5.056992,-0.032680,-0.048233,19.057444,3.600000
1720,0.010000,0.000000,0.000000,0.000000,0.000000,0.034868,-0.000000,38.110545,-0.064741,0.035148,38.110545,-0.064775,0.035138,25.017576,25.102315,0.000281,25.017576,25.102194,0.000271,-0.000280,nan,nan,0.000010,0.000000,-0.000035,-0.000010,38.110545,41.710545,3.600053,-0.061735,-0.035138,41.710545,0.000000,5.056992,-0.032667,-0.048178,19.057444,3.600000
1730,0.010000,0.212099,0.209168,0.210634,-0.000201,0.034891,0.000075,38.321049,-0.057376,0.035213,38.321049,-0.057417,0.035201,25.017676,25.102703,0.000281,25.017676,25.102576,0.000271,-0.000321,nan,nan,0.000013,0.000000,-0.000041,-0.000011,38.321049,41.921049,3.599791,-0.069317,-0.035201,41.921049,0.000000,4.783218,-0.032958,-0.051166,18.534404,3.600000
1740,0.010000,0.000000,0.000000,0.000000,0.000000,0.034946,0.000048,38.321049,-0.057417,0.035249,38.321050,-0.057454,0.035238,25.017776,25.102676,0.000281,25.017776,25.102558,0.000271,-0.000303,nan,nan,0.000012,0.000000,-0.000037,-0.000011,38.321050,41.921050,3.599789,-0.069413,-0.035238,41.921050,0.000000,4.783218,-0.032994,-0.051237,18.534404,3.600000
1750,0.010000,0.216755,0.219687,0.218221,0.000201,0.034816,-0.000053,38.539135,-0.049765,0.035185,38.539136,-0.049812,0.035172,25.017876,25.103076,0.000281,25.017876,25.102952,0.000271,-0.000369,nan,nan,0.000017,0.000001,-0.000046,-0.000013,38.539136,42.139136,3.460475,-0.071919,-0.035172,42.000000,0.000000,4.499589,-0.032836,-0.049939,17.976493,3.600000
10,0.010000,-0.021210,0.015175,-0.003018,0.002492,1.433079,0.001838,39.293797,0.100919,1.433798,39.293796,0.100919,1.433772,25.040568,25.124605,0.000281,25.040568,25.124605,0.000271,-0.000719,nan,nan,0.000066,-0.000000,0.000000,-0.000026,0.000000,3.600000,3.599742,-0.153538,-0.042661,39.937605,3.645948,0.050705,-0.035078,-0.001201,0.051350,3.600000
20,0.010000,0.000000,0.000000,0.000000,0.000000,1.434941,0.001886,39.293796,0.100919,1.435658,39.293796,0.100919,1.435632,25.040668,25.124705,0.000281,25.040668,25.124705,0.000271,-0.000717,nan,nan,0.000065,-0.000000,0.000000,-0.000026,0.000000,3.600000,3.599451,-0.160234,-0.044521,39.937605,3.645948,0.151943,-0.036808,-0.003757,0.154051,3.600000
30,0.010000,-0.015175,0.018278,0.001552,0.002291,1.436857,0.001902,39.294005,0.102457,1.437534,39.294005,0.102457,1.437510,25.040768,25.124805,0.000281,25.040768,25.124805,0.000271,-0.000677,nan,nan,0.000058,-0.000000,0.000000,-0.000024,0.000000,3.600000,3.597591,-0.166989,-0.046398,39.937605,3.645948,0.303527,-0.038672,-0.007822,0.308102,3.600000
40,0.010000,0.000000,0.000000,0.000000,0.000000,1.438379,0.001364,39.294005,0.102457,1.438873,39.294005,0.102457,1.438856,25.040868,25.124905,0.000281,25.040868,25.124905,0.000271,-0.000495,nan,nan,0.000031,-0.000000,0.000000,-0.000018,0.000000,3.600000,3.597363,-0.171831,-0.047744,39.937605,3.645948,0.505435,-0.040223,-0.013403,0.513503,3.600000
50,0.010000,-0.009139,0.008967,-0.000086,0.001240,1.439304,0.000804,39.293993,0.102371,1.439660,39.293993,0.102371,1.439647,25.040968,25.125005,0.000281,25.040968,25.125005,0.000271,-0.000356,nan,nan,0.000016,-0.000000,0.000000,-0.000013,0.000000,3.600000,3.597313,-0.174679,-0.048536,39.937605,3.645948,0.757754,-0.041434,-0.020426,0.770255,3.600000
60,0.010000,0.000000,0.000000,0.000000,0.000000,1.439745,0.000309,39.293993,0.102371,1.439956,39.293993,0.102371,1.439949,25.041068,25.125105,0.000281,25.041068,25.125105,0.000271,-0.000212,nan,nan,0.000006,-0.000000,0.000000,-0.000008,0.000000,3.600000,3.597260,-0.175763,-0.048837,39.937605,3.645948,1.060640,-0.042348,-0.028769,1.078357,3.600000
70,0.010000,0.000000,0.003104,0.001552,0.000213,1.439607,-0.000277,39.294195,0.103910,1.439672,39.294195,0.103910,1.439669,25.041168,25.125205,0.000281,25.041168,25.125205,0.000271,-0.000065,nan,nan,0.000001,-0.000000,0.000000,-0.000002,0.000000,3.600000,3.595757,-0.174759,-0.048558,39.937605,3.645948,1.414453,-0.042869,-0.038146,1.437809,3.600000
80,0.010000,0.000000,0.000000,0.000000,0.000000,1.439058,-0.000618,39.294195,0.103910,1.439052,39.294195,0.103910,1.439052,25.041268,25.125305,0.000281,25.041268,25.125305,0.000271,0.000006,nan,nan,0.000000,0.000000,-0.000000,0.000000,0.000000,3.600000,3.595864,-0.172538,-0.047940,39.937605,3.645948,1.819331,-0.043186,-0.048442,1.848611,3.600000
90,0.010000,0.000000,0.000000,0.000000,0.000000,1.438368,-0.000703,39.294195,0.103910,1.438349,39.294195,0.103910,1.438349,25.041368,25.125405,0.000281,25.041368,25.125405,0.000271,0.000019,nan,nan,0.000000,0.000000,-0.000000,0.000001,0.000000,3.600000,3.595984,-0.170012,-0.047238,39.937605,3.645948,2.275215,-0.043511,-0.059694,2.310764,3.600000
100,0.010000,0.000000,0.000000,0.000000,0.000000,1.437750,-0.000607,39.294195,0.103910,1.437742,39.294195,0.103910,1.437742,25.041468,25.125505,0.000281,25.041468,25.125505,0.000271,0.000008,nan,nan,0.000000,0.000000,-0.000000,0.000000,0.000000,3.600000,3.596087,-0.167830,-0.046631,39.937605,3.645948,2.781913,-0.044001,-0.072050,2.824267,3.600000
110,0.010000,0.000000,0.000000,0.000000,0.000000,1.437279,-0.000410,39.294195,0.103910,1.437332,39.294195,0.103910,1.437330,25.041568,25.125605,0.000281,25.041568,25.125605,0.000271,-0.000053,nan,nan,0.000000,-0.000000,0.000000,-0.000002,0.000000,3.600000,3.596156,-0.166348,-0.046219,39.937605,3.645948,3.339179,-0.044757,-0.085720,3.389121,3.600000
120,0.010000,0.000000,0.000000,0.000000,0.000000,1.437080,-0.000128,39.294195,0.103910,1.437203,39.294195,0.103910,1.437198,25.041668,25.125705,0.000281,25.041668,25.125705,0.000271,-0.000123,nan,nan,0.000002,-0.000000,0.000000,-0.000004,0.000000,3.600000,3.596178,-0.165872,-0.046087,39.937605,3.645948,3.937436,-0.045854,-0.100789,3.995988,3.600000
130,0.010000,0.000000,0.000000,0.000000,0.000000,1.437153,0.000154,39.294195,0.103910,1.437353,39.294195,0.103910,1.437345,25.041768,25.125805,0.000281,25.041768,25.125805,0.000271,-0.000200,nan,nan,0.000005,-0.000000,0.000000,-0.000007,0.000000,3.600000,3.596153,-0.166402,-0.046234,39.937605,3.645948,4.534984,-0.047228,-0.116456,4.602855,3.600000
140,0.010000,0.000000,0.000000,0.000000,0.000000,1.437392,0.000261,39.294195,0.103910,1.437606,39.294195,0.103910,1.437599,25.041868,25.125905,0.000281,25.041868,25.125905,0.000271,-0.000214,nan,nan,0.000006,-0.000000,0.000000,-0.000008,0.000000,3.600000,3.596111,-0.167314,-0.046487,39.937605,3.645948,5.132069,-0.048720,-0.132510,5.209723,3.600000
150,0.010000,0.000000,0.003104,0.001552,0.000213,1.437655,0.000245,39.294401,0.105448,1.437844,39.294401,0.105448,1.437837,25.041968,25.126005,0.000281,25.041968,25.126005,0.000271,-0.000189,nan,nan,0.000005,-0.000000,-0.000000,-0.000007,0.001549,3.601549,3.596067,-0.168242,-0.046726,39.937881,3.647472,5.728956,-0.050214,-0.148743,5.816590,3.600000
160,0.010000,0.000000,0.000000,0.000000,0.000000,1.437871,0.000218,39.294401,0.105448,1.438056,39.294401,0.105448,1.438049,25.042068,25.126105,0.000281,25.042068,25.126105,0.000271,-0.000185,nan,nan,0.000004,-0.000000,-0.000000,-0.000007,0.001549,3.601549,3.596031,-0.169004,-0.046938,39.937881,3.647472,6.325813,-0.051687,-0.164983,6.423457,3.600000
170,0.010000,0.000000,0.000000,0.000000,0.000000,1.437985,0.000064,39.294401,0.105448,1.438113,39.294401,0.105448,1.438108,25.042168,25.126205,0.000281,25.042168,25.126205,0.000271,-0.000128,nan,nan,0.000002,-0.000000,-0.000000,-0.000005,0.001549,3.601549,3.596021,-0.169218,-0.046997,39.937881,3.647472,6.923188,-0.053001,-0.180791,7.030325,3.600000
180,0.010000,-0.002931,0.000000,-0.001466,0.000201,1.437842,-0.000218,39.294207,0.103995,1.437890,39.294207,0.103995,1.437888,25.042268,25.126305,0.000281,25.042268,25.126305,0.000271,-0.000047,nan,nan,0.000000,-0.000000,0.000000,-0.000002,0.001549,3.601549,3.597524,-0.168426,-0.046777,39.937881,3.647472,7.521881,-0.053997,-0.195506,7.637192,3.600000
190,0.010000,0.000000,0.000000,0.000000,0.000000,1.437521,-0.000330,39.294207,0.103995,1.437558,39.294207,0.103995,1.437557,25.042368,25.126405,0.000281,25.042368,25.126405,0.000271,-0.000037,nan,nan,0.000000,-0.000000,0.000000,-0.000001,0.001549,3.601549,3.597579,-0.167233,-0.046445,39.937881,3.647472,8.121321,-0.054852,-0.209592,8.244059,3.600000
200,0.010000,0.001552,0.000000,0.000776,-0.000106,1.437163,-0.000384,39.294310,0.104764,1.437173,39.294310,0.104764,1.437173,25.042468,25.126505,0.000281,25.042468,25.126505,0.000271,-0.000010,nan,nan,0.000000,-0.000000,-0.000000,-0.000000,0.001549,3.601549,3.596867,-0.165852,-0.046061,39.937881,3.647472,8.721295,-0.055628,-0.223217,8.850927,3.600000
210,0.010000,0.000000,0.001380,0.000690,0.000094,1.436770,-0.000362,39.294402,0.105448,1.436811,39.294402,0.105448,1.436809,25.042568,25.126605,0.000281,25.042568,25.126605,0.000271,-0.000040,nan,nan,0.000000,-0.000000,-0.000000,-0.000001,0.001549,3.601549,3.596238,-0.164545,-0.045698,39.937881,3.647472,9.321425,-0.056408,-0.236696,9.457794,3.600000
220,0.010000,0.000000,0.000000,0.000000,0.000000,1.436606,-0.000080,39.294402,0.105448,1.436729,39.294402,0.105448,1.436725,25.042668,25.126705,0.000281,25.042668,25.126705,0.000271,-0.000123,nan,nan,0.000002,-0.000000,-0.000000,-0.000004,0.001549,3.601549,3.596251,-0.164242,-0.045613,39.937881,3.647472,9.920071,-0.057518,-0.251433,10.064661,3.600000
230,0.010000,0.000000,0.006208,0.003104,0.000425,1.436569,-0.000080,39.294817,0.108524,1.436645,39.294817,0.108524,1.436642,25.042768,25.126805,0.000281,25.042768,25.126805,0.000271,-0.000076,nan,nan,0.000001,-0.000000,-0.000000,-0.000003,0.004650,3.604650,3.596259,-0.164086,-0.045531,39.938436,3.650523,10.518574,-0.058643,-0.266350,10.671529,3.600000
240,0.010000,0.000000,0.000000,0.000000,0.000000,1.436381,-0.000186,39.294817,0.108524,1.436456,39.294817,0.108524,1.436453,25.042868,25.126905,0.000281,25.042868,25.126905,0.000271,-0.000075,nan,nan,0.000001,-0.000000,-0.000000,-0.000003,0.004650,3.604650,3.596290,-0.163406,-0.045342,39.938436,3.650523,11.118066,-0.059609,-0.280364,11.278396,3.600000
250,0.010000,0.000000,0.021210,0.010605,0.001453,1.436310,-0.000043,39.296238,0.119033,1.436411,39.296238,0.119033,1.436407,25.042968,25.127005,0.000281,25.042968,25.127005,0.000271,-0.000101,nan,nan,0.000001,0.000000,-0.000000,-0.000004,0.015244,3.615244,3.596275,-0.163720,-0.045296,39.940329,3.660946,11.715918,-0.060823,-0.296007,11.885264,3.600000
260,0.010000,0.018106,0.000000,0.009053,-0.001240,1.436346,0.000048,39.297451,0.128005,1.436455,39.297451,0.128005,1.436451,25.043068,25.127105,0.000281,25.043068,25.127105,0.000271,-0.000108,nan,nan,0.000001,0.000000,-0.000000,-0.000004,0.024288,3.624288,3.596250,-0.164288,-0.045340,39.941945,3.669844,12.313143,-0.062153,-0.312176,12.492131,3.600000
270,0.010000,0.000000,0.037764,0.018882,0.002587,1.436372,-0.000000,39.299980,0.146717,1.436451,39.299980,0.146717,1.436448,25.043169,25.127205,0.000281,25.043168,25.127205,0.000271,-0.000079,nan,nan,0.000001,0.000000,-0.000000,-0.000003,0.043150,3.643150,3.596211,-0.165133,-0.045337,39.945316,3.688403,12.909899,-0.063495,-0.328988,13.098998,3.600000
280,0.010000,0.050007,0.000000,0.025004,-0.003425,1.436309,-0.000059,39.303329,0.171495,1.436390,39.303329,0.171495,1.436387,25.043269,25.127305,0.000281,25.043269,25.127305,0.000271,-0.000080,nan,nan,0.000001,0.000000,-0.000000,-0.000003,0.068128,3.668128,3.596170,-0.166043,-0.045275,39.949780,3.712979,13.506528,-0.064813,-0.346091,13.705866,3.600000
290,0.010000,0.000000,0.066734,0.033367,0.004571,1.436258,-0.000043,39.307801,0.204561,1.436344,39.307801,0.204561,1.436341,25.043370,25.127405,0.000281,25.043370,25.127405,0.000271,-0.000087,nan,nan,0.000001,0.000000,-0.000000,-0.000003,0.101461,3.701461,3.596109,-0.167387,-0.045230,39.955738,3.745775,14.102173,-0.066231,-0.364279,14.312733,3.600000
300,0.010000,0.075873,0.000000,0.037936,-0.005197,1.436247,-0.000000,39.312886,0.242155,1.436341,39.312887,0.242155,1.436338,25.043473,25.127505,0.000281,25.043472,25.127505,0.000271,-0.000094,nan,nan,0.000001,0.000000,-0.000000,-0.000003,0.139359,3.739359,3.596032,-0.169089,-0.045226,39.962511,3.783063,14.696793,-0.067765,-0.383497,14.919600,3.600000
310,0.010000,0.000000,0.095531,0.047765,0.006543,1.436143,-0.000112,39.319290,0.289489,1.436226,39.319290,0.289489,1.436223,25.043576,25.127605,0.000281,25.043576,25.127605,0.000271,-0.000083,nan,nan,0.000001,0.000000,-0.000000,-0.000003,0.187075,3.787075,3.595954,-0.170833,-0.045112,39.971039,3.830011,15.291297,-0.069241,-0.403125,15.526468,3.600000
320,0.010000,0.110533,0.000000,0.055267,-0.007571,1.435991,-0.000138,39.326705,0.344256,1.436084,39.326706,0.344256,1.436081,25.043681,25.127705,0.000281,25.043681,25.127705,0.000271,-0.000094,nan,nan,0.000001,0.000001,-0.000000,-0.000003,0.242286,3.842286,3.595867,-0.172812,-0.044970,39.980906,3.884333,15.885065,-0.070766,-0.423630,16.133335,3.600000
330,0.010000,0.000000,0.137951,0.068975,0.009449,1.436009,0.000053,39.335970,0.412606,1.436134,39.335971,0.412606,1.436130,25.043790,25.127806,0.000281,25.043789,25.127805,0.000271,-0.000126,nan,nan,0.000002,0.000001,-0.000000,-0.000004,0.311191,3.911191,3.595719,-0.176083,-0.045018,39.993221,3.952129,16.475030,-0.072730,-0.447682,16.740202,3.600000
340,0.010000,0.151573,0.000000,0.075787,-0.010382,1.435992,-0.000000,39.346146,0.487707,1.436130,39.346148,0.487706,1.436125,25.043902,25.127906,0.000281,25.043901,25.127906,0.000271,-0.000138,nan,nan,0.000002,0.000002,-0.000000,-0.000005,0.386901,3.986901,3.595566,-0.179471,-0.045014,40.006751,4.026620,17.064177,-0.074720,-0.472613,17.347070,3.600000
350,0.010000,0.000000,0.160540,0.080270,0.010996,1.435999,-0.000000,39.356925,0.567250,1.436125,39.356927,0.567250,1.436121,25.044017,25.128006,0.000281,25.044015,25.128006,0.000271,-0.000126,nan,nan,0.000002,0.000002,-0.000000,-0.000004,0.467090,4.067090,3.595405,-0.183062,-0.045009,40.021083,4.105518,17.652086,-0.076802,-0.498676,17.953937,3.600000
360,0.010000,0.169680,0.000000,0.084840,-0.011622,1.436125,0.000181,39.368318,0.651321,1.436302,39.368321,0.651321,1.436295,25.044135,25.128106,0.000281,25.044133,25.128106,0.000271,-0.000177,nan,nan,0.000004,0.000003,-0.000000,-0.000006,0.551844,4.151844,3.595200,-0.187501,-0.045184,40.036230,4.188907,18.236395,-0.079265,-0.527676,18.560804,3.600000
370,0.010000,0.000000,0.207616,0.103808,0.014220,1.436240,0.000048,39.382241,0.754191,1.436343,39.382243,0.754191,1.436340,25.044261,25.128207,0.000281,25.044258,25.128207,0.000271,-0.000103,nan,nan,0.000001,0.000002,-0.000000,-0.000004,0.655546,4.255546,3.594980,-0.192342,-0.045228,40.054764,4.290940,18.818869,-0.081774,-0.558589,19.167672,3.600000
380,0.010000,0.241069,0.000000,0.120535,-0.016512,1.436162,-0.000096,39.398401,0.873637,1.436244,39.398403,0.873637,1.436241,25.044398,25.128307,0.000281,25.044393,25.128307,0.000271,-0.000082,nan,nan,0.000001,0.000002,-0.000000,-0.000003,0.775958,4.375958,3.594753,-0.197429,-0.045129,40.076283,4.409413,19.399842,-0.084291,-0.591064,19.774539,3.600000
390,0.010000,0.000000,0.278833,0.139417,0.019098,1.435972,-0.000192,39.417106,1.011794,1.436049,39.417108,1.011793,1.436046,25.044547,25.128408,0.000281,25.044541,25.128408,0.000271,-0.000077,nan,nan,0.000001,0.000002,-0.000000,-0.000003,0.915232,4.515232,3.594509,-0.203011,-0.044935,40.101175,4.546445,19.978250,-0.086918,-0.625896,20.381406,3.600000
400,0.010000,0.292456,0.000000,0.146228,-0.020031,1.435668,-0.000341,39.436753,1.156696,1.435705,39.436754,1.156695,1.435704,25.044706,25.128509,0.000281,25.044698,25.128509,0.000271,-0.000037,nan,nan,0.000000,0.000001,-0.000000,-0.000001,1.061313,4.661313,3.594286,-0.208342,-0.044593,40.127282,4.690173,20.556505,-0.089440,-0.660923,20.988274,3.600000
410,0.010000,0.000000,0.298664,0.149332,0.020456,1.435337,-0.000314,39.456866,1.304667,1.435390,39.456868,1.304666,1.435388,25.044873,25.128611,0.000281,25.044864,25.128611,0.000271,-0.000052,nan,nan,0.000000,0.000002,-0.000000,-0.000002,1.210496,4.810496,3.594057,-0.213854,-0.044277,40.153944,4.836955,21.132617,-0.092101,-0.697423,21.595141,3.600000
420,0.010000,0.333496,0.000000,0.166748,-0.022842,1.435101,-0.000202,39.479378,1.469888,1.435186,39.479381,1.469888,1.435183,25.045058,25.128712,0.000281,25.045046,25.128712,0.000271,-0.000085,nan,nan,0.000001,0.000003,-0.000000,-0.000003,1.377081,4.977081,3.593776,-0.220486,-0.044071,40.183716,5.000858,21.702638,-0.095214,-0.738445,22.202008,3.600000
430,0.010000,0.000000,0.325909,0.162954,0.022323,1.434875,-0.000256,39.501413,1.631346,1.434927,39.501415,1.631346,1.434925,25.045250,25.128814,0.000281,25.045235,25.128814,0.000271,-0.000052,nan,nan,0.000000,0.000002,-0.000000,-0.000002,1.539877,5.139877,3.593518,-0.226731,-0.043814,40.212811,5.161033,22.272355,-0.098271,-0.779294,22.808876,3.600000
440,0.010000,0.362121,0.000000,0.181060,-0.024803,1.434587,-0.000288,39.525940,1.810737,1.434637,39.525942,1.810737,1.434636,25.045462,25.128916,0.000281,25.045444,25.128916,0.000271,-0.000050,nan,nan,0.000000,0.000002,-0.000000,-0.000002,1.720764,5.320764,3.593238,-0.233611,-0.043524,40.245139,5.339008,22.837633,-0.101556,-0.823321,23.415743,3.600000
450,0.010000,0.000000,0.377296,0.188648,0.025842,1.434312,-0.000256,39.551550,1.997639,1.434380,39.551553,1.997638,1.434378,25.045689,25.129018,0.000281,25.045667,25.129018,0.000271,-0.000068,nan,nan,0.000001,0.000004,-0.000000,-0.000002,1.909233,5.509233,3.592944,-0.240880,-0.043266,40.278822,5.524442,23.398865,-0.105062,-0.869804,24.022610,3.600000
460,0.010000,0.410749,0.000000,0.205374,-0.028133,1.433960,-0.000373,39.579483,2.201104,1.434005,39.579486,2.201104,1.434003,25.045942,25.129121,0.000281,25.045915,25.129121,0.000271,-0.000045,nan,nan,0.000000,0.000003,-0.000000,-0.000002,2.114416,5.714416,3.592653,-0.248407,-0.042892,40.315492,5.726321,23.956873,-0.108641,-0.918374,24.629478,3.600000
470,0.010000,0.000000,0.428855,0.214427,0.029374,1.433583,-0.000362,39.608727,2.413528,1.433641,39.608730,2.413528,1.433639,25.046214,25.129225,0.000281,25.046183,25.129224,0.000271,-0.000058,nan,nan,0.000000,0.000004,-0.000000,-0.000002,2.328646,5.928646,3.592352,-0.256281,-0.042527,40.353779,5.937102,24.510517,-0.112423,-0.969379,25.236345,3.600000
480,0.010000,0.400230,0.000000,0.200115,-0.027413,1.433138,-0.000421,39.636092,2.611763,1.433218,39.636097,2.611763,1.433215,25.046483,25.129328,0.000281,25.046447,25.129327,0.000271,-0.000080,nan,nan,0.000001,0.000005,-0.000001,-0.000003,2.528580,6.128580,3.592103,-0.263254,-0.042104,40.389511,6.133818,25.066152,-0.115991,-1.018327,25.843212,3.600000
490,0.010000,0.000000,0.442650,0.221325,0.030318,1.432606,-0.000559,39.666451,2.830996,1.432656,39.666455,2.830996,1.432654,25.046786,25.129432,0.000281,25.046744,25.129431,0.000271,-0.000050,nan,nan,0.000000,0.000004,-0.000000,-0.000002,2.749709,6.349709,3.591863,-0.270543,-0.041543,40.429031,6.351386,25.618139,-0.119630,-1.069567,26.450080,3.600000
500,0.010000,0.460583,0.000000,0.230292,-0.031547,1.432171,-0.000368,39.698167,3.059093,1.432287,39.698176,3.059092,1.432282,25.047110,25.129536,0.000281,25.047062,25.129535,0.000271,-0.000115,nan,nan,0.000002,0.000009,-0.000001,-0.000004,2.979802,6.579802,3.591570,-0.278755,-0.041171,40.470153,6.577775,26.161502,-0.123793,-1.125407,27.056947,3.600000
510,0.010000,0.000000,0.454548,0.227274,0.031133,1.431904,-0.000293,39.729556,3.284189,1.431990,39.729563,3.284188,1.431986,25.047443,25.129640,0.000281,25.047389,25.129639,0.000271,-0.000086,nan,nan,0.000001,0.000007,-0.000001,-0.000003,3.206884,6.806884,3.591271,-0.287031,-0.040875,40.510737,6.801201,26.700946,-0.128135,-1.182716,27.663814,3.600000
520,0.010000,0.523006,0.000000,0.261503,-0.035822,1.431532,-0.000421,39.765746,3.543176,1.431566,39.765749,3.543176,1.431564,25.047833,25.129746,0.000281,25.047771,25.129745,0.000271,-0.000034,nan,nan,0.000000,0.000003,-0.000000,-0.000001,3.468169,7.068169,3.590959,-0.296190,-0.040453,40.557434,7.058279,27.232044,-0.132750,-1.244730,28.270682,3.600000
530,0.010000,0.000000,0.466791,0.233396,0.031972,1.431128,-0.000399,39.798140,3.774313,1.431165,39.798143,3.774312,1.431164,25.048198,25.129851,0.000281,25.048129,25.129850,0.000271,-0.000037,nan,nan,0.000000,0.000003,-0.000000,-0.000001,3.701373,7.301373,3.590700,-0.304178,-0.040052,40.599112,7.287729,27.766763,-0.137115,-1.303402,28.877549,3.600000
540,0.010000,0.521282,0.000000,0.260641,-0.035704,1.430743,-0.000304,39.834419,4.032416,1.430860,39.834431,4.032415,1.430856,25.048614,25.129957,0.000281,25.048537,25.129956,0.000271,-0.000117,nan,nan,0.000002,0.000012,-0.000002,-0.000004,3.961806,7.561806,3.590379,-0.313490,-0.039744,40.645657,7.543969,28.288780,-0.142075,-1.368556,29.484416,3.600000
550,0.010000,0.000000,0.553355,0.276678,0.037901,1.430312,-0.000426,39.873023,4.306388,1.430430,39.873035,4.306386,1.430426,25.049070,25.130064,0.000281,25.048983,25.130063,0.000271,-0.000118,nan,nan,0.000002,0.000012,-0.000002,-0.000004,4.238265,7.838265,3.590082,-0.322917,-0.039314,40.695065,7.815977,28.806284,-0.147078,-1.435500,30.091284,3.600000
560,0.010000,0.572841,0.000000,0.286420,-0.039236,1.430072,-0.000213,39.913108,4.589989,1.430213,39.913124,4.589987,1.430208,25.049558,25.130172,0.000281,25.049460,25.130170,0.000271,-0.000140,nan,nan,0.000002,0.000016,-0.000002,-0.000005,4.524465,8.124465,3.589713,-0.333367,-0.039096,40.746215,8.097569,29.310948,-0.152692,-1.507919,30.698151,3.600000
570,0.010000,0.000000,0.554562,0.277281,0.037984,1.429891,-0.000245,39.951978,4.864532,1.429962,39.951987,4.864531,1.429960,25.050044,25.130279,0.000281,25.049937,25.130277,0.000271,-0.000072,nan,nan,0.000001,0.000008,-0.000001,-0.000003,4.801535,8.401535,3.589375,-0.343300,-0.038848,40.795733,8.370178,29.591932,-0.157274,-1.567733,31.071131,3.600000
580,0.010000,0.579049,0.000000,0.289524,-0.039661,1.429645,-0.000394,39.992628,5.151189,1.429566,39.992618,5.151190,1.429569,25.050567,25.130388,0.000281,25.050449,25.130386,0.000271,0.000079,nan,nan,0.000001,-0.000010,0.000001,0.000003,5.090840,8.690840,3.589076,-0.353141,-0.038457,40.847437,8.654826,29.100844,-0.158408,-1.585913,30.633832,3.600000
590,0.010000,0.000000,0.550251,0.275126,0.037688,1.429188,-0.000506,40.031344,5.423577,1.429063,40.031328,5.423579,1.429067,25.051076,25.130496,0.000281,25.050948,25.130493,0.000271,0.000126,nan,nan,0.000002,-0.000016,0.000002,0.000004,5.365762,8.965762,3.588851,-0.361928,-0.037956,40.896571,8.925321,12.709686,-0.087914,-0.709875,30.212450,3.600000
600,0.010000,0.569737,0.000000,0.284868,-0.039023,1.428535,-0.000623,40.071567,5.705591,1.428444,40.071555,5.705593,1.428447,25.051615,25.130605,0.000281,25.051477,25.130602,0.000271,0.000091,nan,nan,0.000001,-0.000012,0.000002,0.000003,5.650425,9.250425,3.588671,-0.370517,-0.037336,40.947446,9.205401,12.340068,-0.087062,-0.705587,29.769896,3.600000
610,0.010000,0.000000,0.563702,0.281851,0.038610,1.427644,-0.000874,40.111541,5.984593,1.427574,40.111532,5.984594,1.427576,25.052159,25.130714,0.000281,25.052011,25.130711,0.000271,0.000070,nan,nan,0.000001,-0.000010,0.000001,0.000003,5.932079,9.532079,3.588608,-0.377914,-0.036465,40.997783,9.482520,11.974394,-0.085769,-0.698348,29.325492,3.600000
620,0.010000,0.563874,0.000000,0.281937,-0.038622,1.426746,-0.001012,40.151773,6.263645,1.426564,40.151747,6.263648,1.426571,25.052714,25.130823,0.000281,25.052555,25.130820,0.000271,0.000182,nan,nan,0.000004,-0.000026,0.000004,0.000006,6.213827,9.813827,3.588621,-0.384604,-0.035459,41.048137,9.759732,11.608635,-0.084197,-0.689001,28.874143,3.600000
630,0.010000,0.000000,0.525938,0.262969,0.036023,1.425677,-0.001017,40.189542,6.523887,1.425553,40.189524,6.523889,1.425558,25.053235,25.130932,0.000281,25.053068,25.130928,0.000271,0.000124,nan,nan,0.000002,-0.000018,0.000003,0.000004,6.476630,10.076630,3.588687,-0.390304,-0.034446,41.095105,10.018304,11.267504,-0.082539,-0.678665,28.446733,3.600000
640,0.010000,0.580428,0.000000,0.290214,-0.039755,1.424421,-0.001262,40.231527,6.811048,1.424295,40.231508,6.811050,1.424300,25.053826,25.131042,0.000281,25.053648,25.131038,0.000271,0.000126,nan,nan,0.000002,-0.000019,0.000003,0.000004,6.766671,10.366671,3.588843,-0.395798,-0.033188,41.146941,10.303676,10.891057,-0.080432,-0.665225,27.967493,3.600000
650,0.010000,0.000000,0.613881,0.306941,0.042047,1.423112,-0.001390,40.276313,7.114703,1.422909,40.276281,7.114708,1.422917,25.054468,25.131153,0.000281,25.054277,25.131150,0.000271,0.000202,nan,nan,0.000005,-0.000031,0.000004,0.000007,7.073441,10.673441,3.589062,-0.401045,-0.031805,41.201767,10.605507,10.492944,-0.078033,-0.649406,27.451572,3.600000
660,0.010000,0.604742,0.000000,0.302371,-0.041421,1.421831,-0.001209,40.320833,7.413778,1.421708,40.320813,7.413781,1.421712,25.055108,25.131265,0.000281,25.054906,25.131261,0.000271,0.000123,nan,nan,0.000002,-0.000020,0.000003,0.000004,7.375658,10.975658,3.589248,-0.406352,-0.030600,41.255779,10.902858,10.100790,-0.075765,-0.633407,26.933711,3.600000
670,0.010000,0.000000,0.560770,0.280385,0.038409,1.420606,-0.001214,40.362460,7.691056,1.420497,40.362442,7.691059,1.420501,25.055702,25.131376,0.000281,25.055490,25.131371,0.000271,0.000109,nan,nan,0.000002,-0.000018,0.000003,0.000004,7.655912,11.255912,3.589484,-0.410600,-0.029390,41.305866,11.178600,9.737184,-0.073459,-0.616989,26.444492,3.600000
680,0.010000,0.569909,0.000000,0.284955,-0.039035,1.419378,-0.001284,40.405108,7.972801,1.419218,40.405081,7.972805,1.419223,25.056314,25.131487,0.000281,25.056092,25.131483,0.000271,0.000161,nan,nan,0.000003,-0.000027,0.000004,0.000006,7.940742,11.540742,3.589770,-0.414410,-0.028112,41.356770,11.458844,9.367692,-0.070979,-0.599084,25.937901,3.600000
690,0.010000,0.000000,0.566805,0.283403,0.038822,1.418195,-0.001129,40.447873,8.252958,1.418094,40.447856,8.252961,1.418098,25.056928,25.131599,0.000281,25.056696,25.131594,0.000271,0.000100,nan,nan,0.000001,-0.000017,0.000002,0.000004,8.224032,11.824032,3.590019,-0.418349,-0.026986,41.407400,11.737573,9.000253,-0.068613,-0.581057,25.424118,3.600000
700,0.010000,0.601638,0.000000,0.300819,-0.041208,1.417114,-0.001135,40.493612,8.550279,1.416963,40.493586,8.550283,1.416969,25.057596,25.131712,0.000281,25.057352,25.131706,0.000271,0.000151,nan,nan,0.000003,-0.000026,0.000004,0.000005,8.524741,12.124741,3.590278,-0.422436,-0.025857,41.461142,12.033441,8.610293,-0.066108,-0.561312,24.867234,3.600000
710,0.010000,0.000000,0.545596,0.272798,0.037370,1.415889,-0.001214,40.535384,8.819860,1.415754,40.535360,8.819863,1.415759,25.058192,25.131823,0.000281,25.057940,25.131818,0.000271,0.000134,nan,nan,0.000002,-0.000024,0.000003,0.000005,8.797446,12.397446,3.590612,-0.425168,-0.024648,41.509880,12.301756,8.256715,-0.063550,-0.541742,24.351302,3.600000
720,0.010000,0.547147,0.000000,0.273574,-0.037476,1.414689,-0.001220,40.577605,9.090156,1.414539,40.577577,9.090160,1.414545,25.058794,25.131935,0.000281,25.058534,25.131929,0.000271,0.000150,nan,nan,0.000003,-0.000027,0.000004,0.000005,9.070936,12.670936,3.590967,-0.427575,-0.023433,41.558758,12.570842,7.902193,-0.060928,-0.521417,23.822775,3.600000
730,0.010000,0.000000,0.521282,0.260641,0.035704,1.412912,-0.001971,40.618137,9.347625,1.412574,40.618075,9.347634,1.412586,25.059363,25.132046,0.000281,25.059096,25.132040,0.000271,0.000338,nan,nan,0.000015,-0.000062,0.000009,0.000012,9.331503,12.931503,3.591666,-0.426709,-0.021474,41.605327,12.827214,7.564498,-0.057459,-0.498123,23.308192,3.600000
740,0.010000,0.481966,0.000000,0.240983,-0.033011,1.410699,-0.002333,40.656042,9.585607,1.410253,40.655960,9.585620,1.410269,25.059877,25.132156,0.000281,25.059606,25.132150,0.000271,0.000446,nan,nan,0.000025,-0.000083,0.000012,0.000016,9.572428,13.172428,3.592544,-0.423642,-0.019157,41.648384,13.064260,7.252318,-0.053640,-0.474134,22.822170,3.600000
750,0.010000,0.000000,0.412301,0.206150,0.028240,1.408030,-0.002775,40.688911,9.789119,1.407494,40.688811,9.789134,1.407513,25.060291,25.132264,0.000281,25.060018,25.132258,0.000271,0.000537,nan,nan,0.000037,-0.000100,0.000015,0.000019,9.778537,13.378537,3.593631,-0.417789,-0.016401,41.685220,13.267050,6.985289,-0.049478,-0.450367,22.398076,3.600000
760,0.010000,0.437994,0.000000,0.218997,-0.030000,1.405446,-0.002466,40.724411,10.005218,1.405047,40.724336,10.005229,1.405061,25.060742,25.132374,0.000281,25.060467,25.132368,0.000271,0.000399,nan,nan,0.000020,-0.000075,0.000011,0.000014,9.997502,13.597502,3.594594,-0.412643,-0.013949,41.724353,13.482490,6.701630,-0.045579,-0.426757,21.938592,3.600000
770,0.010000,0.000000,0.377296,0.188648,0.025842,1.403438,-0.001870,40.755459,10.191292,1.403191,40.755413,10.191299,1.403200,25.061105,25.132481,0.000281,25.060830,25.132475,0.000271,0.000247,nan,nan,0.000008,-0.000046,0.000007,0.000009,10.186129,13.786129,3.595323,-0.408632,-0.012088,41.758065,13.668081,6.457299,-0.042489,-0.407200,21.518453,3.600000
780,0.010000,0.283317,0.000000,0.141658,-0.019405,1.403664,0.000788,40.779043,10.330972,1.403988,40.779103,10.330963,1.403977,25.061332,25.132585,0.000281,25.061063,25.132579,0.000271,-0.000325,nan,nan,0.000013,0.000060,-0.000009,-0.000012,10.327779,13.927779,3.594983,-0.413076,-0.012865,41.783381,13.807450,6.273830,-0.042544,-0.399933,21.051632,3.600000
790,0.010000,0.000000,0.237965,0.118983,0.016299,1.405789,0.002541,40.798860,10.448294,1.406517,40.798992,10.448274,1.406491,25.061496,25.132687,0.000281,25.061235,25.132682,0.000271,-0.000728,nan,nan,0.000067,0.000133,-0.000020,-0.000026,10.446756,14.046756,3.593912,-0.423512,-0.015380,41.804644,13.924512,6.119760,-0.044609,-0.399967,20.584811,3.600000
800,0.010000,0.043972,0.000000,0.021986,-0.003012,1.409079,0.003409,40.802589,10.469964,1.409900,40.802733,10.469942,1.409871,25.061395,25.132783,0.000281,25.061150,25.132778,0.000271,-0.000821,nan,nan,0.000086,0.000145,-0.000022,-0.000029,10.468744,14.068744,3.592456,-0.435847,-0.018760,41.808574,13.946146,6.091283,-0.048159,-0.409702,20.169340,3.600000
810,0.010000,0.000000,0.078804,0.039402,0.005398,1.413073,0.004139,40.809047,10.508835,1.414010,40.809207,10.508811,1.413977,25.061354,25.132880,0.000281,25.061123,25.132875,0.000271,-0.000936,nan,nan,0.000111,0.000161,-0.000024,-0.000033,10.508145,14.108145,3.590623,-0.451168,-0.022865,41.815615,13.984912,6.040282,-0.052394,-0.420553,19.805220,3.600000
820,0.010000,0.000000,0.000000,0.000000,0.000000,1.417089,0.003926,40.809207,10.508811,1.417902,40.809342,10.508791,1.417873,25.061223,25.132975,0.000281,25.061007,25.132970,0.000271,-0.000813,nan,nan,0.000084,0.000134,-0.000020,-0.000029,10.508149,14.108149,3.588842,-0.465021,-0.026762,41.815616,13.984916,6.040262,-0.056622,-0.433464,19.492450,3.600000
830,0.010000,0.000000,0.034833,0.017416,0.002386,1.420519,0.003228,40.811995,10.526004,1.421101,40.812088,10.525991,1.421080,25.061151,25.133071,0.000281,25.060949,25.133067,0.000271,-0.000582,nan,nan,0.000043,0.000093,-0.000014,-0.000021,10.525562,14.125562,3.587321,-0.476900,-0.029969,41.818728,14.002049,6.017736,-0.060005,-0.442879,19.231030,3.600000
840,0.010000,-0.015175,0.000000,-0.007587,0.001039,1.423164,0.002525,40.810956,10.518488,1.423605,40.811024,10.518478,1.423589,25.061030,25.133166,0.000281,25.060843,25.133162,0.000271,-0.000441,nan,nan,0.000025,0.000068,-0.000010,-0.000016,10.525562,14.125562,3.593700,-0.485849,-0.032478,41.818728,14.002049,6.027530,-0.062786,-0.451925,19.020961,3.600000
850,0.010000,0.000000,0.001552,0.000776,0.000106,1.425492,0.002285,40.811138,10.519246,1.425874,40.811195,10.519237,1.425861,25.060945,25.133262,0.000281,25.060771,25.133258,0.000271,-0.000383,nan,nan,0.000019,0.000057,-0.000008,-0.000014,10.525562,14.125562,3.591812,-0.493952,-0.034749,41.818728,14.002049,6.026519,-0.065245,-0.459384,18.862241,3.600000
860,0.010000,-0.065182,0.000000,-0.032591,0.004465,1.427512,0.001870,40.806488,10.486988,1.427730,40.806519,10.486983,1.427723,25.060798,25.133357,0.000281,25.060639,25.133353,0.000271,-0.000218,nan,nan,0.000006,0.000031,-0.000005,-0.000008,10.525562,14.125562,3.623477,-0.500667,-0.036611,41.818728,14.002049,6.068608,-0.067532,-0.468882,18.754873,3.600000
870,0.010000,0.000000,-0.025693,-0.012847,-0.001760,1.428999,0.001459,40.804687,10.474268,1.429182,40.804712,10.474264,1.429176,25.060712,25.133452,0.000281,25.060564,25.133449,0.000271,-0.000183,nan,nan,0.000004,0.000025,-0.000004,-0.000007,10.525562,14.125562,3.635592,-0.505925,-0.038064,41.818728,14.002049,6.085194,-0.069221,-0.475101,18.698854,3.600000
880,0.010000,-0.008967,0.000000,-0.004483,0.000614,1.430411,0.001593,40.804079,10.469826,1.430768,40.804126,10.469818,1.430755,25.060655,25.133549,0.000281,25.060518,25.133546,0.000271,-0.000357,nan,nan,0.000016,0.000047,-0.000007,-0.000013,10.525562,14.125562,3.639272,-0.511628,-0.039644,41.818728,14.002049,6.090976,-0.070981,-0.480912,18.694186,3.600000
890,0.010000,0.000000,0.000000,0.000000,0.000000,1.432360,0.002125,40.804126,10.469818,1.432881,40.804192,10.469809,1.432862,25.060618,25.133646,0.000281,25.060491,25.133643,0.000271,-0.000520,nan,nan,0.000034,0.000066,-0.000010,-0.000019,10.525562,14.125562,3.638187,-0.519227,-0.041751,41.818728,14.002049,6.090967,-0.073280,-0.488054,18.740868,3.600000
900,0.010000,-0.001552,0.000000,-0.000776,0.000106,1.434094,0.001747,40.804086,10.469040,1.434609,40.804149,10.469031,1.434591,25.060590,25.133743,0.000281,25.060472,25.133740,0.000271,-0.000515,nan,nan,0.000034,0.000063,-0.000009,-0.000018,10.525562,14.125562,3.638061,-0.525453,-0.043479,41.818728,14.002049,6.091959,-0.075172,-0.493987,18.838900,3.600000
910,0.010000,0.000000,0.030349,0.015175,0.002079,1.434296,-0.000128,40.806209,10.484065,1.434463,40.806229,10.484062,1.434457,25.060600,25.133841,0.000281,25.060489,25.133838,0.000271,-0.000167,nan,nan,0.000004,0.000020,-0.000003,-0.000006,10.525562,14.125562,3.622957,-0.524948,-0.043346,41.818728,14.002049,6.072376,-0.074898,-0.491926,18.988283,3.600000
920,0.010000,0.086392,0.000000,0.043196,-0.005917,1.433291,-0.001076,40.812100,10.526857,1.433381,40.812111,10.526855,1.433378,25.060667,25.133940,0.000281,25.060561,25.133938,0.000271,-0.000090,nan,nan,0.000001,0.000010,-0.000002,-0.000003,10.526417,14.126417,3.581179,-0.521110,-0.042266,41.818881,14.002890,6.016642,-0.073366,-0.483848,19.189016,3.600000
930,0.010000,0.000000,0.037764,0.018882,0.002587,1.432292,-0.000948,40.814697,10.545559,1.432430,40.814713,10.545557,1.432425,25.060694,25.134038,0.000281,25.060594,25.134036,0.000271,-0.000138,nan,nan,0.000002,0.000016,-0.000002,-0.000005,10.545282,14.145282,3.581642,-0.518479,-0.041313,41.822253,14.021451,5.992277,-0.072233,-0.479455,19.441100,3.600000
940,0.010000,0.040868,0.000000,0.020434,-0.002799,1.431537,-0.000676,40.817531,10.565795,1.431748,40.817554,10.565792,1.431741,25.060729,25.134137,0.000281,25.060635,25.134135,0.000271,-0.000211,nan,nan,0.000006,0.000023,-0.000003,-0.000008,10.565699,14.165699,3.581963,-0.516849,-0.040629,41.825902,14.041540,5.965906,-0.071384,-0.475844,19.744533,3.600000
950,0.010000,0.000000,0.025866,0.012933,0.001772,1.430529,-0.001119,40.819347,10.578600,1.430622,40.819357,10.578599,1.430619,25.060757,25.134235,0.000281,25.060669,25.134233,0.000271,-0.000093,nan,nan,0.000001,0.000010,-0.000001,-0.000003,10.578622,14.178622,3.582520,-0.513345,-0.039508,41.828211,14.054254,5.949217,-0.070100,-0.471296,20.099317,3.600000
960,0.010000,0.010691,0.000000,0.005346,-0.000732,1.428943,-0.001657,40.820103,10.583892,1.428963,40.820106,10.583891,1.428962,25.060777,25.134333,0.000281,25.060695,25.134332,0.000271,-0.000020,nan,nan,0.000000,0.000002,-0.000000,-0.000001,10.583963,14.183963,3.583358,-0.507616,-0.037850,41.829166,14.059510,5.942318,-0.068277,-0.465496,20.505451,3.600000
970,0.010000,0.000000,0.016554,0.008277,0.001134,1.427046,-0.001859,40.821276,10.592085,1.427103,40.821281,10.592085,1.427101,25.060808,25.134432,0.000281,25.060731,25.134430,0.000271,-0.000057,nan,nan,0.000000,0.000006,-0.000001,-0.000002,10.592235,14.192235,3.584285,-0.501254,-0.035989,41.830644,14.067648,5.931633,-0.066218,-0.458836,20.639809,3.600000
980,0.010000,0.037764,0.000000,0.018882,-0.002587,1.425243,-0.001731,40.823985,10.610772,1.425370,40.823997,10.610770,1.425365,25.060859,25.134531,0.000281,25.060787,25.134529,0.000271,-0.000126,nan,nan,0.000002,0.000012,-0.000002,-0.000004,10.611105,14.211105,3.585127,-0.495699,-0.034254,41.834016,14.086214,5.907255,-0.064239,-0.451886,20.597352,3.600000
990,0.010000,0.000000,0.010691,0.005346,0.000732,1.423404,-0.001923,40.824772,10.616059,1.423442,40.824775,10.616059,1.423441,25.060895,25.134629,0.000281,25.060827,25.134628,0.000271,-0.000038,nan,nan,0.000000,0.000004,-0.000001,-0.000001,10.616448,14.216448,3.586068,-0.488979,-0.032330,41.834971,14.091471,5.900352,-0.062129,-0.445239,20.585314,3.600000
1000,0.010000,0.028797,0.000000,0.014399,-0.001972,1.421591,-0.001902,40.826889,10.630301,1.421539,40.826885,10.630302,1.421541,25.060947,25.134728,0.000281,25.060884,25.134727,0.000271,0.000051,nan,nan,0.000000,-0.000005,0.000001,0.000002,10.630838,14.230838,3.586976,-0.482635,-0.030430,41.837543,14.105630,5.881758,-0.059999,-0.438078,20.552852,3.600000
1010,0.010000,0.000000,0.002931,0.001466,0.000201,1.420192,-0.001374,40.827103,10.631752,1.420167,40.827101,10.631752,1.420168,25.060986,25.134827,0.000281,25.060926,25.134826,0.000271,0.000025,nan,nan,0.000000,-0.000002,0.000000,0.000001,10.632303,14.232303,3.587634,-0.477755,-0.029056,41.837805,14.107072,5.879865,-0.058507,-0.433509,20.549545,3.600000
1020,0.010000,0.039488,0.000000,0.019744,-0.002705,1.419585,-0.000463,40.830063,10.651272,1.419705,40.830074,10.651271,1.419700,25.061052,25.134926,0.000281,25.060996,25.134925,0.000271,-0.000119,nan,nan,0.000002,0.000010,-0.000001,-0.000004,10.652040,14.252040,3.587841,-0.476641,-0.028589,41.841332,14.126490,5.854357,-0.057893,-0.430621,20.504922,3.600000
1030,0.010000,0.000000,0.030349,0.015175,0.002079,1.420236,0.000948,40.832358,10.666273,1.420648,40.832391,10.666268,1.420634,25.061116,25.135025,0.000281,25.061063,25.135024,0.000271,-0.000412,nan,nan,0.000022,0.000034,-0.000005,-0.000015,10.667209,14.267209,3.587383,-0.480389,-0.029522,41.844043,14.141415,5.834748,-0.058813,-0.432554,20.470553,3.600000
1040,0.010000,0.021210,0.000000,0.010605,-0.001453,1.422256,0.002317,40.833978,10.676753,1.422951,40.834033,10.676745,1.422926,25.061176,25.135125,0.000281,25.061127,25.135123,0.000271,-0.000694,nan,nan,0.000061,0.000055,-0.000008,-0.000025,10.677811,14.277811,3.586264,-0.488869,-0.031815,41.845938,14.151847,5.821041,-0.061220,-0.439155,20.446495,3.600000
1050,0.010000,0.000000,0.037936,0.018968,0.002598,1.425577,0.003526,40.836827,10.695506,1.426452,40.836895,10.695496,1.426421,25.061249,25.135224,0.000281,25.061203,25.135223,0.000271,-0.000875,nan,nan,0.000097,0.000067,-0.000010,-0.000031,10.696772,14.296772,3.584515,-0.501934,-0.035309,41.849327,14.170502,5.796537,-0.064873,-0.448994,20.403414,3.600000
1060,0.010000,0.000000,0.000000,0.000000,0.000000,1.429850,0.004346,40.836895,10.695496,1.430767,40.836963,10.695486,1.430735,25.061303,25.135323,0.000281,25.061259,25.135322,0.000271,-0.000918,nan,nan,0.000107,0.000068,-0.000010,-0.000033,10.696774,14.296774,3.582319,-0.517323,-0.039623,41.849327,14.170504,5.796527,-0.069512,-0.462759,20.398746,3.600000
1070,0.010000,0.000000,0.083288,0.041644,0.005705,1.434334,0.004421,40.842777,10.736722,1.435156,40.842837,10.736713,1.435126,25.061406,25.135423,0.000281,25.061364,25.135422,0.000271,-0.000821,nan,nan,0.000086,0.000060,-0.000009,-0.000029,10.738387,14.338387,3.579943,-0.534638,-0.044015,41.856764,14.211448,5.742799,-0.073997,-0.473815,20.308617,3.600000
1080,0.010000,0.010519,0.000000,0.005259,-0.000720,1.438802,0.004426,40.843548,10.741924,1.439553,40.843601,10.741916,1.439526,25.061470,25.135522,0.000281,25.061431,25.135521,0.000271,-0.000750,nan,nan,0.000071,0.000053,-0.000008,-0.000027,10.743643,14.343643,3.577547,-0.550561,-0.048415,41.857704,14.216619,5.736011,-0.078688,-0.487349,20.201248,3.600000
1090,0.010000,0.000000,0.116741,0.058370,0.007996,1.443182,0.004362,40.851241,10.799785,1.443888,40.851291,10.799777,1.443863,25.061594,25.135623,0.000281,25.061555,25.135622,0.000271,-0.000707,nan,nan,0.000063,0.000050,-0.000007,-0.000025,10.801947,14.401947,3.574979,-0.568843,-0.052752,41.868124,14.273984,5.660810,-0.083011,-0.496931,20.042529,3.600000
1100,0.010000,0.009139,0.000000,0.004570,-0.000626,1.447471,0.004203,40.851869,10.804310,1.448066,40.851909,10.804304,1.448045,25.061660,25.135722,0.000281,25.061624,25.135721,0.000271,-0.000594,nan,nan,0.000045,0.000040,-0.000006,-0.000021,10.806512,14.406512,3.572558,-0.583987,-0.056933,41.868939,14.278475,5.654921,-0.087456,-0.509630,19.935160,3.600000
1110,0.010000,0.000000,0.093979,0.046989,0.006437,1.451057,0.003361,40.857663,10.850940,1.451406,40.857686,10.850937,1.451393,25.061772,25.135822,0.000281,25.061737,25.135821,0.000271,-0.000349,nan,nan,0.000015,0.000023,-0.000003,-0.000012,10.853426,14.453426,3.570423,-0.598592,-0.060282,41.877324,14.324634,5.594474,-0.090774,-0.516791,19.879141,3.600000
1120,0.010000,0.003104,0.000000,0.001552,-0.000213,1.453617,0.002274,40.857871,10.852478,1.453668,40.857875,10.852477,1.453666,25.061839,25.135921,0.000281,25.061806,25.135920,0.000271,-0.000051,nan,nan,0.000000,0.000003,-0.000000,-0.000002,10.854975,14.454975,3.569048,-0.606795,-0.062554,41.877601,14.326158,5.592478,-0.093189,-0.523686,19.874473,3.600000
1130,0.010000,0.000000,0.043972,0.021986,0.003012,1.455179,0.001412,40.860444,10.874312,1.455077,40.860437,10.874313,1.455081,25.061927,25.136021,0.000281,25.061896,25.136020,0.000271,0.000102,nan,nan,0.000001,-0.000006,0.000001,0.000004,10.876918,14.476918,3.568097,-0.613223,-0.063969,41.881522,14.347748,5.564227,-0.094580,-0.526560,19.921155,3.600000
1140,0.010000,0.045351,0.000000,0.022676,-0.003106,1.456064,0.000767,40.863056,10.896837,1.455848,40.863042,10.896839,1.455856,25.062018,25.136120,0.000281,25.061988,25.136120,0.000271,0.000216,nan,nan,0.000006,-0.000013,0.000002,0.000008,10.899547,14.499547,3.567526,-0.617447,-0.064744,41.885566,14.370012,5.535100,-0.095283,-0.527412,19.937985,3.600000
1150,0.010000,0.000000,0.022762,0.011381,0.001559,1.456140,-0.000075,40.864348,10.908145,1.455781,40.864326,10.908148,1.455794,25.062098,25.136220,0.000281,25.062070,25.136219,0.000271,0.000359,nan,nan,0.000016,-0.000021,0.000003,0.000013,10.910903,14.510903,3.567516,-0.617983,-0.064682,41.887596,14.381186,5.520487,-0.095158,-0.526476,19.911649,3.600000
1160,0.010000,0.051559,0.000000,0.025780,-0.003531,1.455871,-0.000213,40.867284,10.933758,1.455581,40.867267,10.933760,1.455591,25.062194,25.136320,0.000281,25.062167,25.136319,0.000271,0.000290,nan,nan,0.000011,-0.000017,0.000002,0.000010,10.936628,14.536628,3.567532,-0.618939,-0.064480,41.892194,14.406497,5.487385,-0.094804,-0.524129,19.851861,3.600000
1170,0.010000,0.000000,0.006035,0.003018,0.000413,1.455816,0.000043,40.867614,10.936758,1.455634,40.867604,10.936759,1.455640,25.062269,25.136419,0.000281,25.062244,25.136419,0.000271,0.000182,nan,nan,0.000004,-0.000010,0.000002,0.000006,10.939639,14.539639,3.567489,-0.619319,-0.064529,41.892732,14.409459,5.483511,-0.094840,-0.524081,19.795843,3.600000
1180,0.010000,0.016727,0.000000,0.008363,-0.001146,1.456018,0.000341,40.868565,10.945067,1.455981,40.868563,10.945067,1.455982,25.062351,25.136519,0.000281,25.062328,25.136518,0.000271,0.000037,nan,nan,0.000000,-0.000002,0.000000,0.000001,10.947985,14.547985,3.567241,-0.621080,-0.064871,41.894223,14.417671,5.472773,-0.095158,-0.524542,19.791174,3.600000
1190,0.010000,0.000000,0.006035,0.003018,0.000413,1.456596,0.000719,40.868908,10.948065,1.456702,40.868914,10.948064,1.456698,25.062430,25.136618,0.000281,25.062408,25.136618,0.000271,-0.000105,nan,nan,0.000001,0.000006,-0.000001,-0.000004,10.950996,14.550996,3.566784,-0.623821,-0.065586,41.894762,14.420634,5.468897,-0.095899,-0.526484,19.818392,3.600000
1200,0.010000,0.003104,0.000000,0.001552,-0.000213,1.457543,0.001076,40.869091,10.949606,1.457774,40.869102,10.949605,1.457766,25.062509,25.136718,0.000281,25.062489,25.136717,0.000271,-0.000230,nan,nan,0.000007,0.000012,-0.000002,-0.000008,10.952545,14.552545,3.566110,-0.627719,-0.066654,41.895038,14.422158,5.466903,-0.097023,-0.529580,19.813724,3.600000
1210,0.010000,0.000000,0.018278,0.009139,0.001252,1.458629,0.001156,40.870133,10.958685,1.458921,40.870148,10.958683,1.458911,25.062596,25.136818,0.000281,25.062576,25.136817,0.000271,-0.000292,nan,nan,0.000011,0.000014,-0.000002,-0.000010,10.961665,14.561665,3.565348,-0.632396,-0.067800,41.896668,14.431130,5.455170,-0.098186,-0.532381,19.757705,3.600000
1220,0.010000,0.002931,0.000000,0.001466,-0.000201,1.459703,0.001124,40.870311,10.960140,1.460035,40.870327,10.960138,1.460023,25.062677,25.136917,0.000281,25.062659,25.136917,0.000271,-0.000332,nan,nan,0.000014,0.000016,-0.000002,-0.000012,10.963128,14.563128,3.564637,-0.636444,-0.068912,41.896930,14.432570,5.453287,-0.099356,-0.535603,19.753037,3.600000
1230,0.010000,0.000000,0.039316,0.019658,0.002693,1.460775,0.001124,40.872500,10.979675,1.461147,40.872518,10.979673,1.461134,25.062774,25.137017,0.000281,25.062756,25.137017,0.000271,-0.000372,nan,nan,0.000018,0.000017,-0.000003,-0.000013,10.982740,14.582740,3.563834,-0.641735,-0.070022,41.900435,14.451866,5.428064,-0.100423,-0.537558,19.697019,3.600000
1240,0.010000,0.018278,0.000000,0.009139,-0.001252,1.461784,0.000985,40.873518,10.988757,1.462119,40.873533,10.988755,1.462107,25.062863,25.137117,0.000281,25.062847,25.137116,0.000271,-0.000335,nan,nan,0.000014,0.000015,-0.000002,-0.000012,10.991857,14.591857,3.563164,-0.645826,-0.070996,41.902064,14.460836,5.416340,-0.101402,-0.539817,19.692350,3.600000
1250,0.010000,0.000000,0.037936,0.018968,0.002598,1.463171,0.001491,40.875591,11.007611,1.463599,40.875610,11.007608,1.463583,25.062960,25.137217,0.000281,25.062944,25.137216,0.000271,-0.000427,nan,nan,0.000023,0.000019,-0.000003,-0.000015,11.010778,14.610778,3.562110,-0.652408,-0.072472,41.905446,14.479453,5.392015,-0.102857,-0.542870,19.636332,3.600000
1260,0.010000,0.002931,0.000000,0.001466,-0.000201,1.464886,0.001635,40.875767,11.009066,1.465219,40.875781,11.009064,1.465207,25.063045,25.137316,0.000281,25.063031,25.137316,0.000271,-0.000333,nan,nan,0.000014,0.000014,-0.000002,-0.000012,11.012241,14.612241,3.561040,-0.658282,-0.074095,41.905707,14.480892,5.390133,-0.104563,-0.547566,19.631664,3.600000
1270,0.010000,0.000000,0.034833,0.017416,0.002386,1.466388,0.001358,40.877617,11.026383,1.466565,40.877624,11.026382,1.466559,25.063142,25.137416,0.000281,25.063128,25.137416,0.000271,-0.000177,nan,nan,0.000004,0.000007,-0.000001,-0.000006,11.029609,14.629609,3.560050,-0.664373,-0.075447,41.908811,14.497981,5.367815,-0.105894,-0.550345,19.634384,3.600000
1280,0.010000,0.000000,0.000000,0.000000,0.000000,1.467331,0.000799,40.877624,11.026382,1.467358,40.877625,11.026382,1.467357,25.063228,25.137516,0.000281,25.063215,25.137516,0.000271,-0.000026,nan,nan,0.000000,0.000001,-0.000000,-0.000001,11.029609,14.629609,3.559519,-0.667213,-0.076245,41.908811,14.497981,5.367814,-0.106737,-0.552697,19.634384,3.600000
1290,0.010000,0.000000,0.012071,0.006035,0.000827,1.467759,0.000346,40.878248,11.032385,1.467703,40.878246,11.032385,1.467705,25.063319,25.137616,0.000281,25.063307,25.137615,0.000271,0.000056,nan,nan,0.000000,-0.000002,0.000000,0.000002,11.035627,14.635627,3.559251,-0.668913,-0.076593,41.909887,14.503902,5.360085,-0.107071,-0.553307,19.583034,3.600000
1300,0.010000,0.000000,0.000000,0.000000,0.000000,1.467867,-0.000000,40.878246,11.032385,1.467705,40.878240,11.032386,1.467711,25.063407,25.137715,0.000281,25.063395,25.137715,0.000271,0.000162,nan,nan,0.000003,-0.000006,0.000001,0.000006,11.035627,14.635627,3.559247,-0.668940,-0.076599,41.909887,14.503902,5.360086,-0.107078,-0.553330,19.583034,3.600000
1310,0.010000,0.000000,0.003104,0.001552,0.000213,1.467829,-0.000000,40.878400,11.033930,1.467711,40.878395,11.033930,1.467715,25.063496,25.137815,0.000281,25.063486,25.137815,0.000271,0.000118,nan,nan,0.000002,-0.000004,0.000001,0.000004,11.037174,14.637174,3.559234,-0.669078,-0.076603,41.910163,14.505424,5.358099,-0.107074,-0.553238,19.616607,3.600000
1320,0.010000,0.000000,0.000000,0.000000,0.000000,1.468067,0.000266,40.878395,11.033930,1.467981,40.878392,11.033931,1.467984,25.063586,25.137915,0.000281,25.063576,25.137915,0.000271,0.000086,nan,nan,0.000001,-0.000003,0.000000,0.000003,11.037174,14.637174,3.559054,-0.670040,-0.076873,41.910163,14.505424,5.358099,-0.107358,-0.554034,19.616607,3.600000
1330,0.010000,0.000000,0.000000,0.000000,0.000000,1.468495,0.000463,40.878392,11.033931,1.468448,40.878391,11.033931,1.468449,25.063676,25.138015,0.000281,25.063667,25.138015,0.000271,0.000048,nan,nan,0.000000,-0.000002,0.000000,0.000002,11.037174,14.637174,3.558742,-0.671696,-0.077338,41.910163,14.505424,5.358100,-0.107849,-0.555404,19.616608,3.600000
1340,0.010000,0.000000,0.000000,0.000000,0.000000,1.469097,0.000623,40.878391,11.033931,1.469073,40.878390,11.033931,1.469073,25.063767,25.138115,0.000281,25.063758,25.138114,0.000271,0.000025,nan,nan,0.000000,-0.000001,0.000000,0.000001,11.037174,14.637174,3.558322,-0.673918,-0.077962,41.910163,14.505424,5.358100,-0.108508,-0.557241,19.616608,3.600000
1350,0.010000,0.000000,0.006035,0.003018,0.000413,1.469591,0.000426,40.878696,11.036933,1.469500,40.878694,11.036933,1.469503,25.063860,25.138214,0.000281,25.063852,25.138214,0.000271,0.000091,nan,nan,0.000001,-0.000003,0.000000,0.000003,11.040182,14.640182,3.558013,-0.675683,-0.078391,41.910701,14.508384,5.354237,-0.108945,-0.558297,19.565258,3.600000
1360,0.010000,0.000000,0.000000,0.000000,0.000000,1.469869,0.000304,40.878694,11.036933,1.469806,40.878692,11.036934,1.469809,25.063952,25.138314,0.000281,25.063944,25.138314,0.000271,0.000062,nan,nan,0.000000,-0.000002,0.000000,0.000002,11.040182,14.640182,3.557806,-0.676773,-0.078697,41.910701,14.508384,5.354237,-0.109268,-0.559198,19.565258,3.600000
1370,0.010000,0.000000,0.012071,0.006035,0.000827,1.469954,0.000085,40.879300,11.042938,1.469894,40.879298,11.042939,1.469896,25.064047,25.138414,0.000281,25.064040,25.138414,0.000271,0.000060,nan,nan,0.000000,-0.000002,0.000000,0.000002,11.046199,14.646199,3.557710,-0.677559,-0.078785,41.911776,14.514303,5.346511,-0.109326,-0.559039,19.595383,3.600000
1380,0.010000,0.000000,0.000000,0.000000,0.000000,1.470067,0.000208,40.879298,11.042939,1.470104,40.879299,11.042938,1.470102,25.064140,25.138514,0.000281,25.064134,25.138514,0.000271,-0.000037,nan,nan,0.000000,0.000001,-0.000000,-0.000001,11.046199,14.646199,3.557570,-0.678292,-0.078991,41.911776,14.514303,5.346511,-0.109544,-0.559644,19.595383,3.600000
1390,0.010000,0.000000,0.015175,0.007587,0.001039,1.470439,0.000421,40.880062,11.050487,1.470523,40.880064,11.050487,1.470520,25.064237,25.138614,0.000281,25.064231,25.138614,0.000271,-0.000084,nan,nan,0.000001,0.000002,-0.000000,-0.000003,11.053763,14.653763,3.557239,-0.680373,-0.079409,41.913128,14.521745,5.336798,-0.109942,-0.560341,19.544032,3.600000
1400,0.010000,0.004656,0.000000,0.002328,-0.000319,1.470899,0.000458,40.880297,11.052803,1.470978,40.880300,11.052803,1.470975,25.064332,25.138714,0.000281,25.064326,25.138714,0.000271,-0.000080,nan,nan,0.000001,0.000002,-0.000000,-0.000003,11.056083,14.656083,3.556914,-0.682174,-0.079864,41.913543,14.524029,5.333818,-0.110409,-0.561511,19.544032,3.600000
1410,0.010000,0.000000,0.019658,0.009829,0.001346,1.471306,0.000437,40.881279,11.062583,1.471412,40.881282,11.062583,1.471408,25.064430,25.138814,0.000281,25.064424,25.138814,0.000271,-0.000106,nan,nan,0.000001,0.000003,-0.000000,-0.000004,11.065881,14.665881,3.556556,-0.684493,-0.080297,41.915294,14.533669,5.321239,-0.110811,-0.562091,19.549017,3.600000
1420,0.010000,0.007415,0.000000,0.003707,-0.000508,1.471780,0.000474,40.881650,11.066272,1.471883,40.881652,11.066271,1.471879,25.064526,25.138914,0.000281,25.064521,25.138914,0.000271,-0.000103,nan,nan,0.000001,0.000003,-0.000000,-0.000004,11.069577,14.669577,3.556210,-0.686460,-0.080767,41.915954,14.537305,5.316495,-0.111286,-0.563204,19.540300,3.600000
1430,0.010000,0.000000,0.022762,0.011381,0.001559,1.472353,0.000623,40.882776,11.077597,1.472502,40.882780,11.077596,1.472497,25.064625,25.139014,0.000281,25.064620,25.139014,0.000271,-0.000149,nan,nan,0.000003,0.000004,-0.000001,-0.000005,11.080921,14.680921,3.555710,-0.689568,-0.081385,41.917982,14.548466,5.301934,-0.111872,-0.564205,19.488950,3.600000
1440,0.010000,0.009139,0.000000,0.004570,-0.000626,1.473079,0.000719,40.883229,11.082144,1.473216,40.883232,11.082143,1.473211,25.064722,25.139114,0.000281,25.064717,25.139113,0.000271,-0.000137,nan,nan,0.000002,0.000003,-0.000000,-0.000005,11.085475,14.685475,3.555187,-0.692474,-0.082099,41.918796,14.552947,5.296088,-0.112598,-0.565958,19.488950,3.600000
1450,0.010000,0.000000,0.027245,0.013623,0.001866,1.473794,0.000682,40.884559,11.095701,1.473893,40.884561,11.095701,1.473889,25.064822,25.139214,0.000281,25.064818,25.139213,0.000271,-0.000099,nan,nan,0.000001,0.000002,-0.000000,-0.000004,11.099052,14.699052,3.554624,-0.695997,-0.082778,41.921222,14.566306,5.278665,-0.113235,-0.566965,19.437600,3.600000
1460,0.010000,0.003104,0.000000,0.001552,-0.000213,1.474368,0.000474,40.884712,11.097245,1.474363,40.884712,11.097245,1.474363,25.064918,25.139313,0.000281,25.064914,25.139313,0.000271,0.000005,nan,nan,0.000000,-0.000000,0.000000,0.000000,11.100599,14.700599,3.554283,-0.697810,-0.083252,41.921498,14.567827,5.276681,-0.113725,-0.568229,19.437600,3.600000
1470,0.010000,0.000000,0.016727,0.008363,0.001146,1.474639,0.000202,40.885517,11.105570,1.474566,40.885515,11.105570,1.474568,25.065017,25.139413,0.000281,25.065013,25.139413,0.000271,0.000073,nan,nan,0.000001,-0.000002,0.000000,0.000003,11.108933,14.708933,3.554082,-0.699234,-0.083457,41.922988,14.576028,5.265989,-0.113893,-0.568234,19.447263,3.600000
1480,0.010000,0.002931,0.000000,0.001466,-0.000201,1.474565,-0.000075,40.885656,11.107029,1.474494,40.885654,11.107029,1.474496,25.065114,25.139513,0.000281,25.065110,25.139513,0.000271,0.000071,nan,nan,0.000001,-0.000002,0.000000,0.000003,11.110394,14.710394,3.554122,-0.699101,-0.083385,41.923249,14.577465,5.264115,-0.113810,-0.567924,19.443804,3.600000
1490,0.010000,0.000000,0.006035,0.003018,0.000413,1.474544,-0.000000,40.885945,11.110033,1.474496,40.885944,11.110033,1.474498,25.065211,25.139613,0.000281,25.065207,25.139613,0.000271,0.000047,nan,nan,0.000000,-0.000001,0.000000,0.000002,11.113401,14.713401,3.554100,-0.699358,-0.083387,41.923786,14.580423,5.260258,-0.113794,-0.567717,19.392453,3.600000
1500,0.010000,0.006208,0.000000,0.003104,-0.000425,1.474715,0.000261,40.886242,11.113123,1.474759,40.886243,11.113122,1.474758,25.065308,25.139713,0.000281,25.065305,25.139713,0.000271,-0.000044,nan,nan,0.000000,0.000001,-0.000000,-0.000002,11.116494,14.716494,3.553897,-0.700537,-0.083646,41.924339,14.583467,5.256290,-0.114049,-0.568245,19.392453,3.600000
1510,0.010000,0.000000,0.006035,0.003018,0.000413,1.475175,0.000469,40.886532,11.116126,1.475226,40.886533,11.116126,1.475224,25.065406,25.139813,0.000281,25.065403,25.139813,0.000271,-0.000052,nan,nan,0.000000,0.000001,-0.000000,-0.000002,11.119501,14.719501,3.553548,-0.702446,-0.084113,41.924877,14.586425,5.252432,-0.114523,-0.569375,19.422215,3.600000
1520,0.010000,0.000000,0.006208,0.003104,0.000425,1.475789,0.000613,40.886829,11.119216,1.475837,40.886830,11.119216,1.475835,25.065504,25.139913,0.000281,25.065501,25.139913,0.000271,-0.000048,nan,nan,0.000000,0.000001,-0.000000,-0.000002,11.122594,14.722594,3.553096,-0.704876,-0.084724,41.925429,14.589469,5.248465,-0.115147,-0.570913,19.414878,3.600000
1530,0.010000,0.000000,0.000000,0.000000,0.000000,1.476342,0.000527,40.886830,11.119216,1.476363,40.886831,11.119216,1.476362,25.065601,25.140013,0.000281,25.065598,25.140013,0.000271,-0.000020,nan,nan,0.000000,0.000000,-0.000000,-0.000001,11.122594,14.722594,3.552725,-0.706746,-0.085250,41.925429,14.589469,5.248465,-0.115700,-0.572428,19.414878,3.600000
1540,0.010000,0.000000,0.015175,0.007587,0.001039,1.476801,0.000485,40.887546,11.126769,1.476847,40.887547,11.126769,1.476845,25.065700,25.140113,0.000281,25.065698,25.140113,0.000271,-0.000046,nan,nan,0.000000,0.000001,-0.000000,-0.000002,11.130154,14.730154,3.552328,-0.709105,-0.085733,41.926781,14.596907,5.238769,-0.116164,-0.573278,19.363528,3.600000
1550,0.010000,0.000000,0.000000,0.000000,0.000000,1.477205,0.000410,40.887547,11.126769,1.477255,40.887548,11.126769,1.477253,25.065798,25.140213,0.000281,25.065795,25.140213,0.000271,-0.000050,nan,nan,0.000000,0.000001,-0.000000,-0.000002,11.130154,14.730154,3.552038,-0.710555,-0.086142,41.926781,14.596907,5.238769,-0.116592,-0.574450,19.363528,3.600000
1560,0.010000,0.016554,0.021210,0.018882,0.000319,1.477495,0.000320,40.889312,11.145568,1.477573,40.889313,11.145568,1.477570,25.065900,25.140313,0.000281,25.065898,25.140313,0.000271,-0.000078,nan,nan,0.000001,0.000001,-0.000000,-0.000003,11.148966,14.748966,3.551672,-0.713297,-0.086459,41.930143,14.615416,5.214648,-0.116817,-0.574012,19.312177,3.600000
1570,0.010000,0.000000,0.000000,0.000000,0.000000,1.477846,0.000357,40.889313,11.145568,1.477927,40.889314,11.145568,1.477924,25.065998,25.140413,0.000281,25.065996,25.140413,0.000271,-0.000081,nan,nan,0.000001,0.000001,-0.000000,-0.000003,11.148966,14.748966,3.551420,-0.714553,-0.086813,41.930143,14.615416,5.214648,-0.117188,-0.575022,19.312177,3.600000
1580,0.010000,0.018278,0.019658,0.018968,0.000094,1.478342,0.000538,40.891073,11.164454,1.478462,40.891076,11.164454,1.478458,25.066101,25.140513,0.000281,25.066098,25.140513,0.000271,-0.000120,nan,nan,0.000002,0.000002,-0.000000,-0.000004,11.167863,14.767863,3.550895,-0.718085,-0.087346,41.933520,14.634009,5.190424,-0.117638,-0.575180,19.260827,3.600000
1590,0.010000,0.000000,0.000000,0.000000,0.000000,1.478944,0.000533,40.891076,11.164454,1.478990,40.891076,11.164454,1.478989,25.066198,25.140613,0.000281,25.066196,25.140613,0.000271,-0.000047,nan,nan,0.000000,0.000001,-0.000000,-0.000002,11.167863,14.767863,3.550513,-0.719970,-0.087877,41.933520,14.634009,5.190424,-0.118195,-0.576689,19.260827,3.600000
1600,0.010000,0.002931,0.004483,0.003707,0.000106,1.479319,0.000256,40.891416,11.168146,1.479244,40.891415,11.168146,1.479247,25.066297,25.140713,0.000281,25.066295,25.140713,0.000271,0.000075,nan,nan,0.000001,-0.000001,0.000000,0.000003,11.171556,14.771556,3.550298,-0.721212,-0.088136,41.934180,14.637642,5.185691,-0.118444,-0.577158,19.298424,3.600000
1610,0.010000,0.000000,0.000000,0.000000,0.000000,1.479415,0.000117,40.891415,11.168146,1.479364,40.891414,11.168146,1.479366,25.066395,25.140813,0.000281,25.066393,25.140813,0.000271,0.000050,nan,nan,0.000000,-0.000001,0.000000,0.000002,11.171556,14.771556,3.550212,-0.721635,-0.088255,41.934180,14.637642,5.185691,-0.118569,-0.577496,19.298424,3.600000
1620,0.010000,0.000000,0.000000,0.000000,0.000000,1.479432,-0.000000,40.891414,11.168146,1.479366,40.891413,11.168146,1.479368,25.066493,25.140913,0.000281,25.066492,25.140913,0.000271,0.000066,nan,nan,0.000001,-0.000001,0.000000,0.000002,11.171556,14.771556,3.550210,-0.721645,-0.088257,41.934180,14.637642,5.185691,-0.118571,-0.577504,19.298424,3.600000
1630,0.010000,0.000000,0.000000,0.000000,0.000000,1.479384,-0.000000,40.891413,11.168146,1.479368,40.891413,11.168146,1.479369,25.066592,25.141013,0.000281,25.066590,25.141013,0.000271,0.000016,nan,nan,0.000000,-0.000000,0.000000,0.000001,11.171556,14.771556,3.550210,-0.721647,-0.088258,41.934180,14.637642,5.185691,-0.118572,-0.577506,19.298424,3.600000
1640,0.010000,0.003104,0.003104,0.003104,0.000000,1.479480,0.000123,40.891696,11.171237,1.479492,40.891697,11.171237,1.479491,25.066691,25.141113,0.000281,25.066689,25.141113,0.000271,-0.000011,nan,nan,0.000000,0.000000,-0.000000,-0.000000,11.174648,14.774648,3.550098,-0.722353,-0.088380,41.934732,14.640684,5.181729,-0.118682,-0.577629,19.247074,3.600000
1650,0.010000,0.000000,0.000000,0.000000,0.000000,1.479865,0.000384,40.891697,11.171237,1.479875,40.891697,11.171237,1.479874,25.066789,25.141213,0.000281,25.066788,25.141213,0.000271,-0.000009,nan,nan,0.000000,0.000000,-0.000000,-0.000000,11.174648,14.774648,3.549821,-0.723713,-0.088763,41.934732,14.640684,5.181729,-0.119083,-0.578717,19.247074,3.600000
1660,0.010000,0.002931,0.008967,0.005949,0.000413,1.480181,0.000325,40.892237,11.177162,1.480199,40.892237,11.177162,1.480199,25.066889,25.141313,0.000281,25.066888,25.141313,0.000271,-0.000018,nan,nan,0.000000,0.000000,-0.000000,-0.000001,11.180573,14.780573,3.549539,-0.725389,-0.089087,41.935791,14.646515,5.174136,-0.119388,-0.579207,19.276911,3.600000
1670,0.010000,0.000000,0.000000,0.000000,0.000000,1.480463,0.000298,40.892237,11.177162,1.480497,40.892237,11.177162,1.480496,25.066988,25.141413,0.000281,25.066986,25.141413,0.000271,-0.000034,nan,nan,0.000000,0.000000,-0.000000,-0.000001,11.180573,14.780573,3.549323,-0.726443,-0.089384,41.935791,14.646515,5.174136,-0.119699,-0.580048,19.276911,3.600000
1680,0.010000,0.000000,0.006208,0.003104,0.000425,1.480704,0.000181,40.892517,11.180253,1.480677,40.892517,11.180253,1.480678,25.067087,25.141513,0.000281,25.067086,25.141513,0.000271,0.000027,nan,nan,0.000000,-0.000000,0.000000,0.000001,11.183665,14.783665,3.549166,-0.727365,-0.089566,41.936344,14.649556,5.170175,-0.119872,-0.580340,19.225560,3.600000
1690,0.010000,0.000000,0.000000,0.000000,0.000000,1.480596,-0.000117,40.892517,11.180253,1.480561,40.892517,11.180253,1.480562,25.067186,25.141613,0.000281,25.067185,25.141613,0.000271,0.000036,nan,nan,0.000000,-0.000000,0.000000,0.000001,11.183665,14.783665,3.549250,-0.726954,-0.089450,41.936344,14.649556,5.170175,-0.119750,-0.580013,19.225560,3.600000
1700,0.010000,0.000000,0.000000,0.000000,0.000000,1.480442,-0.000138,40.892517,11.180253,1.480423,40.892516,11.180253,1.480424,25.067285,25.141713,0.000281,25.067284,25.141713,0.000271,0.000018,nan,nan,0.000000,-0.000000,0.000000,0.000001,11.183665,14.783665,3.549351,-0.726465,-0.089313,41.936344,14.649556,5.170175,-0.119606,-0.579622,19.269531,3.600000
1710,0.010000,0.000000,0.000000,0.000000,0.000000,1.480494,0.000101,40.892516,11.180253,1.480525,40.892517,11.180253,1.480524,25.067384,25.141813,0.000281,25.067383,25.141813,0.000271,-0.000031,nan,nan,0.000000,0.000000,-0.000000,-0.000001,11.183665,14.783665,3.549278,-0.726820,-0.089413,41.936344,14.649556,5.170175,-0.119711,-0.579905,19.269531,3.600000
1720,0.010000,0.003104,0.002931,0.003018,-0.000012,1.480685,0.000160,40.892789,11.183258,1.480684,40.892789,11.183258,1.480684,25.067483,25.141913,0.000281,25.067482,25.141913,0.000271,0.000001,nan,nan,0.000000,-0.000000,0.000000,0.000000,11.186671,14.786671,3.549137,-0.727656,-0.089572,41.936881,14.652513,5.166324,-0.119861,-0.580140,19.218180,3.600000
1730,0.010000,0.000000,0.000000,0.000000,0.000000,1.480895,0.000186,40.892789,11.183258,1.480870,40.892789,11.183258,1.480871,25.067582,25.142013,0.000281,25.067581,25.142013,0.000271,0.000025,nan,nan,0.000000,-0.000000,0.000000,0.000001,11.186671,14.786671,3.549001,-0.728321,-0.089760,41.936881,14.652513,5.166324,-0.120057,-0.580670,19.218180,3.600000
1740,0.010000,0.000000,0.003104,0.001552,0.000213,1.481067,0.000176,40.892928,11.184804,1.481047,40.892928,11.184804,1.481048,25.067682,25.142113,0.000281,25.067681,25.142113,0.000271,0.000020,nan,nan,0.000000,-0.000000,0.000000,0.000001,11.188216,14.788216,3.548860,-0.729086,-0.089936,41.937157,14.654034,5.164344,-0.120232,-0.581057,19.258661,3.600000
1750,0.010000,0.000000,0.000000,0.000000,0.000000,1.481067,0.000176,40.892928,11.184804,1.481223,40.892929,11.184804,1.481218,25.067781,25.142213,0.000281,25.067780,25.142213,0.000271,-0.000156,nan,nan,0.000003,0.000002,-0.000000,-0.000006,11.188216,14.788216,3.548736,-0.729689,-0.090106,41.937157,14.654034,5.164343,-0.120410,-0.581537,19.258661,3.600000
1760,0.010000,0.000000,0.002931,0.001466,0.000201,1.481228,0.000154,40.893060,11.186264,1.481372,40.893062,11.186264,1.481367,25.067880,25.142313,0.000281,25.067880,25.142313,0.000271,-0.000144,nan,nan,0.000003,0.000001,-0.000000,-0.000005,11.189676,14.789676,3.548615,-0.730349,-0.090256,41.937418,14.655471,5.162473,-0.120558,-0.581853,19.207310,3.600000
1770,0.010000,0.000000,0.000000,0.000000,0.000000,1.481273,0.000059,40.893062,11.186264,1.481426,40.893063,11.186263,1.481420,25.067980,25.142413,0.000281,25.067979,25.142413,0.000271,-0.000153,nan,nan,0.000003,0.000001,-0.000000,-0.000005,11.189676,14.789676,3.548576,-0.730536,-0.090309,41.937418,14.655471,5.162473,-0.120613,-0.582002,19.207310,3.600000
1780,0.010000,0.003104,0.006208,0.004656,0.000213,1.481326,0.000048,40.893479,11.190901,1.481468,40.893480,11.190900,1.481463,25.068080,25.142513,0.000281,25.068079,25.142513,0.000271,-0.000142,nan,nan,0.000003,0.000001,-0.000000,-0.000005,11.194313,14.794313,3.548507,-0.731105,-0.090352,41.938247,14.660033,5.156533,-0.120631,-0.581785,19.244091,3.600000
1790,0.010000,0.000000,0.000000,0.000000,0.000000,1.481564,0.000229,40.893480,11.190900,1.481692,40.893481,11.190900,1.481688,25.068179,25.142613,0.000281,25.068178,25.142613,0.000271,-0.000129,nan,nan,0.000002,0.000001,-0.000000,-0.000005,11.194313,14.794313,3.548343,-0.731900,-0.090576,41.938247,14.660033,5.156532,-0.120866,-0.582418,19.244091,3.600000
1800,0.010000,0.000000,0.002931,0.001466,0.000201,1.481786,0.000192,40.893611,11.192360,1.481879,40.893612,11.192360,1.481876,25.068279,25.142713,0.000281,25.068278,25.142713,0.000271,-0.000094,nan,nan,0.000001,0.000001,-0.000000,-0.000003,11.195773,14.795773,3.548193,-0.732700,-0.090765,41.938508,14.661469,5.154662,-0.121054,-0.582843,19.192741,3.600000
1810,0.010000,0.000000,0.000000,0.000000,0.000000,1.482025,0.000266,40.893612,11.192360,1.482142,40.893613,11.192360,1.482138,25.068378,25.142813,0.000281,25.068378,25.142813,0.000271,-0.000118,nan,nan,0.000002,0.000001,-0.000000,-0.000004,11.195773,14.795773,3.548001,-0.733629,-0.091027,41.938508,14.661469,5.154662,-0.121329,-0.583582,19.192741,3.600000
1820,0.010000,0.001380,0.003104,0.002242,0.000118,1.482316,0.000256,40.893812,11.194593,1.482394,40.893812,11.194593,1.482391,25.068478,25.142913,0.000281,25.068477,25.142913,0.000271,-0.000078,nan,nan,0.000001,0.000001,-0.000000,-0.000003,11.198005,14.798005,3.547797,-0.734729,-0.091280,41.938907,14.663666,5.151803,-0.121580,-0.584132,19.235263,3.600000
1830,0.010000,0.000000,0.000000,0.000000,0.000000,1.482412,0.000069,40.893812,11.194593,1.482460,40.893813,11.194593,1.482459,25.068577,25.143013,0.000281,25.068577,25.143013,0.000271,-0.000049,nan,nan,0.000000,0.000000,-0.000000,-0.000002,11.198005,14.798005,3.547748,-0.734968,-0.091347,41.938907,14.663666,5.151802,-0.121650,-0.584322,19.235263,3.600000
1840,0.010000,0.003104,0.006035,0.004570,0.000201,1.482378,-0.000043,40.894216,11.199145,1.482416,40.894216,11.199145,1.482415,25.068677,25.143113,0.000281,25.068677,25.143113,0.000271,-0.000038,nan,nan,0.000000,0.000000,-0.000000,-0.000001,11.202556,14.802556,3.547742,-0.735227,-0.091303,41.939720,14.668143,5.145974,-0.121578,-0.583867,19.183913,3.600000
1850,0.010000,0.000000,0.000000,0.000000,0.000000,1.482438,0.000160,40.894216,11.199145,1.482574,40.894217,11.199144,1.482570,25.068777,25.143213,0.000281,25.068777,25.143213,0.000271,-0.000136,nan,nan,0.000002,0.000001,-0.000000,-0.000005,11.202556,14.802556,3.547628,-0.735775,-0.091458,41.939720,14.668143,5.145974,-0.121740,-0.584303,19.183913,3.600000
1860,0.010000,0.015175,0.012071,0.013623,-0.000213,1.482673,0.000240,40.895417,11.212714,1.482809,40.895418,11.212714,1.482804,25.068878,25.143313,0.000281,25.068878,25.143313,0.000271,-0.000136,nan,nan,0.000002,0.000001,-0.000000,-0.000005,11.216122,14.816122,3.547341,-0.737846,-0.091693,41.942145,14.681491,5.128601,-0.121906,-0.583969,19.191900,3.600000
1870,0.010000,0.000000,0.000000,0.000000,0.000000,1.482818,0.000112,40.895418,11.212714,1.482916,40.895419,11.212714,1.482913,25.068978,25.143413,0.000281,25.068977,25.143413,0.000271,-0.000098,nan,nan,0.000001,0.000001,-0.000000,-0.000004,11.216122,14.816122,3.547261,-0.738230,-0.091801,41.942145,14.681491,5.128601,-0.122019,-0.584273,19.191900,3.600000
1880,0.010000,0.002931,0.009139,0.006035,0.000425,1.483081,0.000277,40.895949,11.218726,1.483190,40.895950,11.218726,1.483186,25.069078,25.143513,0.000281,25.069078,25.143513,0.000271,-0.000109,nan,nan,0.000002,0.000001,-0.000000,-0.000004,11.222132,14.822132,3.547009,-0.739749,-0.092074,41.943219,14.687404,5.120905,-0.122269,-0.584596,19.140549,3.600000
1890,0.010000,0.000000,0.000000,0.000000,0.000000,1.483411,0.000362,40.895950,11.218726,1.483548,40.895951,11.218726,1.483543,25.069178,25.143613,0.000281,25.069177,25.143613,0.000271,-0.000137,nan,nan,0.000002,0.000001,-0.000000,-0.000005,11.222132,14.822132,3.546744,-0.741015,-0.092432,41.943219,14.687404,5.120905,-0.122642,-0.585597,19.140549,3.600000
1900,0.010000,0.000000,0.000000,0.000000,0.000000,1.483618,0.000186,40.895951,11.218726,1.483730,40.895951,11.218726,1.483726,25.069277,25.143713,0.000281,25.069277,25.143713,0.000271,-0.000111,nan,nan,0.000002,0.000001,-0.000000,-0.000004,11.222132,14.822132,3.546609,-0.741662,-0.092614,41.943219,14.687404,5.120904,-0.122832,-0.586108,19.177494,3.600000
1910,0.010000,0.000000,0.000000,0.000000,0.000000,1.483651,-0.000000,40.895951,11.218726,1.483726,40.895952,11.218726,1.483723,25.069377,25.143813,0.000281,25.069377,25.143813,0.000271,-0.000075,nan,nan,0.000001,0.000000,-0.000000,-0.000003,11.222132,14.822132,3.546611,-0.741652,-0.092612,41.943219,14.687404,5.120904,-0.122830,-0.586100,19.177494,3.600000
1920,0.010000,0.000000,0.000000,0.000000,0.000000,1.483679,-0.000000,40.895952,11.218726,1.483723,40.895952,11.218726,1.483721,25.069477,25.143913,0.000281,25.069476,25.143913,0.000271,-0.000044,nan,nan,0.000000,0.000000,-0.000000,-0.000002,11.222132,14.822132,3.546612,-0.741646,-0.092610,41.943219,14.687404,5.120904,-0.122828,-0.586095,19.177494,3.600000
1930,0.010000,0.000000,0.000000,0.000000,0.000000,1.483511,-0.000123,40.895952,11.218726,1.483599,40.895952,11.218725,1.483596,25.069576,25.144013,0.000281,25.069576,25.144013,0.000271,-0.000088,nan,nan,0.000001,0.000001,-0.000000,-0.000003,11.222132,14.822132,3.546706,-0.741200,-0.092484,41.943219,14.687404,5.120904,-0.122697,-0.585743,19.177494,3.600000
1940,0.010000,0.000000,0.000000,0.000000,0.000000,1.483600,0.000160,40.895952,11.218725,1.483756,40.895953,11.218725,1.483750,25.069676,25.144113,0.000281,25.069676,25.144113,0.000271,-0.000156,nan,nan,0.000003,0.000001,-0.000000,-0.000006,11.222132,14.822132,3.546591,-0.741746,-0.092639,41.943219,14.687404,5.120904,-0.122858,-0.586174,19.177493,3.600000
1950,0.010000,0.000000,0.000000,0.000000,0.000000,1.483988,0.000373,40.895953,11.218725,1.484123,40.895954,11.218725,1.484118,25.069776,25.144213,0.000281,25.069776,25.144213,0.000271,-0.000135,nan,nan,0.000002,0.000001,-0.000000,-0.000005,11.222132,14.822132,3.546318,-0.743051,-0.093007,41.943219,14.687404,5.120904,-0.123242,-0.587205,19.177493,3.600000
1960,0.010000,0.000000,0.001552,0.000776,0.000106,1.484292,0.000256,40.896021,11.219498,1.484374,40.896022,11.219498,1.484371,25.069876,25.144313,0.000281,25.069875,25.144313,0.000271,-0.000082,nan,nan,0.000001,0.000000,-0.000000,-0.000003,11.222905,14.822905,3.546124,-0.744018,-0.093259,41.943357,14.688164,5.119915,-0.123501,-0.587856,19.126143,3.600000
1970,0.010000,0.000000,0.000000,0.000000,0.000000,1.484403,0.000075,40.896022,11.219498,1.484445,40.896022,11.219498,1.484444,25.069975,25.144413,0.000281,25.069975,25.144413,0.000271,-0.000042,nan,nan,0.000000,0.000000,-0.000000,-0.000001,11.222905,14.822905,3.546069,-0.744277,-0.093333,41.943357,14.688164,5.119914,-0.123578,-0.588061,19.126143,3.600000
1980,0.010000,0.000000,0.002931,0.001466,0.000201,1.484434,0.000069,40.896148,11.220959,1.484513,40.896149,11.220958,1.484510,25.070075,25.144513,0.000281,25.070075,25.144513,0.000271,-0.000079,nan,nan,0.000001,0.000000,-0.000000,-0.000003,11.224364,14.824364,3.546007,-0.744648,-0.093399,41.943618,14.689600,5.118046,-0.123638,-0.588140,19.172142,3.600000
1990,0.010000,0.000000,0.000000,0.000000,0.000000,1.484434,-0.000000,40.896149,11.220958,1.484510,40.896149,11.220958,1.484508,25.070175,25.144613,0.000281,25.070175,25.144613,0.000271,-0.000077,nan,nan,0.000001,0.000000,-0.000000,-0.000003,11.224364,14.824364,3.546009,-0.744638,-0.093396,41.943618,14.689600,5.118046,-0.123635,-0.588132,19.172141,3.600000
2000,0.010000,0.003104,0.003104,0.003104,0.000000,1.484326,-0.000133,40.896417,11.224051,1.484374,40.896417,11.224051,1.484373,25.070275,25.144713,0.000281,25.070275,25.144713,0.000271,-0.000048,nan,nan,0.000000,0.000000,-0.000000,-0.000002,11.227455,14.827455,3.546083,-0.744448,-0.093261,41.944170,14.692641,5.114090,-0.123476,-0.587527,19.120791,3.600000
2010,0.010000,0.000000,0.000000,0.000000,0.000000,1.484426,0.000170,40.896417,11.224051,1.484543,40.896417,11.224051,1.484539,25.070375,25.144813,0.000281,25.070375,25.144813,0.000271,-0.000117,nan,nan,0.000002,0.000001,-0.000000,-0.000004,11.227455,14.827455,3.545959,-0.745037,-0.093428,41.944170,14.692641,5.114090,-0.123650,-0.587992,19.120791,3.600000
2020,0.010000,0.000000,0.001552,0.000776,0.000106,1.484796,0.000357,40.896484,11.224824,1.484896,40.896485,11.224824,1.484892,25.070475,25.144913,0.000281,25.070475,25.144913,0.000271,-0.000099,nan,nan,0.000001,0.000000,-0.000000,-0.000004,11.228227,14.828227,3.545689,-0.746362,-0.093781,41.944308,14.693401,5.113100,-0.124014,-0.588923,19.162876,3.600000
2030,0.010000,0.000000,0.000000,0.000000,0.000000,1.485030,0.000176,40.896485,11.224824,1.485068,40.896485,11.224824,1.485067,25.070575,25.145013,0.000281,25.070575,25.145013,0.000271,-0.000038,nan,nan,0.000000,0.000000,-0.000000,-0.000001,11.228227,14.828227,3.545558,-0.746980,-0.093955,41.944308,14.693401,5.113100,-0.124196,-0.589411,19.162876,3.600000
2040,0.010000,0.000000,0.000000,0.000000,0.000000,1.484998,-0.000069,40.896485,11.224824,1.484998,40.896485,11.224824,1.484998,25.070675,25.145113,0.000281,25.070674,25.145113,0.000271,0.000001,nan,nan,0.000000,-0.000000,0.000000,0.000000,11.228227,14.828227,3.545610,-0.746734,-0.093886,41.944308,14.693401,5.113100,-0.124124,-0.589217,19.162876,3.600000
2050,0.010000,0.000000,0.000000,0.000000,0.000000,1.484866,-0.000117,40.896485,11.224824,1.484880,40.896485,11.224824,1.484880,25.070774,25.145213,0.000281,25.070774,25.145212,0.000271,-0.000014,nan,nan,0.000000,0.000000,-0.000000,-0.000001,11.228227,14.828227,3.545698,-0.746317,-0.093768,41.944308,14.693401,5.113100,-0.124001,-0.588888,19.162876,3.600000
2060,0.010000,0.000000,0.002931,0.001466,0.000201,1.484688,-0.000186,40.896611,11.226284,1.484693,40.896611,11.226284,1.484693,25.070874,25.145313,0.000281,25.070874,25.145312,0.000271,-0.000005,nan,nan,0.000000,0.000000,-0.000000,-0.000000,11.229686,14.829686,3.545824,-0.745792,-0.093582,41.944569,14.694837,5.111232,-0.123798,-0.588259,19.111526,3.600000
2070,0.010000,0.000000,0.000000,0.000000,0.000000,1.484655,-0.000000,40.896611,11.226284,1.484693,40.896611,11.226284,1.484692,25.070974,25.145412,0.000281,25.070974,25.145412,0.000271,-0.000038,nan,nan,0.000000,0.000000,-0.000000,-0.000001,11.229686,14.829686,3.545825,-0.745787,-0.093580,41.944569,14.694837,5.111232,-0.123796,-0.588255,19.111526,3.600000
2080,0.010000,0.003104,0.003104,0.003104,0.000000,1.484932,0.000325,40.896878,11.229376,1.485017,40.896878,11.229376,1.485014,25.071074,25.145512,0.000281,25.071074,25.145512,0.000271,-0.000084,nan,nan,0.000001,0.000000,-0.000000,-0.000003,11.232777,14.832777,3.545558,-0.747217,-0.093902,41.945121,14.697877,5.107276,-0.124114,-0.588926,19.151959,3.600000
2090,0.010000,0.000000,0.000000,0.000000,0.000000,1.485294,0.000298,40.896878,11.229376,1.485312,40.896878,11.229376,1.485311,25.071174,25.145612,0.000281,25.071174,25.145612,0.000271,-0.000018,nan,nan,0.000000,0.000000,-0.000000,-0.000001,11.232777,14.832777,3.545335,-0.748272,-0.094200,41.945121,14.697877,5.107276,-0.124425,-0.589758,19.151959,3.600000
2100,0.010000,0.000000,0.000000,0.000000,0.000000,1.485438,0.000154,40.896878,11.229376,1.485466,40.896878,11.229376,1.485465,25.071274,25.145712,0.000281,25.071274,25.145712,0.000271,-0.000028,nan,nan,0.000000,0.000000,-0.000000,-0.000001,11.232777,14.832777,3.545220,-0.748816,-0.094354,41.945121,14.697877,5.107276,-0.124585,-0.590187,19.151959,3.600000
2110,0.010000,0.000000,0.000000,0.000000,0.000000,1.485549,0.000096,40.896878,11.229376,1.485561,40.896878,11.229376,1.485560,25.071374,25.145812,0.000281,25.071374,25.145812,0.000271,-0.000012,nan,nan,0.000000,0.000000,-0.000000,-0.000000,11.232777,14.832777,3.545149,-0.749154,-0.094449,41.945121,14.697877,5.107276,-0.124684,-0.590454,19.151959,3.600000
2120,0.010000,0.000000,0.006035,0.003018,0.000413,1.485477,-0.000085,40.897135,11.232383,1.485475,40.897135,11.232383,1.485475,25.071474,25.145912,0.000281,25.071474,25.145912,0.000271,0.000002,nan,nan,0.000000,-0.000000,0.000000,0.000000,11.235781,14.835781,3.545186,-0.749136,-0.094364,41.945658,14.700833,5.103431,-0.124578,-0.589994,19.100609,3.600000
2130,0.010000,0.000000,0.000000,0.000000,0.000000,1.485309,-0.000128,40.897135,11.232383,1.485347,40.897135,11.232383,1.485346,25.071574,25.146012,0.000281,25.071574,25.146012,0.000271,-0.000038,nan,nan,0.000000,0.000000,-0.000000,-0.000001,11.235781,14.835781,3.545283,-0.748678,-0.094235,41.945658,14.700833,5.103431,-0.124443,-0.589634,19.100609,3.600000
2140,0.010000,0.006035,0.006035,0.006035,0.000000,1.485454,0.000208,40.897650,11.238396,1.485554,40.897651,11.238396,1.485550,25.071674,25.146112,0.000281,25.071674,25.146112,0.000271,-0.000099,nan,nan,0.000001,0.000000,-0.000000,-0.000004,11.241790,14.841790,3.545076,-0.749967,-0.094439,41.946732,14.706745,5.095741,-0.124621,-0.589759,19.130318,3.600000
2150,0.010000,0.000000,0.000000,0.000000,0.000000,1.485835,0.000384,40.897651,11.238396,1.485934,40.897651,11.238396,1.485930,25.071774,25.146212,0.000281,25.071774,25.146212,0.000271,-0.000099,nan,nan,0.000001,0.000000,-0.000000,-0.000004,11.241790,14.841790,3.544791,-0.751313,-0.094819,41.946732,14.706745,5.095741,-0.125017,-0.590818,19.130318,3.600000
2160,0.010000,0.000000,0.000000,0.000000,0.000000,1.486168,0.000256,40.897651,11.238396,1.486186,40.897651,11.238396,1.486185,25.071874,25.146312,0.000281,25.071874,25.146312,0.000271,-0.000018,nan,nan,0.000000,0.000000,-0.000000,-0.000001,11.241790,14.841790,3.544599,-0.752217,-0.095074,41.946732,14.706745,5.095741,-0.125283,-0.591528,19.130318,3.600000
2170,0.010000,0.000000,0.000000,0.000000,0.000000,1.486258,0.000043,40.897651,11.238396,1.486228,40.897651,11.238396,1.486229,25.071974,25.146412,0.000281,25.071974,25.146412,0.000271,0.000030,nan,nan,0.000000,-0.000000,0.000000,0.000001,11.241790,14.841790,3.544566,-0.752372,-0.095118,41.946732,14.706745,5.095741,-0.125328,-0.591650,19.130318,3.600000
2180,0.010000,0.000000,0.000000,0.000000,0.000000,1.486111,-0.000154,40.897651,11.238396,1.486075,40.897651,11.238396,1.486076,25.072074,25.146512,0.000281,25.072074,25.146512,0.000271,0.000037,nan,nan,0.000000,-0.000000,0.000000,0.000001,11.241790,14.841790,3.544682,-0.751830,-0.094964,41.946732,14.706745,5.095741,-0.125169,-0.591224,19.130318,3.600000
2190,0.010000,0.000000,0.000000,0.000000,0.000000,1.485858,-0.000202,40.897651,11.238396,1.485873,40.897651,11.238396,1.485873,25.072174,25.146612,0.000281,25.072174,25.146612,0.000271,-0.000015,nan,nan,0.000000,0.000000,-0.000000,-0.000001,11.241790,14.841790,3.544834,-0.751110,-0.094761,41.946732,14.706745,5.095741,-0.124957,-0.590658,19.130318,3.600000
2200,0.010000,0.000000,0.000000,0.000000,0.000000,1.485880,0.000075,40.897651,11.238396,1.485947,40.897651,11.238396,1.485945,25.072274,25.146712,0.000281,25.072274,25.146712,0.000271,-0.000068,nan,nan,0.000001,0.000000,-0.000000,-0.000002,11.241790,14.841790,3.544780,-0.751366,-0.094834,41.946732,14.706745,5.095741,-0.125032,-0.590859,19.130318,3.600000
2210,0.010000,0.000000,0.000000,0.000000,0.000000,1.486085,0.000186,40.897651,11.238396,1.486131,40.897651,11.238396,1.486130,25.072374,25.146812,0.000281,25.072374,25.146812,0.000271,-0.000047,nan,nan,0.000000,0.000000,-0.000000,-0.000002,11.241790,14.841790,3.544641,-0.752021,-0.095018,41.946732,14.706745,5.095741,-0.125225,-0.591374,19.130318,3.600000
2220,0.010000,0.001552,0.000000,0.000776,-0.000106,1.486308,0.000208,40.897717,11.239169,1.486338,40.897717,11.239169,1.486336,25.072474,25.146912,0.000281,25.072474,25.146912,0.000271,-0.000029,nan,nan,0.000000,0.000000,-0.000000,-0.000001,11.242562,14.842562,3.544479,-0.752826,-0.095225,41.946870,14.707505,5.094752,-0.125436,-0.591893,19.078968,3.600000
2230,0.010000,0.000000,0.000000,0.000000,0.000000,1.486557,0.000272,40.897717,11.239169,1.486608,40.897717,11.239169,1.486606,25.072574,25.147012,0.000281,25.072574,25.147012,0.000271,-0.000051,nan,nan,0.000000,0.000000,-0.000000,-0.000002,11.242562,14.842562,3.544275,-0.753783,-0.095495,41.946870,14.707505,5.094752,-0.125717,-0.592644,19.078968,3.600000
2240,0.010000,0.000000,0.001552,0.000776,0.000106,1.486696,0.000101,40.897782,11.239943,1.486708,40.897782,11.239943,1.486707,25.072674,25.147112,0.000281,25.072674,25.147112,0.000271,-0.000011,nan,nan,0.000000,0.000000,-0.000000,-0.000000,11.243335,14.843335,3.544192,-0.754214,-0.095596,41.947008,14.708265,5.093764,-0.125818,-0.592868,19.126606,3.600000
2250,0.010000,0.000000,0.000000,0.000000,0.000000,1.486611,-0.000144,40.897782,11.239943,1.486563,40.897782,11.239943,1.486565,25.072774,25.147212,0.000281,25.072774,25.147212,0.000271,0.000048,nan,nan,0.000000,-0.000000,0.000000,0.000002,11.243335,14.843335,3.544299,-0.753710,-0.095454,41.947008,14.708265,5.093764,-0.125670,-0.592472,19.126606,3.600000
2260,0.010000,0.000000,0.002931,0.001466,0.000201,1.486363,-0.000240,40.897906,11.241403,1.486325,40.897905,11.241403,1.486327,25.072874,25.147312,0.000281,25.072874,25.147312,0.000271,0.000038,nan,nan,0.000000,-0.000000,0.000000,0.000001,11.244794,14.844794,3.544466,-0.753004,-0.095215,41.947269,14.709701,5.091896,-0.125413,-0.591701,19.075256,3.600000
2270,0.010000,0.000000,0.000000,0.000000,0.000000,1.486245,-0.000048,40.897905,11.241403,1.486279,40.897906,11.241403,1.486278,25.072974,25.147412,0.000281,25.072974,25.147412,0.000271,-0.000034,nan,nan,0.000000,0.000000,-0.000000,-0.000001,11.244794,14.844794,3.544503,-0.752830,-0.095166,41.947269,14.709701,5.091896,-0.125361,-0.591564,19.075256,3.600000
2280,0.010000,0.000000,0.003104,0.001552,0.000213,1.486332,0.000096,40.898037,11.242950,1.486373,40.898037,11.242950,1.486372,25.073074,25.147512,0.000281,25.073074,25.147512,0.000271,-0.000041,nan,nan,0.000000,0.000000,-0.000000,-0.000001,11.246339,14.846339,3.544418,-0.753311,-0.095260,41.947545,14.711221,5.089919,-0.125451,-0.591712,19.119388,3.600000
2290,0.010000,0.000000,0.000000,0.000000,0.000000,1.486471,0.000133,40.898037,11.242950,1.486505,40.898037,11.242950,1.486504,25.073174,25.147612,0.000281,25.073174,25.147612,0.000271,-0.000034,nan,nan,0.000000,0.000000,-0.000000,-0.000001,11.246339,14.846339,3.544318,-0.753779,-0.095392,41.947545,14.711221,5.089919,-0.125588,-0.592079,19.119388,3.600000
2300,0.010000,0.001380,0.000000,0.000690,-0.000094,1.486651,0.000149,40.898095,11.243637,1.486653,40.898095,11.243637,1.486653,25.073274,25.147712,0.000281,25.073273,25.147712,0.000271,-0.000002,nan,nan,0.000000,0.000000,-0.000000,-0.000000,11.247025,14.847025,3.544199,-0.754373,-0.095542,41.947668,14.711896,5.089041,-0.125740,-0.592443,19.068037,3.600000
2310,0.010000,0.000000,0.000000,0.000000,0.000000,1.486669,-0.000000,40.898095,11.243637,1.486653,40.898095,11.243637,1.486654,25.073373,25.147812,0.000281,25.073373,25.147812,0.000271,0.000016,nan,nan,0.000000,-0.000000,0.000000,0.000001,11.247025,14.847025,3.544199,-0.754375,-0.095542,41.947668,14.711896,5.089041,-0.125740,-0.592445,19.068037,3.600000
2320,0.010000,0.000000,0.000000,0.000000,0.000000,1.486664,0.000059,40.898095,11.243637,1.486712,40.898095,11.243637,1.486710,25.073473,25.147912,0.000281,25.073473,25.147912,0.000271,-0.000048,nan,nan,0.000000,0.000000,-0.000000,-0.000002,11.247025,14.847025,3.544156,-0.754576,-0.095599,41.947668,14.711896,5.089041,-0.125799,-0.592603,19.117737,3.600000
2330,0.010000,0.000000,0.000000,0.000000,0.000000,1.486727,0.000053,40.898095,11.243637,1.486764,40.898095,11.243637,1.486762,25.073573,25.148012,0.000281,25.073573,25.148012,0.000271,-0.000037,nan,nan,0.000000,0.000000,-0.000000,-0.000001,11.247025,14.847025,3.544117,-0.754760,-0.095651,41.947668,14.711896,5.089041,-0.125854,-0.592748,19.117737,3.600000
2340,0.010000,0.003104,0.009139,0.006122,0.000413,1.486784,0.000080,40.898609,11.249737,1.486842,40.898609,11.249737,1.486840,25.073674,25.148112,0.000281,25.073674,25.148112,0.000271,-0.000058,nan,nan,0.000000,0.000000,-0.000000,-0.000002,11.253119,14.853119,3.544002,-0.755618,-0.095729,41.948757,14.717892,5.081244,-0.125899,-0.592512,19.066387,3.600000
2350,0.010000,0.000000,0.000000,0.000000,0.000000,1.486969,0.000218,40.898609,11.249737,1.487059,40.898609,11.249737,1.487055,25.073774,25.148212,0.000281,25.073774,25.148212,0.000271,-0.000089,nan,nan,0.000001,0.000000,-0.000000,-0.000003,11.253119,14.853119,3.543840,-0.756381,-0.095944,41.948757,14.717892,5.081244,-0.126123,-0.593110,19.066387,3.600000
2360,0.010000,0.000000,0.000000,0.000000,0.000000,1.487315,0.000314,40.898609,11.249737,1.487370,40.898609,11.249737,1.487368,25.073874,25.148312,0.000281,25.073874,25.148312,0.000271,-0.000055,nan,nan,0.000000,0.000000,-0.000000,-0.000002,11.253119,14.853119,3.543603,-0.757487,-0.096256,41.948757,14.717892,5.081244,-0.126448,-0.593978,19.103086,3.600000
2370,0.010000,0.000000,0.000000,0.000000,0.000000,1.487509,0.000138,40.898609,11.249737,1.487506,40.898609,11.249737,1.487506,25.073974,25.148412,0.000281,25.073973,25.148412,0.000271,0.000002,nan,nan,0.000000,-0.000000,0.000000,0.000000,11.253119,14.853119,3.543498,-0.757978,-0.096395,41.948757,14.717892,5.081244,-0.126593,-0.594363,19.103086,3.600000
2380,0.010000,0.000000,0.001552,0.000776,0.000106,1.487461,-0.000101,40.898674,11.250510,1.487405,40.898674,11.250510,1.487407,25.074074,25.148512,0.000281,25.074073,25.148512,0.000271,0.000056,nan,nan,0.000000,-0.000000,0.000000,0.000002,11.253891,14.853891,3.543566,-0.757701,-0.096296,41.948895,14.718652,5.080255,-0.126485,-0.594030,19.051736,3.600000
2390,0.010000,0.000000,0.000000,0.000000,0.000000,1.487334,-0.000069,40.898674,11.250510,1.487338,40.898674,11.250510,1.487338,25.074173,25.148612,0.000281,25.074173,25.148612,0.000271,-0.000004,nan,nan,0.000000,0.000000,-0.000000,-0.000000,11.253891,14.853891,3.543619,-0.757455,-0.096226,41.948895,14.718652,5.080255,-0.126413,-0.593837,19.051736,3.600000
2400,0.010000,0.000000,0.000000,0.000000,0.000000,1.487196,-0.000123,40.898674,11.250510,1.487215,40.898674,11.250510,1.487215,25.074273,25.148712,0.000281,25.074273,25.148712,0.000271,-0.000019,nan,nan,0.000000,0.000000,-0.000000,-0.000001,11.253891,14.853891,3.543712,-0.757019,-0.096103,41.948895,14.718652,5.080255,-0.126284,-0.593495,19.101229,3.600000
2410,0.010000,0.000000,0.000000,0.000000,0.000000,1.487202,0.000043,40.898674,11.250510,1.487257,40.898674,11.250510,1.487255,25.074373,25.148812,0.000281,25.074373,25.148812,0.000271,-0.000055,nan,nan,0.000000,0.000000,-0.000000,-0.000002,11.253891,14.853891,3.543681,-0.757163,-0.096144,41.948895,14.718652,5.080255,-0.126326,-0.593608,19.101229,3.600000
2420,0.010000,0.000000,0.000000,0.000000,0.000000,1.487392,0.000181,40.898674,11.250510,1.487436,40.898674,11.250510,1.487435,25.074473,25.148912,0.000281,25.074473,25.148912,0.000271,-0.000044,nan,nan,0.000000,0.000000,-0.000000,-0.000002,11.253891,14.853891,3.543545,-0.757799,-0.096323,41.948895,14.718652,5.080255,-0.126514,-0.594107,19.101229,3.600000
2430,0.010000,0.000000,0.000000,0.000000,0.000000,1.487658,0.000240,40.898674,11.250510,1.487674,40.898674,11.250510,1.487674,25.074573,25.149012,0.000281,25.074573,25.149012,0.000271,-0.000016,nan,nan,0.000000,0.000000,-0.000000,-0.000001,11.253891,14.853891,3.543364,-0.758646,-0.096562,41.948895,14.718652,5.080255,-0.126763,-0.594771,19.101229,3.600000
2440,0.010000,0.001552,0.002931,0.002242,0.000094,1.487822,0.000133,40.898860,11.252744,1.487807,40.898860,11.252744,1.487808,25.074673,25.149112,0.000281,25.074673,25.149112,0.000271,0.000015,nan,nan,0.000000,-0.000000,0.000000,0.000001,11.256122,14.856122,3.543242,-0.759335,-0.096696,41.949294,14.720847,5.077401,-0.126889,-0.594977,19.049878,3.600000
2450,0.010000,0.000000,0.000000,0.000000,0.000000,1.487918,0.000101,40.898860,11.252744,1.487909,40.898860,11.252744,1.487909,25.074773,25.149212,0.000281,25.074773,25.149212,0.000271,0.000009,nan,nan,0.000000,-0.000000,0.000000,0.000000,11.256122,14.856122,3.543165,-0.759695,-0.096798,41.949294,14.720847,5.077401,-0.126995,-0.595258,19.049878,3.600000
2460,0.010000,0.000000,-0.001552,-0.000776,-0.000106,1.487929,-0.000000,40.898796,11.251971,1.487909,40.898796,11.251971,1.487910,25.074873,25.149312,0.000281,25.074873,25.149312,0.000271,0.000020,nan,nan,0.000000,-0.000000,0.000000,0.000001,11.256122,14.856122,3.543940,-0.759697,-0.096798,41.949294,14.720847,5.078389,-0.127005,-0.595376,19.097719,3.600000
2470,0.010000,0.000000,0.000000,0.000000,0.000000,1.487826,-0.000096,40.898796,11.251971,1.487814,40.898796,11.251971,1.487814,25.074973,25.149412,0.000281,25.074973,25.149412,0.000271,0.000012,nan,nan,0.000000,-0.000000,0.000000,0.000000,11.256122,14.856122,3.544012,-0.759359,-0.096703,41.949294,14.720847,5.078389,-0.126905,-0.595111,19.097719,3.600000
2480,0.010000,0.000000,0.000000,0.000000,0.000000,1.487832,0.000043,40.898796,11.251971,1.487857,40.898796,11.251971,1.487856,25.075073,25.149512,0.000281,25.075073,25.149512,0.000271,-0.000025,nan,nan,0.000000,0.000000,-0.000000,-0.000001,11.256122,14.856122,3.543981,-0.759507,-0.096745,41.949294,14.720847,5.078389,-0.126949,-0.595227,19.097719,3.600000
2490,0.010000,0.000000,0.000000,0.000000,0.000000,1.488020,0.000192,40.898796,11.251971,1.488048,40.898796,11.251971,1.488047,25.075173,25.149612,0.000281,25.075173,25.149612,0.000271,-0.000028,nan,nan,0.000000,0.000000,-0.000000,-0.000001,11.256122,14.856122,3.543836,-0.760183,-0.096935,41.949294,14.720847,5.078389,-0.127148,-0.595757,19.097719,3.600000
2500,0.010000,0.000000,0.003104,0.001552,0.000213,1.488189,0.000091,40.898924,11.253517,1.488137,40.898924,11.253517,1.488139,25.075273,25.149712,0.000281,25.075273,25.149712,0.000271,0.000051,nan,nan,0.000000,-0.000000,0.000000,0.000002,11.256895,14.856895,3.542982,-0.760585,-0.097028,41.949432,14.721607,5.076413,-0.127230,-0.595840,19.046369,3.600000
10,0.010000,-0.018278,0.000000,-0.009139,0.001252,1.529144,0.000847,40.873857,10.931627,1.529231,40.873857,10.931627,1.529228,25.083671,25.158103,0.000281,25.083671,25.158103,0.000271,-0.000088,nan,nan,0.000001,-0.000000,0.000000,-0.000003,0.320557,3.920557,-3.584249,-0.338592,0.041568,41.063208,7.336404,-0.048947,0.034290,0.002558,0.051350,3.600000
20,0.010000,0.000000,0.003104,0.001552,0.000213,1.530019,0.000874,40.873921,10.933177,1.530102,40.873921,10.933178,1.530099,25.083771,25.158203,0.000281,25.083771,25.158203,0.000271,-0.000083,nan,nan,0.000001,-0.000000,0.000000,-0.000003,0.320557,3.920557,-3.586094,-0.335470,0.040698,41.063208,7.336404,-0.146977,0.033981,0.007609,0.154051,3.600000
30,0.010000,-0.012071,0.000000,-0.006035,0.000827,1.530540,0.000298,40.873676,10.927147,1.530397,40.873676,10.927147,1.530402,25.083871,25.158303,0.000281,25.083871,25.158303,0.000271,0.000143,nan,nan,0.000003,0.000000,-0.000000,0.000005,0.325026,3.925026,-3.584614,-0.334751,0.040394,41.063395,7.331939,-0.294021,0.034338,0.015189,0.308102,3.600000
40,0.010000,0.000000,-0.006208,-0.003104,-0.000425,1.529798,-0.001087,40.873551,10.924046,1.529316,40.873551,10.924046,1.529333,25.083971,25.158403,0.000281,25.083971,25.158403,0.000271,0.000483,nan,nan,0.000030,0.000001,-0.000000,0.000017,0.328119,3.928119,-3.584232,-0.338837,0.041464,41.063525,7.328848,-0.489442,0.036048,0.025593,0.513503,3.600000
50,0.010000,-0.021210,0.000000,-0.010605,0.001453,1.528087,-0.001875,40.873112,10.913450,1.527458,40.873113,10.913450,1.527480,25.084071,25.158503,0.000281,25.084071,25.158503,0.000271,0.000629,nan,nan,0.000050,0.000001,-0.000000,0.000022,0.338687,3.938687,-3.583524,-0.346355,0.043316,41.063968,7.318289,-0.732513,0.038651,0.039153,0.770255,3.600000
60,0.010000,0.000000,-0.063630,-0.031815,-0.004358,1.526102,-0.002003,40.871736,10.881665,1.525477,40.871738,10.881665,1.525500,25.084173,25.158603,0.000281,25.084173,25.158603,0.000271,0.000625,nan,nan,0.000050,0.000002,-0.000000,0.000022,0.370387,3.970387,-3.582595,-0.356148,0.045297,41.065296,7.286618,-1.022510,0.041639,0.056198,1.078357,3.600000
70,0.010000,-0.022762,0.000000,-0.011381,0.001559,1.524139,-0.001902,40.871222,10.870295,1.523598,40.871224,10.870295,1.523617,25.084273,25.158703,0.000281,25.084273,25.158703,0.000271,0.000541,nan,nan,0.000037,0.000002,-0.000000,0.000019,0.381725,3.981725,-3.581830,-0.363876,0.047179,41.065771,7.275290,-1.360040,0.044796,0.076371,1.437809,3.600000
80,0.010000,0.000000,-0.037764,-0.018882,-0.002587,1.522571,-0.001449,40.870334,10.851434,1.522169,40.870335,10.851434,1.522183,25.084374,25.158803,0.000281,25.084374,25.158803,0.000271,0.000403,nan,nan,0.000021,0.000002,-0.000000,0.000014,0.400532,4.000532,-3.581153,-0.370685,0.048613,41.066559,7.256499,-1.744877,0.047848,0.099815,1.848611,3.600000
90,0.010000,-0.002931,0.000000,-0.001466,0.000201,1.521484,-0.000991,40.870264,10.849970,1.521192,40.870265,10.849970,1.521203,25.084474,25.158903,0.000281,25.084474,25.158903,0.000271,0.000292,nan,nan,0.000011,0.000001,-0.000000,0.000010,0.401992,4.001992,-3.580776,-0.374327,0.049594,41.066621,7.255041,-2.178479,0.050734,0.125843,2.310764,3.600000
100,0.010000,0.000000,-0.021382,-0.010691,-0.001465,1.520866,-0.000463,40.869735,10.839292,1.520739,40.869736,10.839292,1.520744,25.084575,25.159003,0.000281,25.084575,25.159003,0.000271,0.000127,nan,nan,0.000002,0.000001,-0.000000,0.000005,0.412638,4.012638,-3.580514,-0.376942,0.050053,41.067067,7.244403,-2.660388,0.053423,0.154755,2.824267,3.600000
110,0.010000,-0.009139,0.000000,-0.004570,0.000626,1.520965,0.000288,40.869507,10.834728,1.521031,40.869507,10.834728,1.521029,25.084675,25.159103,0.000281,25.084675,25.159103,0.000271,-0.000066,nan,nan,0.000001,-0.000000,0.000000,-0.000002,0.417189,4.017189,-3.580583,-0.376339,0.049767,41.067257,7.239857,-3.193177,0.055645,0.185450,3.389121,3.600000
120,0.010000,0.000000,0.000000,0.000000,0.000000,1.521651,0.000783,40.869507,10.834728,1.521812,40.869506,10.834728,1.521806,25.084775,25.159203,0.000281,25.084775,25.159203,0.000271,-0.000161,nan,nan,0.000003,-0.000001,0.000000,-0.000006,0.417189,4.017189,-3.580874,-0.373556,0.048990,41.067257,7.239857,-3.768453,0.057551,0.217242,3.995988,3.600000
130,0.010000,-0.009139,0.000000,-0.004570,0.000626,1.522424,0.000746,40.869282,10.830164,1.522552,40.869282,10.830164,1.522547,25.084875,25.159303,0.000281,25.084875,25.159303,0.000271,-0.000128,nan,nan,0.000002,-0.000001,0.000000,-0.000005,0.421739,4.021739,-3.581113,-0.371316,0.048249,41.067448,7.235310,-4.344072,0.059478,0.248923,4.602855,3.600000
140,0.010000,0.000000,-0.004483,-0.002242,-0.000307,1.523121,0.000687,40.869174,10.827925,1.523235,40.869173,10.827925,1.523231,25.084975,25.159403,0.000281,25.084975,25.159403,0.000271,-0.000113,nan,nan,0.000002,-0.000000,0.000000,-0.000004,0.423972,4.023972,-3.581347,-0.369071,0.047566,41.067542,7.233080,-4.920497,0.061424,0.280249,5.209723,3.600000
150,0.010000,-0.021210,0.000000,-0.010605,0.001453,1.523677,0.000527,40.868669,10.817332,1.523758,40.868669,10.817332,1.523755,25.085075,25.159503,0.000281,25.085075,25.159503,0.000271,-0.000080,nan,nan,0.000001,-0.000000,0.000000,-0.000003,0.434534,4.034534,-3.581456,-0.368137,0.047041,41.067984,7.222527,-5.495597,0.063551,0.312212,5.816590,3.600000
160,0.010000,0.000000,-0.002931,-0.001466,-0.000201,1.524155,0.000447,40.868600,10.815868,1.524202,40.868600,10.815868,1.524201,25.085175,25.159603,0.000281,25.085175,25.159603,0.000271,-0.000047,nan,nan,0.000000,-0.000000,0.000000,-0.000002,0.435994,4.035994,-3.581608,-0.366670,0.046596,41.068045,7.221068,-6.071911,0.065695,0.343579,6.423457,3.600000
170,0.010000,-0.009139,0.000000,-0.004570,0.000626,1.524425,0.000181,40.868387,10.811303,1.524382,40.868387,10.811303,1.524383,25.085276,25.159703,0.000281,25.085275,25.159703,0.000271,0.000043,nan,nan,0.000000,0.000000,-0.000000,0.000002,0.440546,4.040546,-3.581640,-0.366419,0.046413,41.068236,7.216520,-6.646234,0.068124,0.375818,7.030325,3.600000
180,0.010000,0.000000,0.000000,0.000000,0.000000,1.524371,-0.000096,40.868387,10.811303,1.524287,40.868387,10.811303,1.524290,25.085375,25.159803,0.000281,25.085375,25.159803,0.000271,0.000083,nan,nan,0.000001,0.000000,-0.000000,0.000003,0.440546,4.040546,-3.581606,-0.366751,0.046506,41.068236,7.216520,-7.219166,0.070822,0.408586,7.637192,3.600000
190,0.010000,-0.002931,0.000000,-0.001466,0.000201,1.524216,-0.000138,40.868319,10.809839,1.524152,40.868319,10.809839,1.524154,25.085475,25.159903,0.000281,25.085475,25.159903,0.000271,0.000064,nan,nan,0.000001,0.000000,-0.000000,0.000002,0.442006,4.042006,-3.581544,-0.367368,0.046642,41.068297,7.215061,-7.791301,0.073583,0.441708,8.244059,3.600000
200,0.010000,0.000000,0.000000,0.000000,0.000000,1.524241,0.000048,40.868319,10.809839,1.524202,40.868320,10.809839,1.524204,25.085575,25.160003,0.000281,25.085575,25.160003,0.000271,0.000038,nan,nan,0.000000,0.000000,-0.000000,0.000001,0.442006,4.042006,-3.581562,-0.367191,0.046593,41.068297,7.215061,-8.365320,0.076128,0.474023,8.850927,3.600000
210,0.010000,0.000000,0.000000,0.000000,0.000000,1.524277,-0.000000,40.868320,10.809839,1.524204,40.868320,10.809839,1.524206,25.085675,25.160103,0.000281,25.085675,25.160103,0.000271,0.000073,nan,nan,0.000001,0.000000,-0.000000,0.000003,0.442006,4.042006,-3.581563,-0.367181,0.046590,41.068297,7.215061,-8.938920,0.078725,0.506513,9.457794,3.600000
220,0.010000,0.000000,-0.015175,-0.007587,-0.001039,1.524251,-0.000000,40.867966,10.802260,1.524206,40.867967,10.802260,1.524208,25.085776,25.160203,0.000281,25.085775,25.160203,0.000271,0.000045,nan,nan,0.000000,0.000000,-0.000000,0.000002,0.449564,4.049564,-3.581505,-0.367843,0.046589,41.068614,7.207510,-9.510739,0.081394,0.539886,10.064661,3.600000
230,0.010000,-0.019658,0.000000,-0.009829,0.001346,1.524386,0.000154,40.867509,10.792442,1.524362,40.867509,10.792442,1.524363,25.085876,25.160303,0.000281,25.085876,25.160303,0.000271,0.000024,nan,nan,0.000000,0.000000,-0.000000,0.000001,0.459354,4.059354,-3.581485,-0.368152,0.046433,41.069024,7.197728,-10.083597,0.083906,0.572886,10.671529,3.600000
240,0.010000,0.000000,-0.024314,-0.012157,-0.001665,1.524576,0.000224,40.866945,10.780298,1.524587,40.866945,10.780298,1.524586,25.085977,25.160403,0.000281,25.085977,25.160403,0.000271,-0.000010,nan,nan,0.000000,-0.000000,0.000000,-0.000000,0.471464,4.071464,-3.581473,-0.368421,0.046210,41.069532,7.185630,-10.656625,0.086363,0.605883,11.278396,3.600000
250,0.010000,-0.045524,0.000000,-0.022762,0.003118,1.525059,0.000565,40.865893,10.757560,1.525151,40.865893,10.757560,1.525148,25.086078,25.160503,0.000281,25.086078,25.160503,0.000271,-0.000092,nan,nan,0.000001,-0.000000,0.000000,-0.000003,0.494137,4.094137,-3.581504,-0.368407,0.045649,41.070482,7.162976,-11.231120,0.088514,0.638522,11.885264,3.600000
260,0.010000,0.000000,-0.030349,-0.015175,-0.002079,1.525742,0.000698,40.865200,10.742402,1.525845,40.865200,10.742402,1.525842,25.086179,25.160603,0.000281,25.086179,25.160603,0.000271,-0.000104,nan,nan,0.000001,-0.000001,0.000000,-0.000004,0.509254,4.109254,-3.581643,-0.367243,0.044955,41.071115,7.147873,-11.809752,0.090407,0.669298,12.492131,3.600000
270,0.010000,-0.047076,0.000000,-0.023538,0.003224,1.526449,0.000724,40.864142,10.718887,1.526566,40.864141,10.718888,1.526562,25.086281,25.160703,0.000281,25.086281,25.160703,0.000271,-0.000117,nan,nan,0.000002,-0.000001,0.000000,-0.000004,0.532703,4.132703,-3.581731,-0.366699,0.044234,41.072098,7.124444,-12.386775,0.092349,0.700959,13.098998,3.600000
280,0.010000,0.000000,-0.059146,-0.029573,-0.004051,1.527207,0.000804,40.862834,10.689343,1.527366,40.862833,10.689343,1.527361,25.086383,25.160803,0.000281,25.086383,25.160803,0.000271,-0.000159,nan,nan,0.000003,-0.000001,0.000000,-0.000006,0.562166,4.162166,-3.581806,-0.366375,0.043436,41.073332,7.095007,-12.963443,0.094253,0.732944,13.705866,3.600000
290,0.010000,-0.068113,0.000000,-0.034057,0.004665,1.528260,0.001156,40.861354,10.655319,1.528516,40.861352,10.655319,1.528507,25.086487,25.160903,0.000281,25.086486,25.160903,0.000271,-0.000257,nan,nan,0.000008,-0.000002,0.000000,-0.000009,0.596099,4.196099,-3.581979,-0.365162,0.042289,41.074754,7.061104,-13.544386,0.095737,0.763255,14.312733,3.600000
300,0.010000,0.000000,-0.072597,-0.036298,-0.004972,1.529560,0.001316,40.859817,10.619053,1.529823,40.859815,10.619053,1.529814,25.086591,25.161003,0.000281,25.086590,25.161003,0.000271,-0.000263,nan,nan,0.000009,-0.000002,0.000000,-0.000009,0.632268,4.232268,-3.582200,-0.363527,0.040983,41.076270,7.024967,-14.127822,0.097011,0.792569,14.919600,3.600000
310,0.010000,-0.110706,0.000000,-0.055353,0.007583,1.530894,0.001342,40.857547,10.563747,1.531156,40.857544,10.563747,1.531147,25.086698,25.161103,0.000281,25.086698,25.161103,0.000271,-0.000262,nan,nan,0.000009,-0.000003,0.000000,-0.000009,0.687431,4.287431,-3.582308,-0.363323,0.039650,41.078581,6.969853,-14.706150,0.098477,0.824549,15.526468,3.600000
320,0.010000,0.000000,-0.109154,-0.054577,-0.007476,1.532519,0.001763,40.855381,10.509213,1.532910,40.855377,10.509213,1.532896,25.086807,25.161203,0.000281,25.086806,25.161203,0.000271,-0.000390,nan,nan,0.000019,-0.000005,0.000000,-0.000014,0.741826,4.341826,-3.582583,-0.361493,0.037901,41.080861,6.915505,-15.292380,0.099327,0.853101,16.133335,3.600000
330,0.010000,-0.146918,0.000000,-0.073459,0.010063,1.534574,0.002109,40.852593,10.435807,1.535005,40.852587,10.435807,1.534990,25.086920,25.161303,0.000281,25.086919,25.161303,0.000271,-0.000431,nan,nan,0.000024,-0.000006,0.000000,-0.000015,0.815050,4.415050,-3.582877,-0.359836,0.035807,41.083929,6.842345,-15.879229,0.099904,0.881777,16.740202,3.600000
340,0.010000,0.000000,-0.142434,-0.071217,-0.009756,1.536855,0.002344,40.850038,10.364636,1.537333,40.850030,10.364636,1.537316,25.087035,25.161403,0.000281,25.087033,25.161403,0.000271,-0.000478,nan,nan,0.000029,-0.000008,0.000000,-0.000017,0.886052,4.486052,-3.583288,-0.357020,0.033480,41.086904,6.771406,-16.472293,0.100058,0.907553,17.347070,3.600000
350,0.010000,-0.175887,0.000000,-0.087944,0.012047,1.539303,0.002487,40.847086,10.276742,1.539804,40.847077,10.276742,1.539786,25.087156,25.161503,0.000281,25.087153,25.161503,0.000271,-0.000501,nan,nan,0.000032,-0.000009,0.000000,-0.000018,0.973745,4.573745,-3.583675,-0.354786,0.031010,41.090579,6.683790,-17.063767,0.100169,0.934256,17.953937,3.600000
360,0.010000,0.000000,-0.154677,-0.077339,-0.010594,1.541759,0.002408,40.844679,10.199441,1.542193,40.844671,10.199441,1.542178,25.087276,25.161603,0.000281,25.087273,25.161603,0.000271,-0.000434,nan,nan,0.000024,-0.000009,0.000000,-0.000015,1.050877,4.650877,-3.584116,-0.351842,0.028618,41.093811,6.606725,-17.659057,0.100173,0.958826,18.560804,3.600000
370,0.010000,-0.224170,0.000000,-0.112085,0.015354,1.544057,0.002301,40.841463,10.087402,1.544479,40.841453,10.087402,1.544464,25.087411,25.161703,0.000281,25.087407,25.161703,0.000271,-0.000422,nan,nan,0.000023,-0.000010,0.000000,-0.000015,1.162683,4.762683,-3.584371,-0.351538,0.026332,41.098496,6.495018,-18.242044,0.100763,0.989626,19.167672,3.600000
380,0.010000,0.000000,-0.189510,-0.094755,-0.012980,1.546270,0.002200,40.838959,9.992680,1.546664,40.838948,9.992681,1.546650,25.087543,25.161803,0.000281,25.087537,25.161803,0.000271,-0.000393,nan,nan,0.000020,-0.000010,0.000000,-0.000014,1.257216,4.857216,-3.584704,-0.350160,0.024146,41.102457,6.400567,-18.830278,0.101203,1.017533,19.774539,3.600000
390,0.010000,-0.235034,0.000000,-0.117517,0.016098,1.548140,0.001752,40.836111,9.875198,1.548402,40.836104,9.875198,1.548393,25.087687,25.161903,0.000281,25.087681,25.161903,0.000271,-0.000263,nan,nan,0.000009,-0.000008,0.000000,-0.000009,1.374476,4.974476,-3.584810,-0.351661,0.022403,41.107371,6.283410,-19.403208,0.102610,1.052986,20.381406,3.600000
400,0.010000,0.000000,-0.269694,-0.134847,-0.018472,1.549819,0.001630,40.833083,9.740385,1.550023,40.833076,9.740385,1.550016,25.087845,25.162003,0.000281,25.087836,25.162003,0.000271,-0.000204,nan,nan,0.000005,-0.000007,0.000000,-0.000007,1.509044,5.109044,-3.584832,-0.354500,0.020781,41.113010,6.148961,-19.968207,0.104432,1.092397,20.988274,3.600000
410,0.010000,-0.284868,0.000000,-0.142434,0.019512,1.551411,0.001566,40.830117,9.597982,1.551582,40.830110,9.597982,1.551575,25.088012,25.162103,0.000281,25.088002,25.162103,0.000271,-0.000170,nan,nan,0.000004,-0.000006,0.000000,-0.000006,1.651198,5.251198,-3.584835,-0.357821,0.019221,41.118966,6.006932,-20.529388,0.106451,1.133620,21.595141,3.600000
420,0.010000,0.000000,-0.280385,-0.140193,-0.019204,1.553059,0.001662,40.827416,9.457815,1.553237,40.827409,9.457816,1.553231,25.088184,25.162203,0.000281,25.088172,25.162203,0.000271,-0.000178,nan,nan,0.000004,-0.000007,0.000000,-0.000006,1.791128,5.391128,-3.584913,-0.360444,0.017565,41.124830,5.867125,-21.093501,0.108268,1.173305,22.202008,3.600000
430,0.010000,-0.309182,0.000000,-0.154591,0.021177,1.554587,0.001486,40.824694,9.303248,1.554717,40.824688,9.303249,1.554712,25.088372,25.162303,0.000281,25.088357,25.162303,0.000271,-0.000130,nan,nan,0.000002,-0.000006,0.000000,-0.000005,1.945445,5.545445,-3.584910,-0.364312,0.016084,41.131296,5.712943,-21.648931,0.110559,1.217126,22.808876,3.600000
440,0.010000,0.000000,-0.303147,-0.151573,-0.020763,1.556021,0.001470,40.822250,9.151695,1.556183,40.822242,9.151695,1.556177,25.088563,25.162403,0.000281,25.088546,25.162403,0.000271,-0.000162,nan,nan,0.000003,-0.000008,0.000000,-0.000006,2.096763,5.696763,-3.584943,-0.367842,0.014620,41.137637,5.561758,-22.204936,0.112826,1.260481,23.415743,3.600000
450,0.010000,-0.350050,0.000000,-0.175025,0.023976,1.557651,0.001688,40.819684,8.976688,1.557865,40.819673,8.976689,1.557858,25.088780,25.162503,0.000281,25.088759,25.162503,0.000271,-0.000214,nan,nan,0.000006,-0.000011,0.000000,-0.000008,2.271508,5.871508,-3.585013,-0.371702,0.012939,41.144959,5.387167,-22.757672,0.115043,1.305412,24.022610,3.600000
460,0.010000,0.000000,-0.362121,-0.181060,-0.024803,1.559294,0.001625,40.817330,8.795643,1.559482,40.817319,8.795644,1.559476,25.089009,25.162603,0.000281,25.088985,25.162603,0.000271,-0.000188,nan,nan,0.000004,-0.000011,0.000000,-0.000007,2.452295,6.052295,-3.585081,-0.375825,0.011321,41.152535,5.206538,-23.307005,0.117423,1.351751,24.629478,3.600000
470,0.010000,-0.400230,0.000000,-0.200115,0.027413,1.560824,0.001454,40.815054,8.595542,1.560930,40.815048,8.595542,1.560926,25.089266,25.162703,0.000281,25.089237,25.162703,0.000271,-0.000106,nan,nan,0.000001,-0.000006,0.000000,-0.000004,2.652126,6.252126,-3.585071,-0.381265,0.009870,41.160909,5.006882,-23.845422,0.120334,1.402998,25.236345,3.600000
480,0.010000,0.000000,-0.379020,-0.189510,-0.025960,1.562167,0.001257,40.813177,8.406041,1.562183,40.813176,8.406041,1.562182,25.089522,25.162803,0.000281,25.089488,25.162803,0.000271,-0.000016,nan,nan,0.000000,-0.000001,0.000000,-0.000001,2.841382,6.441382,-3.585051,-0.386558,0.008614,41.168839,4.817793,-24.382402,0.123424,1.454509,25.843212,3.600000
490,0.010000,-0.475758,0.000000,-0.237879,0.032586,1.563344,0.001214,40.811127,8.168171,1.563397,40.811123,8.168171,1.563395,25.089839,25.162903,0.000281,25.089799,25.162903,0.000271,-0.000052,nan,nan,0.000000,-0.000004,0.000000,-0.000002,3.078957,6.678957,-3.584925,-0.394215,0.007401,41.178794,4.580426,-24.899656,0.127252,1.514786,26.450080,3.600000
500,0.010000,0.000000,-0.457652,-0.228826,-0.031346,1.563344,0.001214,40.809430,7.939351,1.564609,40.809333,7.939353,1.564564,25.090161,25.163003,0.000281,25.090115,25.163003,0.000271,-0.001265,nan,nan,0.000203,-0.000097,0.000002,-0.000045,3.307499,6.907499,-3.584836,-0.401386,0.006232,41.188371,4.352085,-25.417070,0.131062,1.574392,27.056947,3.600000
510,0.010000,-0.463860,0.000000,-0.231930,0.031771,1.564536,0.001230,40.807888,7.707428,1.565795,40.807785,7.707430,1.565750,25.090499,25.163103,0.000281,25.090446,25.163103,0.000271,-0.001259,nan,nan,0.000201,-0.000103,0.000002,-0.000045,3.539154,7.139154,-3.584781,-0.408388,0.005046,41.198078,4.120634,-25.932524,0.134886,1.634343,27.663814,3.600000
520,0.010000,0.000000,-0.453168,-0.226584,-0.031039,1.565771,0.001236,40.806642,7.480848,1.566986,40.806536,7.480850,1.566942,25.090841,25.163203,0.000281,25.090782,25.163203,0.000271,-0.001215,nan,nan,0.000187,-0.000105,0.000002,-0.000043,3.765482,7.365482,-3.584774,-0.414844,0.003854,41.207562,3.894504,-26.449210,0.138621,1.693256,28.270682,3.600000
530,0.010000,-0.486449,0.000000,-0.243225,0.033318,1.567000,0.001177,40.805599,7.237627,1.568120,40.805496,7.237629,1.568080,25.091218,25.163303,0.000281,25.091152,25.163303,0.000271,-0.001119,nan,nan,0.000159,-0.000103,0.000002,-0.000040,4.008446,7.608446,-3.584742,-0.421987,0.002717,41.217743,3.651754,-26.957040,0.142666,1.755480,28.877549,3.600000
540,0.010000,0.000000,-0.483518,-0.241759,-0.033118,1.568241,0.001289,40.804840,6.995871,1.569369,40.804730,6.995872,1.569328,25.091605,25.163403,0.000281,25.091531,25.163403,0.000271,-0.001128,nan,nan,0.000161,-0.000109,0.000002,-0.000040,4.249958,7.849958,-3.584794,-0.428395,0.001468,41.227863,3.410454,-27.467913,0.146477,1.815913,29.484416,3.600000
550,0.010000,-0.488001,0.000000,-0.244001,0.033425,1.569574,0.001220,40.804372,6.751872,1.570548,40.804273,6.751873,1.570514,25.092006,25.163503,0.000281,25.091924,25.163503,0.000271,-0.000974,nan,nan,0.000120,-0.000099,0.000001,-0.000035,4.493724,8.093724,-3.584848,-0.434818,0.000283,41.238078,3.166903,-27.975578,0.150408,1.877205,30.091284,3.600000
560,0.010000,0.000000,-0.521282,-0.260641,-0.035704,1.570672,0.001193,40.804199,6.491233,1.571707,40.804089,6.491234,1.571670,25.092446,25.163603,0.000281,25.092355,25.163603,0.000271,-0.001035,nan,nan,0.000136,-0.000111,0.000001,-0.000037,4.754127,8.354127,-3.584893,-0.441769,-0.000873,41.248989,2.906728,-28.475217,0.154586,1.941278,30.698151,3.600000
570,0.010000,-0.522834,0.000000,-0.261417,0.035811,1.571901,0.001241,40.804317,6.229817,1.572911,40.804204,6.229818,1.572875,25.092899,25.163703,0.000281,25.092800,25.163703,0.000271,-0.001010,nan,nan,0.000129,-0.000113,0.000001,-0.000036,5.015317,8.615317,-3.584991,-0.448280,-0.002079,41.259934,2.645767,-28.975658,0.158656,2.004506,31.305018,3.600000
580,0.010000,0.000000,-0.519902,-0.259951,-0.035610,1.573142,0.001284,40.804744,5.969868,1.574159,40.804625,5.969869,1.574122,25.093362,25.163803,0.000281,25.093254,25.163803,0.000271,-0.001017,nan,nan,0.000131,-0.000119,0.000001,-0.000036,5.275056,8.875056,-3.585143,-0.454271,-0.003326,41.270818,2.386257,-29.477992,0.162594,2.066513,31.911886,3.600000
590,0.010000,-0.547147,0.000000,-0.273574,0.037476,1.574312,0.001257,40.805535,5.696297,1.575379,40.805404,5.696298,1.575341,25.093861,25.163903,0.000281,25.093743,25.163903,0.000271,-0.001067,nan,nan,0.000145,-0.000131,0.000001,-0.000038,5.548419,9.148419,-3.585295,-0.460578,-0.004545,41.282273,2.113133,-29.974153,0.166710,2.130468,32.518753,3.600000
600,0.010000,0.000000,-0.513694,-0.256847,-0.035185,1.575672,0.001332,40.806572,5.439454,1.576673,40.806445,5.439455,1.576637,25.094339,25.164003,0.000281,25.094212,25.164003,0.000271,-0.001001,nan,nan,0.000127,-0.000127,0.000001,-0.000036,5.805081,9.405081,-3.585538,-0.465648,-0.005841,41.293028,1.856697,-30.480019,0.170432,2.190271,33.125621,3.600000
610,0.010000,-0.597155,0.000000,-0.298577,0.040901,1.577099,0.001406,40.808189,5.140882,1.578044,40.808063,5.140883,1.578010,25.094912,25.164103,0.000281,25.094773,25.164103,0.000271,-0.000945,nan,nan,0.000113,-0.000125,0.000001,-0.000034,6.103458,9.703458,-3.585796,-0.471613,-0.007214,41.305531,1.558582,-30.973672,0.174426,2.254259,33.732488,3.600000
620,0.010000,0.000000,-0.568357,-0.284179,-0.038929,1.578599,0.001555,40.810113,4.856712,1.579565,40.809980,4.856713,1.579531,25.095468,25.164203,0.000281,25.095319,25.164203,0.000271,-0.000966,nan,nan,0.000118,-0.000133,0.000001,-0.000034,6.387459,9.987459,-3.586178,-0.476146,-0.008735,41.317431,1.274831,-31.479856,0.177887,2.313119,34.339355,3.600000
630,0.010000,-0.597155,0.000000,-0.298577,0.040901,1.580067,0.001390,40.812588,4.558147,1.580921,40.812466,4.558147,1.580891,25.096067,25.164303,0.000281,25.095906,25.164303,0.000271,-0.000855,nan,nan,0.000093,-0.000122,0.000001,-0.000030,6.685866,10.285866,-3.586503,-0.481292,-0.010094,41.329936,0.976685,-31.976939,0.181726,2.375036,34.946223,3.600000
640,0.010000,0.000000,-0.556287,-0.278143,-0.038102,1.581295,0.001151,40.815274,4.280018,1.582041,40.815164,4.280019,1.582015,25.096632,25.164403,0.000281,25.096460,25.164403,0.000271,-0.000746,nan,nan,0.000071,-0.000110,0.000000,-0.000027,6.963864,10.563864,-3.586767,-0.486215,-0.011218,41.341585,0.698932,-32.474208,0.185733,2.436644,35.553090,3.600000
650,0.010000,-0.586463,0.000000,-0.293232,0.040169,1.582257,0.001033,40.818453,3.986805,1.583048,40.818333,3.986806,1.583020,25.097241,25.164503,0.000281,25.097058,25.164503,0.000271,-0.000790,nan,nan,0.000079,-0.000120,0.000000,-0.000028,7.256952,10.856952,-3.586983,-0.491726,-0.012223,41.353866,0.406101,-32.962205,0.190080,2.501292,36.159957,3.600000
660,0.010000,0.000000,-0.530421,-0.265210,-0.036330,1.583097,0.000826,40.821574,3.721615,1.583845,40.821458,3.721615,1.583819,25.097791,25.164603,0.000281,25.097599,25.164603,0.000271,-0.000749,nan,nan,0.000071,-0.000117,0.000000,-0.000027,7.522040,11.122040,-3.587144,-0.496847,-0.013022,41.364974,0.141246,-33.452423,0.194516,2.564927,36.766825,3.600000
670,0.010000,-0.554735,0.000000,-0.277367,0.037996,1.583669,0.000501,40.825070,3.444271,1.584319,40.824966,3.444272,1.584296,25.098377,25.164703,0.000281,25.098176,25.164703,0.000271,-0.000650,nan,nan,0.000054,-0.000104,0.000000,-0.000023,7.799288,11.399288,-3.587150,-0.503247,-0.013500,41.376592,-0.135758,-33.924751,0.199702,2.634651,37.373692,3.600000
680,0.010000,0.000000,-0.588015,-0.294008,-0.040275,1.584266,0.000708,40.828934,3.150291,1.585005,40.828813,3.150291,1.584978,25.099014,25.164803,0.000281,25.098801,25.164803,0.000271,-0.000739,nan,nan,0.000069,-0.000121,0.000000,-0.000026,8.093172,11.693172,-3.587257,-0.509272,-0.014182,41.388906,-0.429384,-34.398235,0.204643,2.703403,37.980559,3.600000
690,0.010000,-0.610777,0.000000,-0.305389,0.041834,1.584894,0.000692,40.833144,2.844933,1.585671,40.833013,2.844933,1.585643,25.099689,25.164903,0.000281,25.099464,25.164903,0.000271,-0.000777,nan,nan,0.000077,-0.000131,-0.000000,-0.000028,8.398437,11.998437,-3.587362,-0.515483,-0.014847,41.401698,-0.734381,-34.866218,0.209714,2.773605,38.587427,3.600000
700,0.010000,0.000000,-0.601638,-0.300819,-0.041208,1.585462,0.000735,40.837479,2.544147,1.586378,40.837320,2.544147,1.586345,25.100361,25.165003,0.000281,25.100125,25.165003,0.000271,-0.000916,nan,nan,0.000107,-0.000159,-0.000000,-0.000033,8.699140,12.299140,-3.587505,-0.521261,-0.015549,41.414298,-1.034820,-35.336670,0.214653,2.842535,39.194294,3.600000
710,0.010000,-0.639575,0.000000,-0.319787,0.043806,1.586545,0.001135,40.842292,2.224398,1.587480,40.842126,2.224398,1.587447,25.101094,25.165103,0.000281,25.100844,25.165103,0.000271,-0.000935,nan,nan,0.000111,-0.000167,-0.000000,-0.000033,9.018809,12.618809,-3.587859,-0.525904,-0.016650,41.427694,-1.354208,-35.818682,0.218905,2.906976,39.801161,3.600000
720,0.010000,0.000000,-0.530421,-0.265210,-0.036330,1.587592,0.001060,40.846541,1.959224,1.588507,40.846376,1.959223,1.588474,25.101681,25.165203,0.000281,25.101423,25.165203,0.000271,-0.000915,nan,nan,0.000106,-0.000165,-0.000001,-0.000033,9.283929,12.883929,-3.588231,-0.529081,-0.017678,41.438803,-1.619095,-35.806083,0.219385,2.923507,39.837715,3.600000
730,0.010000,-0.639575,0.000000,-0.319787,0.043806,1.588655,0.001007,40.852029,1.639486,1.589481,40.851875,1.639485,1.589451,25.102430,25.165303,0.000281,25.102159,25.165303,0.000271,-0.000826,nan,nan,0.000087,-0.000153,-0.000001,-0.000029,9.603616,13.203616,-3.588563,-0.533475,-0.018655,41.452199,-1.938502,-35.406395,0.217893,2.914882,39.461705,3.600000
740,0.010000,0.000000,-0.736657,-0.368329,-0.050456,1.589864,0.001326,40.858746,1.271221,1.590778,40.858571,1.271220,1.590745,25.103334,25.165403,0.000281,25.103045,25.165403,0.000271,-0.000913,nan,nan,0.000106,-0.000175,-0.000001,-0.000033,9.971839,13.571839,-3.589058,-0.537572,-0.019949,41.467629,-2.306401,-34.955570,0.215631,2.899864,39.024132,3.600000
750,0.010000,-0.689582,0.000000,-0.344791,0.047232,1.591262,0.001465,40.865449,0.926498,1.592210,40.865263,0.926497,1.592176,25.104180,25.165503,0.000281,25.103876,25.165503,0.000271,-0.000948,nan,nan,0.000114,-0.000186,-0.000001,-0.000034,10.316540,13.916540,-3.589664,-0.540193,-0.021380,41.482073,-2.650799,-34.545964,0.212857,2.879859,38.610026,3.600000
760,0.010000,0.000000,-0.677511,-0.338755,-0.046405,1.592735,0.001491,40.872505,0.587819,1.593668,40.872317,0.587817,1.593634,25.105018,25.165603,0.000281,25.104700,25.165603,0.000271,-0.000933,nan,nan,0.000110,-0.000188,-0.000001,-0.000033,10.655217,14.255217,-3.590312,-0.542100,-0.022838,41.496264,-2.989179,-34.148803,0.209817,2.856801,38.198791,3.600000
770,0.010000,-0.689582,0.000000,-0.344791,0.047232,1.594571,0.001806,40.880191,0.243116,1.595440,40.880012,0.243115,1.595409,25.105886,25.165703,0.000281,25.105552,25.165703,0.000271,-0.000869,nan,nan,0.000096,-0.000179,-0.000001,-0.000031,10.999939,14.599939,-3.591152,-0.542483,-0.024613,41.510709,-3.333598,-33.760375,0.205921,2.826299,37.775623,3.600000
780,0.010000,0.000000,-0.627331,-0.313666,-0.042968,1.596465,0.002008,40.887731,-0.070456,1.597417,40.887532,-0.070457,1.597383,25.106659,25.165804,0.000281,25.106314,25.165804,0.000271,-0.000952,nan,nan,0.000115,-0.000199,-0.000002,-0.000034,11.313551,14.913551,-3.592129,-0.541018,-0.026587,41.523851,-3.646935,-33.425517,0.201455,2.790709,37.386485,3.600000
790,0.010000,-0.724414,0.000000,-0.362207,0.049617,1.598524,0.002008,40.897161,-0.432536,1.599391,40.896975,-0.432538,1.599360,25.107601,25.165904,0.000281,25.107240,25.165904,0.000271,-0.000867,nan,nan,0.000095,-0.000186,-0.000002,-0.000031,11.675710,15.275710,-3.593115,-0.539651,-0.028564,41.539027,-4.008775,-33.030178,0.196636,2.750737,36.932002,3.600000
800,0.010000,0.000000,-0.700273,-0.350136,-0.047964,1.600489,0.002179,40.906975,-0.782532,1.601539,40.906746,-0.782534,1.601502,25.108512,25.166004,0.000281,25.108136,25.166004,0.000271,-0.001050,nan,nan,0.000140,-0.000230,-0.000002,-0.000037,12.025808,15.625808,-3.594208,-0.536861,-0.030705,41.553697,-4.358566,-32.660143,0.191290,2.705855,36.487272,3.600000
810,0.010000,-0.738209,0.000000,-0.369105,0.050562,1.602630,0.002253,40.918077,-1.151465,1.603755,40.917826,-1.151468,1.603715,25.109499,25.166105,0.000281,25.109105,25.166105,0.000271,-0.001125,nan,nan,0.000161,-0.000251,-0.000003,-0.000040,12.394882,15.994882,-3.595347,-0.533294,-0.032918,41.569162,-4.727316,-32.271176,0.185476,2.655868,36.012482,3.600000
820,0.010000,0.000000,-0.644058,-0.322029,-0.044114,1.604918,0.002376,40.928425,-1.473322,1.606090,40.928159,-1.473326,1.606048,25.110326,25.166205,0.000281,25.109922,25.166205,0.000271,-0.001172,nan,nan,0.000174,-0.000266,-0.000003,-0.000042,12.716890,16.316890,-3.596561,-0.528064,-0.035252,41.582655,-5.049041,-31.949902,0.179385,2.603642,35.593058,3.600000
830,0.010000,-0.701652,0.000000,-0.350826,0.048058,1.607465,0.002535,40.940524,-1.823934,1.608584,40.940266,-1.823938,1.608544,25.111263,25.166306,0.000281,25.110844,25.166305,0.000271,-0.001119,nan,nan,0.000159,-0.000258,-0.000004,-0.000040,13.067701,16.667701,-3.597857,-0.521683,-0.037748,41.597356,-5.399544,-31.600464,0.172571,2.544046,35.130401,3.600000
840,0.010000,0.000000,-0.691134,-0.345567,-0.047338,1.610088,0.002647,40.953307,-2.169258,1.611191,40.953049,-2.169262,1.611152,25.112186,25.166406,0.000281,25.111754,25.166406,0.000271,-0.001104,nan,nan,0.000155,-0.000258,-0.000004,-0.000039,13.413258,17.013258,-3.599203,-0.513997,-0.040356,41.611836,-5.744797,-31.263455,0.165295,2.479833,34.668617,3.600000
850,0.010000,-0.795631,0.000000,-0.397816,0.054495,1.612696,0.002450,40.969098,-2.566754,1.613602,40.968881,-2.566758,1.613570,25.113312,25.166507,0.000281,25.112860,25.166507,0.000271,-0.000906,nan,nan,0.000104,-0.000217,-0.000004,-0.000032,13.811068,17.411068,-3.600436,-0.506130,-0.042774,41.628505,-6.142258,-30.855534,0.157727,2.410018,34.129238,3.600000
860,0.010000,0.000000,-0.738037,-0.369018,-0.050550,1.615126,0.002301,40.984661,-2.935439,1.615871,40.984479,-2.935442,1.615844,25.114339,25.166608,0.000281,25.113871,25.166608,0.000271,-0.000745,nan,nan,0.000070,-0.000182,-0.000003,-0.000027,14.180082,17.780082,-3.601577,-0.497805,-0.045048,41.643968,-6.510948,-30.477713,0.150369,2.341350,33.621143,3.600000
870,0.010000,-0.795804,0.000000,-0.397902,0.054507,1.617448,0.002131,41.002398,-3.332940,1.617975,41.002267,-3.332943,1.617956,25.115486,25.166709,0.000281,25.114998,25.166709,0.000271,-0.000527,nan,nan,0.000035,-0.000131,-0.000003,-0.000019,14.577979,18.177979,-3.602614,-0.489082,-0.047160,41.660641,-6.908495,-30.056813,0.142813,2.268557,33.064503,3.600000
880,0.010000,0.000000,-0.768386,-0.384193,-0.052629,1.619566,0.002083,41.020379,-3.716709,1.620039,41.020259,-3.716711,1.620022,25.116589,25.166810,0.000281,25.116084,25.166810,0.000271,-0.000473,nan,nan,0.000028,-0.000120,-0.000003,-0.000017,14.962164,18.562164,-3.603603,-0.479744,-0.049226,41.676740,-7.292343,-29.647381,0.135229,2.194929,32.517983,3.600000
890,0.010000,-0.778905,0.000000,-0.389452,0.053350,1.621582,0.001886,41.039423,-4.105692,1.621908,41.039339,-4.105694,1.621896,25.117721,25.166912,0.000281,25.117199,25.166911,0.000271,-0.000325,nan,nan,0.000013,-0.000084,-0.000002,-0.000012,15.351604,18.951604,-3.604471,-0.470227,-0.051100,41.693059,-7.681441,-29.220521,0.127731,2.120411,31.954422,3.600000
900,0.010000,0.000000,-0.732002,-0.366001,-0.050137,1.623084,0.001555,41.058033,-4.471217,1.623451,41.057937,-4.471219,1.623438,25.118765,25.167013,0.000281,25.118229,25.167013,0.000271,-0.000368,nan,nan,0.000017,-0.000096,-0.000002,-0.000013,15.717588,19.317588,-3.605156,-0.461402,-0.052642,41.708395,-8.047103,-28.806577,0.120925,2.051143,31.415575,3.600000
910,0.010000,-0.762351,0.000000,-0.381175,0.052216,1.624493,0.001502,41.077994,-4.851866,1.624940,41.077876,-4.851869,1.624924,25.119877,25.167115,0.000281,25.119326,25.167114,0.000271,-0.000447,nan,nan,0.000025,-0.000118,-0.000003,-0.000016,16.098739,19.698739,-3.605790,-0.452074,-0.054128,41.724366,-8.427920,-28.363871,0.113918,1.978789,30.844378,3.600000
920,0.010000,0.000000,-0.775973,-0.387987,-0.053149,1.626064,0.001763,41.098866,-5.239288,1.626687,41.098699,-5.239292,1.626665,25.121024,25.167217,0.000281,25.120456,25.167216,0.000271,-0.000624,nan,nan,0.000049,-0.000167,-0.000004,-0.000022,16.486695,20.086695,-3.606507,-0.441225,-0.055869,41.740623,-8.815535,-12.742902,0.023601,0.867669,30.251903,3.600000
930,0.010000,-0.813910,0.000000,-0.406955,0.055747,1.627808,0.001774,41.121423,-5.645612,1.628439,41.121251,-5.645617,1.628416,25.122258,25.167319,0.000281,25.121672,25.167318,0.000271,-0.000631,nan,nan,0.000050,-0.000172,-0.000005,-0.000022,16.893608,20.493608,-3.607188,-0.429403,-0.057620,41.757674,-9.222090,-12.214237,0.017503,0.809388,29.617726,3.600000
940,0.010000,0.000000,-0.716999,-0.358500,-0.049110,1.629577,0.001742,41.141897,-6.003522,1.630158,41.141737,-6.003526,1.630138,25.123291,25.167421,0.000281,25.122693,25.167420,0.000271,-0.000581,nan,nan,0.000043,-0.000160,-0.000005,-0.000021,17.252061,20.852061,-3.607827,-0.417726,-0.059341,41.772694,-9.580229,-11.748516,0.011929,0.757354,29.047585,3.600000
950,0.010000,-0.751660,0.000000,-0.375830,0.051484,1.631365,0.001800,41.164026,-6.378695,1.631938,41.163866,-6.378700,1.631917,25.124401,25.167523,0.000281,25.123790,25.167523,0.000271,-0.000573,nan,nan,0.000042,-0.000160,-0.000005,-0.000020,17.627832,21.227832,-3.608442,-0.404915,-0.061121,41.788440,-9.955670,-11.260277,0.006170,0.703620,28.437608,3.600000
960,0.010000,0.000000,-0.721310,-0.360655,-0.049405,1.633134,0.001694,41.185896,-6.738681,1.633611,41.185762,-6.738686,1.633594,25.125449,25.167626,0.000281,25.124827,25.167625,0.000271,-0.000477,nan,nan,0.000029,-0.000134,-0.000004,-0.000017,17.988419,21.588419,-3.608974,-0.392073,-0.062798,41.803550,-10.315940,-10.791746,0.000742,0.652956,27.839690,3.600000
970,0.010000,-0.742693,0.000000,-0.371346,0.050869,1.634663,0.001507,41.209067,-7.109300,1.635102,41.208942,-7.109304,1.635086,25.126547,25.167728,0.000281,25.125913,25.167728,0.000271,-0.000439,nan,nan,0.000024,-0.000124,-0.000004,-0.000016,18.359684,21.959684,-3.609384,-0.379062,-0.064290,41.819107,-10.686879,-10.309324,-0.004472,0.603066,27.210318,3.600000
980,0.010000,0.000000,-0.645610,-0.322805,-0.044220,1.636147,0.001475,41.229681,-7.431442,1.636562,41.229563,-7.431446,1.636547,25.127430,25.167831,0.000281,25.126792,25.167830,0.000271,-0.000415,nan,nan,0.000022,-0.000118,-0.000004,-0.000015,18.682407,22.282407,-3.609764,-0.366687,-0.065750,41.832630,-11.009318,-9.889965,-0.009143,0.559649,26.651148,3.600000
990,0.010000,-0.730450,0.000000,-0.365225,0.050031,1.637571,0.001443,41.253559,-7.795882,1.637990,41.253439,-7.795886,1.637975,25.128504,25.167934,0.000281,25.127855,25.167933,0.000271,-0.000419,nan,nan,0.000022,-0.000120,-0.000004,-0.000015,19.047527,22.647527,-3.610068,-0.352949,-0.067179,41.847930,-11.374118,-9.415501,-0.014060,0.512838,26.004006,3.600000
1000,0.010000,0.000000,-0.725966,-0.362983,-0.049724,1.638992,0.001443,41.277805,-8.158051,1.639419,41.277682,-8.158055,1.639404,25.129570,25.168037,0.000281,25.128911,25.168036,0.000271,-0.000427,nan,nan,0.000023,-0.000124,-0.000005,-0.000015,19.410394,23.010394,-3.610327,-0.338750,-0.068607,41.863135,-11.736666,-8.943958,-0.018853,0.467557,25.344481,3.600000
1010,0.010000,-0.718379,0.000000,-0.359189,0.049204,1.640560,0.001619,41.302306,-8.516400,1.641023,41.302171,-8.516405,1.641006,25.130621,25.168140,0.000281,25.129953,25.168139,0.000271,-0.000462,nan,nan,0.000027,-0.000135,-0.000005,-0.000016,19.769455,23.369455,-3.610598,-0.323515,-0.070210,41.878181,-12.095412,-8.477353,-0.023714,0.423234,24.674517,3.600000
1020,0.010000,0.000000,-0.621468,-0.310734,-0.042566,1.642092,0.001486,41.323970,-8.826374,1.642492,41.323853,-8.826378,1.642478,25.131451,25.168243,0.000281,25.130781,25.168242,0.000271,-0.000400,nan,nan,0.000020,-0.000117,-0.000005,-0.000014,20.080065,23.680065,-3.610812,-0.309531,-0.071682,41.891197,-12.405749,-8.073699,-0.027927,0.385657,24.079907,3.600000
1030,0.010000,-0.691134,0.000000,-0.345567,0.047338,1.643383,0.001236,41.348603,-9.171058,1.643714,41.348506,-9.171062,1.643702,25.132440,25.168347,0.000281,25.131764,25.168346,0.000271,-0.000331,nan,nan,0.000014,-0.000097,-0.000004,-0.000012,20.425478,24.025478,-3.610872,-0.294928,-0.072906,41.905671,-12.750859,-7.624804,-0.032020,0.347032,23.400917,3.600000
1040,0.010000,-0.571289,-0.656129,-0.613709,-0.005811,1.644778,0.001454,41.393209,-9.783140,1.645156,41.393094,-9.783145,1.645143,25.134691,25.168454,0.000281,25.133965,25.168453,0.000271,-0.000378,nan,nan,0.000018,-0.000115,-0.000005,-0.000013,21.038893,24.638893,-3.610680,-0.270835,-0.074346,41.931375,-13.363734,-6.827650,-0.038135,0.285365,22.143903,3.600000
1050,0.010000,0.000000,0.000000,0.000000,0.000000,1.645915,0.001033,41.393094,-9.783145,1.646176,41.393018,-9.783148,1.646167,25.134065,25.168553,0.000281,25.133390,25.168552,0.000271,-0.000261,nan,nan,0.000009,-0.000077,-0.000003,-0.000009,21.038893,24.638893,-3.610958,-0.267214,-0.075370,41.931375,-13.363734,-6.827657,-0.039280,0.281550,21.728432,3.600000
1060,0.010000,0.000000,-0.425923,-0.212962,-0.029173,1.646530,0.000511,41.409054,-9.995505,1.646678,41.409011,-9.995507,1.646673,25.134447,25.168655,0.000281,25.133786,25.168654,0.000271,-0.000148,nan,nan,0.000003,-0.000043,-0.000002,-0.000005,21.251735,24.851735,-3.610853,-0.258310,-0.075877,41.940294,-13.576390,-6.551048,-0.041327,0.261142,21.261611,3.600000
1070,0.010000,-0.427475,0.000000,-0.213738,0.029279,1.646773,0.000229,41.425213,-10.208630,1.646902,41.425176,-10.208632,1.646897,25.134836,25.168757,0.000281,25.134189,25.168755,0.000271,-0.000129,nan,nan,0.000002,-0.000037,-0.000002,-0.000005,21.465350,25.065350,-3.610664,-0.250283,-0.076101,41.949245,-13.789817,-6.273444,-0.043018,0.242305,20.794790,3.600000
1080,0.010000,-0.207616,-0.289524,-0.248570,-0.005610,1.646691,-0.000170,41.444074,-10.456482,1.646727,41.444064,-10.456483,1.646726,25.135385,25.168859,0.000281,25.134746,25.168858,0.000271,-0.000036,nan,nan,0.000000,-0.000010,-0.000000,-0.000001,21.713775,25.313775,-3.610332,-0.242423,-0.075929,41.959655,-14.038024,-5.950623,-0.044453,0.222618,20.327969,3.600000
1090,0.010000,0.000000,0.000000,0.000000,0.000000,1.646209,-0.000527,41.444064,-10.456483,1.646198,41.444067,-10.456483,1.646199,25.134846,25.168958,0.000281,25.134251,25.168957,0.000271,0.000011,nan,nan,0.000000,0.000003,0.000000,0.000000,21.713775,25.313775,-3.610204,-0.244322,-0.075402,41.959655,-14.038024,-5.950623,-0.043881,0.224362,19.912498,3.600000
1100,0.010000,-0.075873,-0.122776,-0.099325,-0.003213,1.645568,-0.000597,41.451549,-10.555525,1.645602,41.451540,-10.555525,1.645601,25.134767,25.169058,0.000281,25.134200,25.169057,0.000271,-0.000034,nan,nan,0.000000,-0.000009,-0.000000,-0.000001,21.813044,25.413044,-3.609948,-0.243165,-0.074805,41.963814,-14.137205,-5.821644,-0.043863,0.218460,19.548378,3.600000
1110,0.010000,0.000000,0.000000,0.000000,0.000000,1.644994,-0.000543,41.451540,-10.555525,1.645058,41.451524,-10.555526,1.645055,25.134300,25.169157,0.000281,25.133772,25.169156,0.000271,-0.000064,nan,nan,0.000001,-0.000016,-0.000001,-0.000002,21.813044,25.413044,-3.609816,-0.245151,-0.074259,41.963814,-14.137205,-5.821645,-0.043273,0.220244,19.235607,3.600000
1120,0.010000,-0.010519,-0.012071,-0.011295,-0.000106,1.644278,-0.000820,41.452362,-10.566790,1.644235,41.452372,-10.566789,1.644237,25.133916,25.169256,0.000281,25.133424,25.169255,0.000271,0.000043,nan,nan,0.000000,0.000011,0.000000,0.000002,21.824333,25.424333,-3.609602,-0.247731,-0.073440,41.964287,-14.148484,-5.806978,-0.042461,0.222001,18.974188,3.600000
1130,0.010000,0.000000,0.000000,0.000000,0.000000,1.642667,-0.001848,41.452372,-10.566789,1.642388,41.452440,-10.566786,1.642398,25.133524,25.169355,0.000281,25.133066,25.169354,0.000271,0.000279,nan,nan,0.000010,0.000067,0.000003,0.000010,21.824333,25.424333,-3.609139,-0.254299,-0.071602,41.964287,-14.148484,-5.806972,-0.040483,0.227887,18.764118,3.600000
1140,0.010000,0.000000,0.000000,0.000000,0.000000,1.640887,-0.001667,41.452440,-10.566786,1.640731,41.452476,-10.566784,1.640737,25.133166,25.169454,0.000281,25.132740,25.169453,0.000271,0.000156,nan,nan,0.000003,0.000036,0.000002,0.000006,21.824333,25.424333,-3.608710,-0.260259,-0.069940,41.964287,-14.148484,-5.806968,-0.038693,0.233228,18.605399,3.600000
1150,0.010000,0.000000,0.000000,0.000000,0.000000,1.639239,-0.001710,41.452476,-10.566784,1.639027,41.452523,-10.566782,1.639034,25.132840,25.169553,0.000281,25.132444,25.169552,0.000271,0.000212,nan,nan,0.000006,0.000048,0.000002,0.000008,21.824333,25.424333,-3.608261,-0.266354,-0.068238,41.964287,-14.148484,-5.806963,-0.036860,0.238690,18.498030,3.600000
1160,0.010000,0.000000,-0.003104,-0.001552,-0.000213,1.637604,-0.001550,41.452629,-10.568331,1.637484,41.452655,-10.568329,1.637489,25.132549,25.169652,0.000281,25.132181,25.169651,0.000271,0.000120,nan,nan,0.000002,0.000026,0.000001,0.000004,21.825883,25.425883,-3.607843,-0.271865,-0.066692,41.964352,-14.150033,-5.804946,-0.035204,0.243543,18.442012,3.600000
1170,0.010000,0.000000,0.000000,0.000000,0.000000,1.635934,-0.001657,41.452655,-10.568329,1.635832,41.452676,-10.568328,1.635836,25.132281,25.169751,0.000281,25.131938,25.169751,0.000271,0.000102,nan,nan,0.000001,0.000021,0.000001,0.000004,21.825883,25.425883,-3.607388,-0.277807,-0.065039,41.964352,-14.150033,-5.804944,-0.033423,0.248866,18.437344,3.600000
1180,0.010000,-0.062078,-0.056043,-0.059060,0.000413,1.634236,-0.001688,41.456515,-10.627264,1.634147,41.456533,-10.627263,1.634150,25.132226,25.169851,0.000281,25.131901,25.169850,0.000271,0.000089,nan,nan,0.000001,0.000018,0.000001,0.000003,21.884927,25.484927,-3.606885,-0.282503,-0.063354,41.966826,-14.209026,-5.728294,-0.031972,0.249731,18.484026,3.600000
1190,0.010000,0.000000,0.000000,0.000000,0.000000,1.632544,-0.001582,41.456533,-10.627263,1.632568,41.456528,-10.627263,1.632568,25.132001,25.169950,0.000281,25.131698,25.169950,0.000271,-0.000024,nan,nan,0.000000,-0.000005,-0.000000,-0.000001,21.884927,25.484927,-3.606433,-0.288216,-0.061771,41.966826,-14.209026,-5.728295,-0.030270,0.254782,18.582058,3.600000
1200,0.010000,-0.147090,-0.168300,-0.157695,-0.001453,1.631359,-0.001193,41.466263,-10.784657,1.631374,41.466260,-10.784658,1.631374,25.132273,25.170051,0.000281,25.131976,25.170050,0.000271,-0.000016,nan,nan,0.000000,-0.000003,-0.000000,-0.000001,22.042591,25.642591,-3.606028,-0.289393,-0.060578,41.973433,-14.366551,-5.523698,-0.029939,0.246686,18.731441,3.600000
1210,0.010000,0.000000,0.000000,0.000000,0.000000,1.630060,-0.001342,41.466260,-10.784658,1.630032,41.466265,-10.784657,1.630033,25.132076,25.170150,0.000281,25.131799,25.170150,0.000271,0.000028,nan,nan,0.000000,0.000005,0.000000,0.000001,22.042591,25.642591,-3.605637,-0.294225,-0.059236,41.973433,-14.366551,-5.523698,-0.028509,0.250804,18.932174,3.600000
1220,0.010000,-0.198477,-0.228826,-0.213651,-0.002079,1.628968,-0.001071,41.478914,-10.997934,1.628962,41.478915,-10.997934,1.628962,25.132519,25.170252,0.000281,25.132240,25.170251,0.000271,0.000006,nan,nan,0.000000,0.000001,0.000000,0.000000,22.256211,25.856211,-3.605260,-0.294383,-0.058166,41.982384,-14.579983,-5.246602,-0.028628,0.238350,19.184257,3.600000
1230,0.010000,0.000000,0.000000,0.000000,0.000000,1.628434,-0.000421,41.478915,-10.997934,1.628541,41.478895,-10.997935,1.628538,25.132340,25.170351,0.000281,25.132081,25.170350,0.000271,-0.000107,nan,nan,0.000001,-0.000019,-0.000001,-0.000004,22.256211,25.856211,-3.605135,-0.295933,-0.057741,41.982384,-14.579983,-5.246604,-0.028179,0.239606,19.411436,3.600000
1240,0.010000,-0.118293,-0.177267,-0.147780,-0.004039,1.627957,-0.000639,41.487423,-11.145468,1.627898,41.487434,-11.145468,1.627900,25.132594,25.170452,0.000281,25.132338,25.170451,0.000271,0.000058,nan,nan,0.000000,0.000010,0.000001,0.000002,22.403972,26.003972,-3.604910,-0.295881,-0.057104,41.988576,-14.727615,-5.055002,-0.028360,0.230815,19.053694,3.600000
1250,0.010000,0.000000,0.000000,0.000000,0.000000,1.627067,-0.001001,41.487434,-11.145468,1.626899,41.487463,-11.145466,1.626905,25.132438,25.170551,0.000281,25.132201,25.170550,0.000271,0.000168,nan,nan,0.000004,0.000029,0.000001,0.000006,22.403972,26.003972,-3.604613,-0.299440,-0.056109,41.988576,-14.727615,-5.054998,-0.027322,0.233591,19.053688,3.600000
1260,0.010000,0.021210,-0.003104,0.009053,-0.001665,1.626827,-0.000000,41.486955,-11.136428,1.626905,41.486942,-11.136428,1.626902,25.132277,25.170650,0.000281,25.132057,25.170650,0.000271,-0.000078,nan,nan,0.000001,-0.000013,-0.000001,-0.000003,22.403972,26.003972,-3.613665,-0.299463,-0.056106,41.988576,-14.727615,-5.066735,-0.027275,0.234151,19.075794,3.600000
1270,0.010000,0.000000,0.000000,0.000000,0.000000,1.627051,0.000224,41.486942,-11.136428,1.627126,41.486930,-11.136429,1.627123,25.132157,25.170750,0.000281,25.131953,25.170749,0.000271,-0.000075,nan,nan,0.000001,-0.000012,-0.000001,-0.000003,22.403972,26.003972,-3.613732,-0.298677,-0.056327,41.988576,-14.727615,-5.066736,-0.027505,0.233536,19.075796,3.600000
1280,0.010000,0.075873,0.075873,0.075873,0.000000,1.626964,-0.000256,41.482659,-11.060676,1.626868,41.482674,-11.060675,1.626871,25.131869,25.170849,0.000281,25.131685,25.170848,0.000271,0.000096,nan,nan,0.000001,0.000015,0.000001,0.000003,22.403972,26.003972,-3.689529,-0.299593,-0.056075,41.988576,-14.727615,-5.165092,-0.026877,0.238800,19.260057,3.600000
1290,0.010000,0.000000,0.000000,0.000000,0.000000,1.626567,-0.000415,41.482674,-11.060675,1.626456,41.482690,-11.060675,1.626460,25.131785,25.170948,0.000281,25.131614,25.170948,0.000271,0.000111,nan,nan,0.000002,0.000016,0.000001,0.000004,22.403972,26.003972,-3.689405,-0.301094,-0.055663,41.988576,-14.727615,-5.165091,-0.026444,0.239997,19.260054,3.600000
1300,0.010000,0.031729,0.053111,0.042420,0.001465,1.626220,-0.000314,41.480330,-11.018321,1.626145,41.480340,-11.018320,1.626148,25.131619,25.171048,0.000281,25.131463,25.171047,0.000271,0.000074,nan,nan,0.000001,0.000010,0.000000,0.000003,22.403972,26.003972,-3.731731,-0.302247,-0.055352,41.988576,-14.727615,-5.220082,-0.025910,0.243480,19.362311,3.600000
1310,0.010000,0.000000,0.000000,0.000000,0.000000,1.625716,-0.000575,41.480340,-11.018320,1.625573,41.480360,-11.018319,1.625578,25.131563,25.171147,0.000281,25.131418,25.171147,0.000271,0.000143,nan,nan,0.000003,0.000019,0.000001,0.000005,22.403972,26.003972,-3.731558,-0.304355,-0.054781,41.988576,-14.727615,-5.220080,-0.025306,0.245179,19.362308,3.600000
1320,0.010000,0.003104,0.002931,0.003018,-0.000012,1.625179,-0.000463,41.480195,-11.015306,1.625114,41.480203,-11.015306,1.625117,25.131512,25.171247,0.000281,25.131378,25.171247,0.000271,0.000064,nan,nan,0.000001,0.000008,0.000000,0.000002,22.403972,26.003972,-3.734435,-0.306069,-0.054320,41.988576,-14.727615,-5.223991,-0.024803,0.246744,19.369560,3.600000
1330,0.010000,0.000000,0.000000,0.000000,0.000000,1.625043,0.000043,41.480203,-11.015306,1.625159,41.480188,-11.015306,1.625155,25.131478,25.171347,0.000281,25.131352,25.171347,0.000271,-0.000116,nan,nan,0.000002,-0.000015,-0.000001,-0.000004,22.403972,26.003972,-3.734447,-0.305940,-0.054359,41.988576,-14.727615,-5.223993,-0.024843,0.246640,19.369563,3.600000
1340,0.010000,-0.013623,-0.025693,-0.019658,-0.000827,1.625576,0.000751,41.481256,-11.034935,1.625906,41.481216,-11.034937,1.625894,25.131490,25.171447,0.000281,25.131372,25.171446,0.000271,-0.000330,nan,nan,0.000014,-0.000040,-0.000002,-0.000012,22.403972,26.003972,-3.715014,-0.303234,-0.055098,41.988576,-14.727615,-5.198515,-0.025719,0.243266,19.322271,3.600000
1350,0.010000,0.000000,0.000000,0.000000,0.000000,1.626821,0.001337,41.481216,-11.034937,1.627231,41.481168,-11.034939,1.627217,25.131472,25.171546,0.000281,25.131363,25.171546,0.000271,-0.000410,nan,nan,0.000021,-0.000048,-0.000002,-0.000015,22.403972,26.003972,-3.715412,-0.298369,-0.056420,41.988576,-14.727615,-5.198520,-0.027116,0.239364,19.322280,3.600000
1360,0.010000,-0.045524,-0.033453,-0.039488,0.000827,1.627699,0.000687,41.483394,-11.074365,1.627904,41.483371,-11.074366,1.627897,25.131534,25.171646,0.000281,25.131430,25.171646,0.000271,-0.000205,nan,nan,0.000005,-0.000024,-0.000001,-0.000007,22.403972,26.003972,-3.676126,-0.295894,-0.057100,41.988576,-14.727615,-5.147328,-0.028019,0.235041,19.226908,3.600000
1370,0.010000,0.000000,0.000000,0.000000,0.000000,1.628078,0.000373,41.483371,-11.074366,1.628269,41.483350,-11.074367,1.628263,25.131530,25.171746,0.000281,25.131433,25.171746,0.000271,-0.000192,nan,nan,0.000005,-0.000021,-0.000001,-0.000007,22.403972,26.003972,-3.676234,-0.294570,-0.057466,41.988576,-14.727615,-5.147330,-0.028403,0.233989,19.226913,3.600000
1380,0.010000,-0.104498,-0.087771,-0.096134,0.001146,1.628473,0.000447,41.488871,-11.170343,1.628710,41.488845,-11.170344,1.628702,25.131697,25.171846,0.000281,25.131601,25.171846,0.000271,-0.000237,nan,nan,0.000007,-0.000026,-0.000001,-0.000008,22.428886,26.028886,-3.605140,-0.292626,-0.057905,41.989620,-14.752506,-5.022703,-0.029337,0.226817,18.992725,3.600000
1390,0.010000,0.000000,0.000000,0.000000,0.000000,1.628823,0.000336,41.488845,-11.170344,1.629037,41.488822,-11.170345,1.629029,25.131701,25.171946,0.000281,25.131612,25.171946,0.000271,-0.000214,nan,nan,0.000006,-0.000023,-0.000001,-0.000008,22.428886,26.028886,-3.605236,-0.291467,-0.058233,41.989620,-14.752507,-5.022706,-0.029678,0.225918,18.992730,3.600000
1400,0.010000,-0.197097,-0.169852,-0.183475,0.001866,1.628999,0.000123,41.499500,-11.353509,1.629152,41.499484,-11.353510,1.629147,25.132017,25.172047,0.000281,25.131924,25.172047,0.000271,-0.000153,nan,nan,0.000003,-0.000017,-0.000001,-0.000005,22.612336,26.212336,-3.605221,-0.288068,-0.058350,41.997307,-14.935796,-4.784885,-0.030830,0.212712,18.537632,3.600000
1410,0.010000,0.000000,0.000000,0.000000,0.000000,1.628900,-0.000181,41.499484,-11.353510,1.628965,41.499477,-11.353510,1.628963,25.132024,25.172147,0.000281,25.131937,25.172146,0.000271,-0.000066,nan,nan,0.000001,-0.000007,-0.000000,-0.000002,22.612336,26.212336,-3.605168,-0.288736,-0.058167,41.997307,-14.935796,-4.784885,-0.030640,0.213205,18.537634,3.600000
1420,0.010000,-0.240897,-0.240897,-0.240897,0.000000,1.628600,-0.000293,41.513481,-11.593999,1.628670,41.513473,-11.594000,1.628668,25.132436,25.172247,0.000281,25.132342,25.172247,0.000271,-0.000070,nan,nan,0.000001,-0.000008,-0.000000,-0.000002,22.853201,26.453201,-3.428439,-0.288712,-0.057871,42.000000,-15.000000,-4.472746,-0.031512,0.199280,17.922791,3.600000
10,4.016000,0.000000,0.000000,0.000000,nan,1.613573,0.000000,41.528936,-11.857290,1.613402,41.528940,-11.857290,1.613408,25.135722,25.176545,0.000281,25.135717,25.176545,0.000271,0.000171,nan,nan,0.000004,0.000004,0.000000,0.000006,0.000000,3.600000,3.593490,-0.216408,-0.060150,41.592072,-8.257844,0.050080,-0.049456,-0.001672,0.051350,3.600000
20,0.010000,0.000000,0.000000,0.000000,0.000000,1.612348,-0.000000,41.528940,-11.857290,1.613408,41.528915,-11.857291,1.613371,25.135817,25.176645,0.000281,25.135813,25.176645,0.000271,-0.001061,nan,nan,0.000143,-0.000025,-0.000001,-0.000038,0.000000,3.600000,3.593498,-0.216298,-0.060112,41.592072,-8.257844,0.150244,-0.049693,-0.005015,0.154051,3.600000
30,0.010000,0.000000,0.000000,0.000000,0.000000,1.612314,-0.000000,41.528915,-11.857291,1.613371,41.528891,-11.857293,1.613333,25.135913,25.176745,0.000281,25.135909,25.176745,0.000271,-0.001057,nan,nan,0.000142,-0.000024,-0.000001,-0.000038,0.000000,3.600000,3.593506,-0.216187,-0.060074,41.592072,-8.257844,0.300496,-0.050063,-0.010025,0.308102,3.600000
40,0.010000,0.000000,0.000000,0.000000,0.000000,1.612319,-0.000000,41.528891,-11.857293,1.613333,41.528868,-11.857294,1.613297,25.136009,25.176845,0.000281,25.136005,25.176845,0.000271,-0.001014,nan,nan,0.000130,-0.000022,-0.000001,-0.000036,0.000000,3.600000,3.593514,-0.216079,-0.060038,41.592072,-8.257844,0.500839,-0.050567,-0.016701,0.513503,3.600000
50,0.010000,0.000000,0.000000,0.000000,0.000000,1.612355,-0.000000,41.528868,-11.857294,1.613297,41.528848,-11.857295,1.613263,25.136105,25.176945,0.000281,25.136101,25.176945,0.000271,-0.000942,nan,nan,0.000113,-0.000020,-0.000001,-0.000034,0.000000,3.600000,3.593522,-0.215979,-0.060005,41.592072,-8.257844,0.751277,-0.051207,-0.025040,0.770255,3.600000
60,0.010000,0.000000,0.000000,0.000000,0.000000,1.612349,-0.000000,41.528848,-11.857295,1.613263,41.528830,-11.857296,1.613231,25.136201,25.177045,0.000281,25.136198,25.177045,0.000271,-0.000914,nan,nan,0.000106,-0.000019,-0.000001,-0.000033,0.000000,3.600000,3.593529,-0.215881,-0.059972,41.592072,-8.257844,1.051813,-0.051980,-0.035041,1.078357,3.600000
70,0.010000,0.000000,0.000000,0.000000,0.000000,1.612323,-0.000048,41.528830,-11.857296,1.613183,41.528812,-11.857296,1.613152,25.136298,25.177145,0.000281,25.136295,25.177145,0.000271,-0.000860,nan,nan,0.000094,-0.000017,-0.000001,-0.000031,0.000000,3.600000,3.593546,-0.215615,-0.059893,41.592072,-8.257844,1.402504,-0.052846,-0.046667,1.437809,3.600000
80,0.010000,0.000000,0.000000,0.000000,0.000000,1.612353,0.000053,41.528812,-11.857296,1.613205,41.528796,-11.857297,1.613175,25.136395,25.177245,0.000281,25.136392,25.177245,0.000271,-0.000853,nan,nan,0.000092,-0.000016,-0.000001,-0.000030,0.000000,3.600000,3.593541,-0.215714,-0.059916,41.592072,-8.257844,1.803180,-0.053933,-0.060026,1.848611,3.600000
90,0.010000,0.000000,0.000000,0.000000,0.000000,1.612427,0.000064,41.528796,-11.857297,1.613239,41.528781,-11.857298,1.613210,25.136492,25.177345,0.000281,25.136489,25.177345,0.000271,-0.000812,nan,nan,0.000084,-0.000015,-0.000001,-0.000029,0.000000,3.600000,3.593534,-0.215855,-0.059951,41.592072,-8.257844,2.253904,-0.055166,-0.075080,2.310764,3.600000
100,0.010000,0.000000,0.000000,0.000000,0.000000,1.612402,-0.000053,41.528781,-11.857298,1.613157,41.528768,-11.857299,1.613130,25.136589,25.177445,0.000281,25.136587,25.177445,0.000271,-0.000755,nan,nan,0.000072,-0.000013,-0.000001,-0.000027,0.000000,3.600000,3.593551,-0.215580,-0.059871,41.592072,-8.257844,2.754947,-0.056427,-0.091653,2.824267,3.600000
110,0.010000,0.000000,0.000000,0.000000,0.000000,1.612297,-0.000069,41.528768,-11.857299,1.613061,41.528755,-11.857299,1.613033,25.136687,25.177545,0.000281,25.136685,25.177545,0.000271,-0.000763,nan,nan,0.000074,-0.000013,-0.000001,-0.000027,0.000000,3.600000,3.593572,-0.215247,-0.059775,41.592072,-8.257844,3.306191,-0.057801,-0.109822,3.389121,3.600000
120,0.010000,0.000000,0.000000,0.000000,0.000000,1.612303,-0.000000,41.528755,-11.857299,1.613033,41.528743,-11.857300,1.613007,25.136785,25.177645,0.000281,25.136782,25.177645,0.000271,-0.000730,nan,nan,0.000068,-0.000012,-0.000001,-0.000026,0.000000,3.600000,3.593578,-0.215165,-0.059749,41.592072,-8.257844,3.898284,-0.059349,-0.129441,3.995988,3.600000
130,0.010000,0.000000,0.000000,0.000000,0.000000,1.612298,-0.000000,41.528743,-11.857300,1.613007,41.528731,-11.857301,1.612982,25.136882,25.177745,0.000281,25.136880,25.177745,0.000271,-0.000709,nan,nan,0.000064,-0.000011,-0.000001,-0.000025,0.000000,3.600000,3.593583,-0.215086,-0.059723,41.592072,-8.257844,4.490398,-0.060897,-0.149046,4.602855,3.600000
140,0.010000,0.000000,0.000000,0.000000,0.000000,1.612271,-0.000000,41.528731,-11.857301,1.612982,41.528720,-11.857301,1.612957,25.136980,25.177845,0.000281,25.136979,25.177845,0.000271,-0.000711,nan,nan,0.000064,-0.000011,-0.000001,-0.000025,0.000000,3.600000,3.593589,-0.215006,-0.059698,41.592072,-8.257844,5.082535,-0.062443,-0.168638,5.209723,3.600000
150,0.010000,0.000000,0.000000,0.000000,0.000000,1.612351,0.000112,41.528720,-11.857301,1.613069,41.528710,-11.857302,1.613043,25.137079,25.177945,0.000281,25.137077,25.177945,0.000271,-0.000718,nan,nan,0.000065,-0.000011,-0.000001,-0.000026,0.000000,3.600000,3.593570,-0.215326,-0.059784,41.592072,-8.257844,5.674174,-0.064107,-0.188549,5.816590,3.600000
160,0.010000,0.000000,0.000000,0.000000,0.000000,1.612500,0.000133,41.528710,-11.857302,1.613176,41.528700,-11.857302,1.613152,25.137177,25.178045,0.000281,25.137175,25.178045,0.000271,-0.000676,nan,nan,0.000058,-0.000010,-0.000000,-0.000024,0.000000,3.600000,3.593547,-0.215728,-0.059893,41.592072,-8.257844,6.265610,-0.065800,-0.208591,6.423457,3.600000
170,0.010000,0.000000,0.000000,0.000000,0.000000,1.612528,-0.000000,41.528700,-11.857302,1.613152,41.528691,-11.857303,1.613130,25.137275,25.178145,0.000281,25.137274,25.178145,0.000271,-0.000625,nan,nan,0.000049,-0.000009,-0.000000,-0.000022,0.000000,3.600000,3.593552,-0.215657,-0.059871,41.592072,-8.257844,6.857680,-0.067352,-0.228226,7.030325,3.600000
180,0.010000,0.000000,0.000000,0.000000,0.000000,1.612545,-0.000000,41.528691,-11.857303,1.613130,41.528684,-11.857303,1.613109,25.137374,25.178245,0.000281,25.137372,25.178245,0.000271,-0.000585,nan,nan,0.000043,-0.000008,-0.000000,-0.000021,0.000000,3.600000,3.593556,-0.215589,-0.059850,41.592072,-8.257844,7.449763,-0.068906,-0.247853,7.637192,3.600000
190,0.010000,0.000000,0.000000,0.000000,0.000000,1.612366,-0.000272,41.528684,-11.857303,1.612837,41.528678,-11.857303,1.612821,25.137472,25.178345,0.000281,25.137471,25.178345,0.000271,-0.000472,nan,nan,0.000028,-0.000006,-0.000000,-0.000017,0.000000,3.600000,3.593618,-0.214559,-0.059562,41.592072,-8.257844,8.043632,-0.070147,-0.266332,8.244059,3.600000
200,0.010000,0.000000,0.000000,0.000000,0.000000,1.611972,-0.000373,41.528678,-11.857303,1.612448,41.528672,-11.857304,1.612431,25.137571,25.178445,0.000281,25.137570,25.178445,0.000271,-0.000476,nan,nan,0.000029,-0.000006,-0.000000,-0.000017,0.000000,3.600000,3.593702,-0.213164,-0.059172,41.592072,-8.257844,8.638485,-0.071255,-0.284169,8.850927,3.600000
210,0.010000,0.012071,0.000000,0.006035,-0.000827,1.611556,-0.000453,41.528420,-11.851273,1.611978,41.528416,-11.851274,1.611963,25.137669,25.178545,0.000281,25.137668,25.178545,0.000271,-0.000422,nan,nan,0.000023,-0.000005,-0.000000,-0.000015,0.006006,3.606006,3.593762,-0.211843,-0.058704,41.592178,-8.251838,9.233733,-0.072287,-0.301868,9.457794,3.600000
220,0.010000,0.000000,0.000000,0.000000,0.000000,1.611105,-0.000399,41.528416,-11.851274,1.611564,41.528410,-11.851274,1.611547,25.137768,25.178645,0.000281,25.137767,25.178645,0.000271,-0.000459,nan,nan,0.000027,-0.000005,-0.000000,-0.000016,0.006006,3.606006,3.593849,-0.210354,-0.058288,41.592178,-8.251838,9.829507,-0.073323,-0.319086,10.064661,3.600000
230,0.010000,0.027418,0.013623,0.020520,-0.000945,1.610887,-0.000202,41.527574,-11.830771,1.611345,41.527570,-11.830771,1.611328,25.137863,25.178745,0.000281,25.137862,25.178745,0.000271,-0.000458,nan,nan,0.000027,-0.000005,-0.000000,-0.000016,0.026491,3.626491,3.593825,-0.210766,-0.058070,41.592537,-8.231357,10.421959,-0.074736,-0.338980,10.671529,3.600000
240,0.010000,0.000000,0.000000,0.000000,0.000000,1.610664,-0.000250,41.527570,-11.830771,1.611078,41.527566,-11.830771,1.611063,25.137962,25.178845,0.000281,25.137962,25.178845,0.000271,-0.000414,nan,nan,0.000022,-0.000004,-0.000000,-0.000015,0.026491,3.626491,3.593881,-0.209817,-0.057805,41.592537,-8.231357,11.016967,-0.075937,-0.356720,11.278396,3.600000
250,0.010000,0.052939,0.033281,0.043110,-0.001346,1.610272,-0.000442,41.525830,-11.787697,1.610621,41.525827,-11.787697,1.610609,25.138056,25.178945,0.000281,25.138055,25.178945,0.000271,-0.000349,nan,nan,0.000015,-0.000003,-0.000000,-0.000012,0.069528,3.669528,3.593833,-0.210673,-0.057350,41.593292,-8.188326,11.609213,-0.077221,-0.377430,11.885264,3.600000
260,0.010000,0.000000,0.000000,0.000000,0.000000,1.609583,-0.000724,41.525827,-11.787697,1.609884,41.525825,-11.787697,1.609874,25.138155,25.179045,0.000281,25.138155,25.179045,0.000271,-0.000301,nan,nan,0.000012,-0.000002,-0.000000,-0.000011,0.069528,3.669528,3.593987,-0.208033,-0.056615,41.593292,-8.188326,12.209118,-0.077781,-0.391960,12.492131,3.600000
270,0.010000,0.062250,0.039488,0.050869,-0.001559,1.608836,-0.000746,41.523838,-11.736866,1.609128,41.523836,-11.736866,1.609118,25.138249,25.179145,0.000281,25.138249,25.179145,0.000271,-0.000292,nan,nan,0.000011,-0.000002,-0.000000,-0.000010,0.120316,3.720316,3.593982,-0.208191,-0.055859,41.594182,-8.137546,12.803854,-0.078713,-0.411366,13.098998,3.600000
280,0.010000,0.000000,0.000000,0.000000,0.000000,1.607990,-0.000863,41.523836,-11.736866,1.608255,41.523835,-11.736866,1.608245,25.138349,25.179245,0.000281,25.138349,25.179245,0.000271,-0.000265,nan,nan,0.000009,-0.000001,-0.000000,-0.000009,0.120316,3.720316,3.594163,-0.205057,-0.054986,41.594182,-8.137546,13.406193,-0.079028,-0.424234,13.705866,3.600000
290,0.010000,0.086392,0.058974,0.072683,-0.001878,1.606944,-0.001103,41.521113,-11.664235,1.607143,41.521113,-11.664235,1.607136,25.138444,25.179345,0.000281,25.138444,25.179345,0.000271,-0.000198,nan,nan,0.000005,-0.000001,-0.000000,-0.000007,0.192889,3.792889,3.594173,-0.205058,-0.053877,41.595455,-8.064985,14.002818,-0.079628,-0.443116,14.312733,3.600000
300,0.010000,0.000000,0.000000,0.000000,0.000000,1.605749,-0.001230,41.521113,-11.664235,1.605905,41.521112,-11.664235,1.605900,25.138544,25.179445,0.000281,25.138544,25.179445,0.000271,-0.000157,nan,nan,0.000003,-0.000000,-0.000000,-0.000006,0.192889,3.792889,3.594423,-0.200616,-0.052641,41.595455,-8.064985,14.610344,-0.079352,-0.452326,14.919600,3.600000
310,0.010000,0.101394,0.078804,0.090099,-0.001547,1.604358,-0.001465,41.517950,-11.574191,1.604435,41.517950,-11.574191,1.604432,25.138643,25.179545,0.000281,25.138643,25.179545,0.000271,-0.000077,nan,nan,0.000001,0.000000,-0.000000,-0.000003,0.282863,3.882863,3.594471,-0.200076,-0.051173,41.597033,-7.975024,15.210079,-0.079532,-0.469624,15.526468,3.600000
320,0.010000,0.000000,0.000000,0.000000,0.000000,1.602702,-0.001688,41.517950,-11.574191,1.602744,41.517950,-11.574191,1.602742,25.138743,25.179645,0.000281,25.138743,25.179645,0.000271,-0.000041,nan,nan,0.000000,0.000000,-0.000000,-0.000001,0.282863,3.882863,3.594804,-0.194001,-0.049483,41.597033,-7.975024,15.824312,-0.078477,-0.473754,16.133335,3.600000
330,0.010000,0.127432,0.127432,0.127432,0.000000,1.600858,-0.001912,41.513880,-11.446824,1.600830,41.513880,-11.446824,1.600831,25.138848,25.179745,0.000281,25.138848,25.179745,0.000271,0.000028,nan,nan,0.000000,-0.000000,-0.000000,0.000001,0.410139,4.010139,3.594869,-0.193426,-0.047572,41.599265,-7.847768,16.426456,-0.078235,-0.490325,16.740202,3.600000
340,0.010000,0.000000,0.000000,0.000000,0.000000,1.598838,-0.002024,41.513880,-11.446824,1.598807,41.513880,-11.446824,1.598808,25.138948,25.179845,0.000281,25.138948,25.179845,0.000271,0.000031,nan,nan,0.000000,-0.000000,-0.000000,0.000001,0.410139,4.010139,3.595253,-0.186154,-0.045549,41.599265,-7.847768,17.046245,-0.076526,-0.489695,17.347070,3.600000
350,0.010000,0.206064,0.158988,0.182526,-0.003224,1.596833,-0.001997,41.508768,-11.264369,1.596811,41.508767,-11.264369,1.596811,25.139070,25.179945,0.000281,25.139069,25.179945,0.000271,0.000022,nan,nan,0.000000,-0.000000,-0.000000,0.000001,0.592476,4.192476,3.595255,-0.187278,-0.043553,41.602462,-7.665459,17.645295,-0.076510,-0.509966,17.953937,3.600000
360,0.010000,0.000000,0.000000,0.000000,0.000000,1.594773,-0.002072,41.508767,-11.264369,1.594739,41.508767,-11.264369,1.594741,25.139169,25.180045,0.000281,25.139168,25.180045,0.000271,0.000033,nan,nan,0.000000,-0.000000,-0.000000,0.000001,0.592476,4.192476,3.595635,-0.179833,-0.041482,41.602462,-7.665459,18.267189,-0.074571,-0.506952,18.560804,3.600000
370,0.010000,0.239517,0.195545,0.217531,-0.003012,1.592727,-0.002008,41.503559,-11.046901,1.592732,41.503559,-11.046901,1.592732,25.139315,25.180145,0.000281,25.139312,25.180145,0.000271,-0.000005,nan,nan,0.000000,0.000000,0.000000,-0.000000,0.809820,4.409820,3.595633,-0.181626,-0.039473,41.606274,-7.448148,18.865135,-0.074669,-0.528764,19.167672,3.600000
380,0.010000,0.000000,0.000000,0.000000,0.000000,1.590831,-0.001870,41.503559,-11.046901,1.590863,41.503560,-11.046901,1.590861,25.139412,25.180245,0.000281,25.139410,25.180245,0.000271,-0.000032,nan,nan,0.000000,0.000001,0.000000,-0.000001,0.809820,4.409820,3.595967,-0.174898,-0.037603,41.606274,-7.448148,19.485913,-0.072909,-0.525934,19.774539,3.600000
390,0.010000,0.289352,0.251588,0.270470,-0.002587,1.589032,-0.001790,41.498133,-10.776485,1.589072,41.498134,-10.776485,1.589070,25.139599,25.180345,0.000281,25.139594,25.180345,0.000271,-0.000040,nan,nan,0.000000,0.000001,0.000000,-0.000001,1.080099,4.680099,3.595910,-0.178618,-0.035812,41.611014,-7.177911,20.078232,-0.073641,-0.553446,20.381406,3.600000
400,0.010000,0.000000,0.000000,0.000000,0.000000,1.587319,-0.001710,41.498134,-10.776485,1.587361,41.498135,-10.776485,1.587359,25.139694,25.180445,0.000281,25.139689,25.180445,0.000271,-0.000041,nan,nan,0.000000,0.000001,0.000000,-0.000001,1.080099,4.680099,3.596211,-0.172463,-0.034100,41.611014,-7.177911,20.698181,-0.072032,-0.550875,20.988274,3.600000
410,0.010000,0.318322,0.298664,0.308493,-0.001346,1.585791,-0.001459,41.493026,-10.468035,1.585900,41.493029,-10.468035,1.585896,25.139931,25.180545,0.000281,25.139921,25.180545,0.000271,-0.000109,nan,nan,0.000002,0.000004,0.000000,-0.000004,1.388412,4.988412,3.596116,-0.177709,-0.032637,41.616420,-6.869645,21.284941,-0.073460,-0.583722,21.595141,3.600000
420,0.010000,0.000000,0.000000,0.000000,0.000000,1.584390,-0.001348,41.493029,-10.468035,1.584548,41.493035,-10.468035,1.584543,25.140021,25.180645,0.000281,25.140013,25.180645,0.000271,-0.000158,nan,nan,0.000003,0.000005,0.000000,-0.000006,1.388412,4.988412,3.596354,-0.172837,-0.031284,41.616420,-6.869645,21.901267,-0.072385,-0.584158,22.202008,3.600000
430,0.010000,0.357638,0.307630,0.332634,-0.003425,1.583080,-0.001268,41.488462,-10.135432,1.583275,41.488471,-10.135432,1.583268,25.140310,25.180745,0.000281,25.140295,25.180745,0.000271,-0.000195,nan,nan,0.000005,0.000008,0.000000,-0.000007,1.720884,5.320884,3.596259,-0.178644,-0.030009,41.622251,-6.537225,22.484933,-0.074198,-0.619876,22.808876,3.600000
440,0.010000,0.000000,0.000000,0.000000,0.000000,1.581935,-0.001081,41.488471,-10.135432,1.582187,41.488481,-10.135432,1.582178,25.140395,25.180845,0.000281,25.140381,25.180845,0.000271,-0.000251,nan,nan,0.000008,0.000011,0.000000,-0.000009,1.720884,5.320884,3.596452,-0.174712,-0.028919,41.622251,-6.537224,23.098519,-0.073536,-0.622778,23.415743,3.600000
450,0.010000,0.348671,0.340911,0.344791,-0.000531,1.580865,-0.001135,41.484557,-9.790663,1.581043,41.484566,-9.790663,1.581037,25.140733,25.180945,0.000281,25.140711,25.180945,0.000271,-0.000179,nan,nan,0.000004,0.000009,0.000000,-0.000006,2.065531,5.665531,3.596372,-0.180566,-0.027778,41.628295,-6.192630,23.680461,-0.075567,-0.659857,24.022610,3.600000
460,0.010000,0.000000,0.000000,0.000000,0.000000,1.579561,-0.001353,41.484566,-9.790663,1.579684,41.484573,-9.790663,1.579679,25.140811,25.181045,0.000281,25.140791,25.181045,0.000271,-0.000123,nan,nan,0.000002,0.000006,0.000000,-0.000004,2.065531,5.665531,3.596614,-0.175678,-0.026421,41.628295,-6.192630,24.298601,-0.074365,-0.658754,24.629478,3.600000
470,0.010000,0.454548,0.351602,0.403075,-0.007051,1.578352,-0.001108,41.480992,-9.387604,1.578572,41.481006,-9.387604,1.578564,25.141244,25.181145,0.000281,25.141213,25.181145,0.000271,-0.000219,nan,nan,0.000006,0.000014,0.000000,-0.000008,2.468466,6.068466,3.596539,-0.182296,-0.025305,41.635361,-5.789757,24.876612,-0.076737,-0.699832,25.236345,3.600000
480,0.010000,0.000000,0.000000,0.000000,0.000000,1.577350,-0.000980,41.481006,-9.387604,1.577584,41.481020,-9.387603,1.577575,25.141313,25.181245,0.000281,25.141285,25.181245,0.000271,-0.000234,nan,nan,0.000007,0.000014,0.000000,-0.000008,2.468466,6.068466,3.596718,-0.178727,-0.024317,41.635361,-5.789757,25.490040,-0.076184,-0.703050,25.843212,3.600000
490,0.010000,0.431959,0.422992,0.427475,-0.000614,1.576374,-0.000900,41.478122,-8.960138,1.576675,41.478144,-8.960138,1.576664,25.141825,25.181345,0.000281,25.141783,25.181345,0.000271,-0.000301,nan,nan,0.000011,0.000022,0.000000,-0.000011,2.895816,6.495816,3.596636,-0.185820,-0.023406,41.642855,-5.362473,26.064037,-0.078985,-0.747410,26.450080,3.600000
500,0.010000,0.000000,0.000000,0.000000,0.000000,1.575630,-0.000708,41.478144,-8.960138,1.575956,41.478167,-8.960138,1.575944,25.141883,25.181445,0.000281,25.141844,25.181445,0.000271,-0.000326,nan,nan,0.000014,0.000023,0.000000,-0.000012,2.895817,6.495817,3.596770,-0.183207,-0.022686,41.642855,-5.362472,26.673785,-0.078933,-0.754141,27.056947,3.600000
510,0.010000,0.477482,0.431786,0.454634,-0.003130,1.574975,-0.000687,41.475826,-8.505509,1.575257,41.475850,-8.505509,1.575247,25.142485,25.181545,0.000281,25.142430,25.181545,0.000271,-0.000282,nan,nan,0.000010,0.000023,0.000000,-0.000010,3.350334,6.950334,3.596670,-0.190987,-0.021988,41.650826,-4.908024,27.242286,-0.082264,-0.802918,27.663814,3.600000
520,0.010000,0.000000,0.000000,0.000000,0.000000,1.574207,-0.000740,41.475850,-8.505509,1.574507,41.475874,-8.505509,1.574496,25.142530,25.181645,0.000281,25.142480,25.181645,0.000271,-0.000300,nan,nan,0.000011,0.000024,0.000000,-0.000011,3.350335,6.950335,3.596813,-0.188261,-0.021237,41.650826,-4.908024,27.852882,-0.082151,-0.809199,28.270682,3.600000
530,0.010000,0.489553,0.488173,0.488863,-0.000094,1.573586,-0.000639,41.474065,-8.016649,1.573857,41.474091,-8.016649,1.573847,25.143241,25.181745,0.000281,25.143171,25.181745,0.000271,-0.000271,nan,nan,0.000009,0.000025,0.000000,-0.000010,3.839089,7.439089,3.596721,-0.196281,-0.020589,41.659397,-4.419345,28.417603,-0.085745,-0.860777,28.877549,3.600000
540,0.010000,0.000000,0.000000,0.000000,0.000000,1.572824,-0.000756,41.474091,-8.016649,1.573091,41.474115,-8.016648,1.573081,25.143271,25.181845,0.000281,25.143206,25.181845,0.000271,-0.000267,nan,nan,0.000009,0.000024,0.000000,-0.000010,3.839090,7.439090,3.596871,-0.193502,-0.019823,41.659397,-4.419345,29.028806,-0.085602,-0.866842,29.484416,3.600000
550,0.010000,0.528869,0.510590,0.519730,-0.001252,1.572046,-0.000874,41.472927,-7.496920,1.572208,41.472944,-7.496920,1.572202,25.144096,25.181945,0.000281,25.144009,25.181945,0.000271,-0.000162,nan,nan,0.000003,0.000017,0.000000,-0.000006,4.358718,7.958718,3.596845,-0.200622,-0.018943,41.668510,-3.899796,29.595383,-0.088836,-0.916279,30.091284,3.600000
560,0.010000,0.000000,0.000000,0.000000,0.000000,1.571039,-0.000895,41.472944,-7.496920,1.571307,41.472972,-7.496920,1.571298,25.144109,25.182045,0.000281,25.144027,25.182045,0.000271,-0.000268,nan,nan,0.000009,0.000027,0.000000,-0.000010,4.358718,7.958718,3.597026,-0.197342,-0.018039,41.668510,-3.899796,30.209591,-0.088392,-0.920002,30.698151,3.600000
570,0.010000,0.580428,0.513867,0.547147,-0.004559,1.570068,-0.000996,41.472697,-6.949772,1.570302,41.472725,-6.949772,1.570293,25.145054,25.182145,0.000281,25.144946,25.182145,0.000271,-0.000234,nan,nan,0.000007,0.000027,0.000000,-0.000008,4.905778,8.505778,3.597054,-0.203569,-0.017035,41.678103,-3.352821,30.778485,-0.091321,-0.966907,31.305018,3.600000
580,0.010000,0.000000,0.000000,0.000000,0.000000,1.569001,-0.001103,41.472725,-6.949772,1.569191,41.472746,-6.949772,1.569184,25.145046,25.182245,0.000281,25.144946,25.182245,0.000271,-0.000190,nan,nan,0.000005,0.000021,0.000000,-0.000007,4.905778,8.505778,3.597278,-0.199558,-0.015925,41.678103,-3.352820,31.397189,-0.090411,-0.966906,31.911886,3.600000
590,0.010000,0.562322,0.527489,0.544906,-0.002386,1.567822,-0.001236,41.473625,-6.404867,1.567948,41.473641,-6.404867,1.567944,25.146060,25.182345,0.000281,25.145932,25.182345,0.000271,-0.000126,nan,nan,0.000002,0.000016,0.000000,-0.000004,5.450615,9.050615,3.597396,-0.203756,-0.014685,41.687658,-2.808067,31.975135,-0.092476,-1.005423,32.518753,3.600000
600,0.010000,0.000000,0.000000,0.000000,0.000000,1.566503,-0.001412,41.473641,-6.404867,1.566532,41.473644,-6.404867,1.566531,25.146032,25.182445,0.000281,25.145913,25.182445,0.000271,-0.000029,nan,nan,0.000000,0.000004,0.000000,-0.000001,5.450615,9.050615,3.597680,-0.198671,-0.013272,41.687658,-2.808067,32.600422,-0.090844,-0.999501,33.125621,3.600000
610,0.010000,0.539560,0.560770,0.550165,0.001453,1.565186,-0.001358,41.475991,-5.854707,1.565173,41.475989,-5.854707,1.565173,25.147123,25.182545,0.000281,25.146974,25.182545,0.000271,0.000013,nan,nan,0.000000,-0.000002,-0.000000,0.000000,6.000732,9.600732,3.597860,-0.201089,-0.011915,41.697305,-2.258035,33.187078,-0.092160,-1.029871,33.732488,3.600000
620,0.010000,0.000000,0.000000,0.000000,0.000000,1.563940,-0.001119,41.475989,-5.854707,1.564055,41.476004,-5.854707,1.564051,25.147074,25.182645,0.000281,25.146936,25.182645,0.000271,-0.000115,nan,nan,0.000002,0.000015,0.000000,-0.000004,6.000732,9.600732,3.598083,-0.197035,-0.010792,41.697305,-2.258034,33.807164,-0.091086,-1.027960,34.339355,3.600000
630,0.010000,0.580428,0.553183,0.566805,-0.001866,1.562880,-0.001129,41.479827,-5.287914,1.562922,41.479834,-5.287914,1.562920,25.148264,25.182745,0.000281,25.148093,25.182745,0.000271,-0.000042,nan,nan,0.000000,0.000006,0.000000,-0.000001,6.567505,10.167505,3.598245,-0.199077,-0.009661,41.707244,-1.691349,34.395100,-0.092456,-1.056676,34.946223,3.600000
640,0.010000,0.000000,0.000000,0.000000,0.000000,1.561595,-0.001300,41.479834,-5.287914,1.561620,41.479837,-5.287914,1.561620,25.148193,25.182845,0.000281,25.148034,25.182845,0.000271,-0.000025,nan,nan,0.000000,0.000004,0.000000,-0.000001,6.567505,10.167505,3.598501,-0.194393,-0.008361,41.707244,-1.691349,35.019284,-0.090899,-1.050541,35.553090,3.600000
650,0.010000,0.591119,0.580428,0.585774,-0.000732,1.560375,-0.001262,41.485213,-4.702165,1.560357,41.485210,-4.702165,1.560358,25.149492,25.182945,0.000281,25.149297,25.182945,0.000271,0.000018,nan,nan,0.000000,-0.000003,-0.000000,0.000001,7.153258,10.753258,3.598708,-0.194753,-0.007099,41.717517,-1.105686,35.616326,-0.091455,-1.070429,36.159957,3.600000
660,0.010000,0.000000,0.000000,0.000000,0.000000,1.559367,-0.001039,41.485210,-4.702165,1.559319,41.485203,-4.702165,1.559321,25.149397,25.183045,0.000281,25.149216,25.183045,0.000271,0.000048,nan,nan,0.000000,-0.000007,-0.000000,0.000002,7.153258,10.753258,3.598908,-0.191028,-0.006062,41.717517,-1.105686,36.235474,-0.090428,-1.068209,36.766825,3.600000
670,0.010000,0.595603,0.603190,0.599396,0.000520,1.558568,-0.000879,41.492081,-4.102808,1.558442,41.492060,-4.102808,1.558446,25.150794,25.183145,0.000281,25.150575,25.183145,0.000271,0.000126,nan,nan,0.000002,-0.000021,-0.000000,0.000004,7.752643,11.352643,3.599055,-0.191536,-0.005188,41.728028,-0.506393,36.831404,-0.091347,-1.088662,37.373692,3.600000
680,0.010000,0.000000,0.000000,0.000000,0.000000,1.557682,-0.001017,41.492060,-4.102808,1.557429,41.492019,-4.102808,1.557438,25.150675,25.183245,0.000281,25.150471,25.183245,0.000271,0.000253,nan,nan,0.000008,-0.000041,-0.000000,0.000009,7.752643,11.352643,3.599247,-0.187947,-0.004179,41.728028,-0.506393,37.450206,-0.090324,-1.086213,37.980559,3.600000
690,0.010000,0.586463,0.556114,0.571289,-0.002079,1.556560,-0.001124,41.499650,-3.531570,1.556314,41.499607,-3.531570,1.556323,25.152055,25.183345,0.000281,25.151815,25.183345,0.000271,0.000245,nan,nan,0.000008,-0.000043,0.000000,0.000009,8.323925,11.923925,3.599446,-0.186364,-0.003064,41.738046,0.064801,38.058049,-0.090076,-1.094544,38.587427,3.600000
700,0.010000,0.000000,0.000000,0.000000,0.000000,1.555527,-0.000969,41.499607,-3.531570,1.555354,41.499578,-3.531570,1.555360,25.151915,25.183445,0.000281,25.151691,25.183445,0.000271,0.000173,nan,nan,0.000004,-0.000029,0.000000,0.000006,8.323925,11.923925,3.599624,-0.182926,-0.002101,41.738046,0.064801,38.676311,-0.089067,-1.091804,39.194294,3.600000
710,0.010000,0.730622,0.638195,0.684409,-0.006331,1.554397,-0.001060,41.510143,-2.847243,1.554300,41.510125,-2.847243,1.554303,25.153670,25.183545,0.000281,25.153397,25.183545,0.000271,0.000098,nan,nan,0.000001,-0.000018,0.000000,0.000003,9.008331,12.608331,3.599813,-0.180579,-0.001044,41.750048,0.749102,39.288623,-0.088445,-1.094859,39.801161,3.600000
720,0.010000,0.000000,0.000000,0.000000,0.000000,1.553389,-0.001007,41.510125,-2.847243,1.553297,41.510108,-2.847243,1.553300,25.153497,25.183645,0.000281,25.153244,25.183645,0.000271,0.000092,nan,nan,0.000001,-0.000016,0.000000,0.000003,9.008331,12.608331,3.599993,-0.176983,-0.000041,41.750048,0.749102,39.908014,-0.087232,-1.089975,40.408029,3.600000
730,0.010000,0.680442,0.662164,0.671303,-0.001252,1.552294,-0.001076,41.521853,-2.176043,1.552224,41.521839,-2.176043,1.552226,25.155295,25.183745,0.000281,25.154993,25.183745,0.000271,0.000070,nan,nan,0.000001,-0.000014,0.000000,0.000003,9.679634,13.279634,3.600181,-0.173160,0.001032,41.761821,1.420302,39.578307,-0.083763,-1.057619,40.053076,3.600000
740,0.010000,0.000000,0.000000,0.000000,0.000000,1.551307,-0.001049,41.521839,-2.176043,1.551177,41.521815,-2.176042,1.551182,25.155093,25.183845,0.000281,25.154811,25.183845,0.000271,0.000130,nan,nan,0.000002,-0.000025,0.000000,0.000005,9.679634,13.279634,3.600360,-0.169423,0.002077,41.761821,1.420302,39.598112,-0.081122,-1.035315,40.053076,3.600000
750,0.010000,0.742693,0.685098,0.713896,-0.003945,1.550206,-0.001135,41.535817,-1.462284,1.550047,41.535784,-1.462284,1.550053,25.157099,25.183946,0.000281,25.156763,25.183945,0.000271,0.000159,nan,nan,0.000003,-0.000033,0.000000,0.000006,10.393528,13.993528,3.600544,-0.163909,0.003206,41.774340,2.134086,38.794603,-0.075874,-0.981292,39.212231,3.600000
760,0.010000,0.000000,0.000000,0.000000,0.000000,1.548817,-0.001342,41.535784,-1.462284,1.548710,41.535763,-1.462284,1.548714,25.156863,25.184045,0.000281,25.156549,25.184045,0.000271,0.000106,nan,nan,0.000001,-0.000021,0.000000,0.000004,10.393528,13.993528,3.600760,-0.159110,0.004544,41.774340,2.134086,38.817688,-0.072524,-0.953132,39.212231,3.600000
770,0.010000,0.789596,0.680442,0.735019,-0.007476,1.547681,-0.001108,41.551992,-0.727444,1.547606,41.551976,-0.727444,1.547609,25.159023,25.184146,0.000281,25.158650,25.184146,0.000271,0.000074,nan,nan,0.000001,-0.000016,0.000000,0.000003,11.128539,14.728539,3.600915,-0.151806,0.005650,41.787230,2.868984,37.974964,-0.066538,-0.889637,38.327222,3.600000
780,0.010000,0.000000,0.000000,0.000000,0.000000,1.546433,-0.001332,41.551976,-0.727444,1.546277,41.551943,-0.727443,1.546283,25.158750,25.184246,0.000281,25.158403,25.184246,0.000271,0.000155,nan,nan,0.000003,-0.000033,0.000000,0.000006,11.128539,14.728539,3.601114,-0.147064,0.006976,41.787230,2.868984,37.995166,-0.063264,-0.862302,38.327223,3.600000
790,0.010000,0.786492,0.767007,0.776749,-0.001335,1.544926,-0.001598,41.570982,0.049073,1.544685,41.570927,0.049073,1.544694,25.161142,25.184346,0.000281,25.160729,25.184346,0.000271,0.000241,nan,nan,0.000007,-0.000055,0.000001,0.000009,11.905269,15.505269,3.601297,-0.135977,0.008565,41.800851,3.645594,37.089939,-0.055241,-0.778301,37.369187,3.600000
800,0.010000,0.000000,0.000000,0.000000,0.000000,1.543306,-0.001678,41.570927,0.049073,1.543016,41.570863,0.049074,1.543026,25.160829,25.184446,0.000281,25.160445,25.184446,0.000271,0.000290,nan,nan,0.000011,-0.000064,0.000001,0.000010,11.905269,15.505269,3.601520,-0.130036,0.010233,41.800851,3.645594,37.111136,-0.051187,-0.744720,37.369189,3.600000
810,0.010000,0.757867,0.747176,0.752522,-0.000732,1.541775,-0.001465,41.591758,0.801305,1.541561,41.591707,0.801306,1.541569,25.163223,25.184547,0.000281,25.162774,25.184547,0.000271,0.000214,nan,nan,0.000006,-0.000051,0.000001,0.000008,12.657750,16.257750,3.601615,-0.117139,0.011690,41.814047,4.397960,36.209303,-0.042779,-0.654557,36.416998,3.600000
820,0.010000,0.000000,0.000000,0.000000,0.000000,1.540465,-0.001385,41.591707,0.801306,1.540184,41.591642,0.801307,1.540194,25.162874,25.184647,0.000281,25.162456,25.184647,0.000271,0.000281,nan,nan,0.000010,-0.000065,0.000001,0.000010,12.657750,16.257750,3.601774,-0.112252,0.013065,41.814047,4.397960,36.223242,-0.039486,-0.627490,36.417000,3.600000
830,0.010000,0.750108,0.751660,0.750884,0.000106,1.539126,-0.001305,41.614617,1.551839,1.538889,41.614559,1.551840,1.538897,25.165335,25.184748,0.000281,25.164851,25.184748,0.000271,0.000237,nan,nan,0.000007,-0.000059,0.000001,0.000008,13.408569,17.008569,3.601776,-0.097832,0.014361,41.827214,5.148664,35.293124,-0.030851,-0.532839,35.441394,3.600000
840,0.010000,0.000000,0.000000,0.000000,0.000000,1.538081,-0.001071,41.614559,1.551840,1.537827,41.614498,1.551841,1.537836,25.164951,25.184848,0.000281,25.164501,25.184848,0.000271,0.000254,nan,nan,0.000008,-0.000061,0.000001,0.000009,13.408569,17.008569,3.601879,-0.094069,0.015423,41.827214,5.148664,35.301275,-0.028350,-0.512463,35.441395,3.600000
850,0.010000,0.818566,0.804771,0.811668,-0.000945,1.537035,-0.001039,41.641246,2.363068,1.536797,41.641184,2.363069,1.536806,25.167727,25.184950,0.000281,25.167200,25.184949,0.000271,0.000238,nan,nan,0.000007,-0.000062,0.000001,0.000008,14.220141,17.820141,3.601769,-0.077904,0.016453,41.841446,5.960110,34.255786,-0.019455,-0.411830,34.355677,3.600000
860,0.010000,0.000000,0.000000,0.000000,0.000000,1.535950,-0.000943,41.641184,2.363069,1.535863,41.641163,2.363069,1.535866,25.167300,25.185049,0.000281,25.166811,25.185049,0.000271,0.000087,nan,nan,0.000001,-0.000022,0.000000,0.000003,14.220141,17.820141,3.601841,-0.074541,0.017393,41.841446,5.960110,34.260834,-0.017267,-0.394111,34.355678,3.600000
870,0.010000,0.859261,0.742693,0.800977,-0.007984,1.535122,-0.000815,41.669135,3.163558,1.535051,41.669116,3.163558,1.535054,25.170117,25.185151,0.000281,25.169551,25.185151,0.000271,0.000071,nan,nan,0.000001,-0.000019,0.000000,0.000003,15.020996,18.620996,3.601647,-0.057706,0.018205,41.855490,6.760843,33.185511,-0.008714,-0.295523,33.249537,3.600000
880,0.010000,0.000000,0.000000,0.000000,0.000000,1.534133,-0.001055,41.669116,3.163558,1.533999,41.669082,3.163559,1.534004,25.169651,25.185251,0.000281,25.169126,25.185251,0.000271,0.000134,nan,nan,0.000002,-0.000035,0.000001,0.000005,15.020996,18.620996,3.601707,-0.053959,0.019255,41.855490,6.760843,33.188711,-0.006320,-0.276363,33.249538,3.600000
890,0.010000,0.857882,0.862365,0.860123,0.000307,1.534133,-0.001055,41.700721,4.023100,1.532949,41.700391,4.023106,1.532991,25.172800,25.185353,0.000281,25.172189,25.185353,0.000271,0.001184,nan,nan,0.000178,-0.000330,0.000007,0.000042,15.880961,19.480961,3.601430,-0.034085,0.020267,41.870571,7.620675,31.980704,0.003162,-0.168219,32.019223,3.600000
900,0.010000,0.000000,0.000000,0.000000,0.000000,1.533095,-0.001033,41.700391,4.023106,1.531958,41.700085,4.023113,1.531998,25.172289,25.185453,0.000281,25.171720,25.185453,0.000271,0.001137,nan,nan,0.000164,-0.000306,0.000006,0.000041,15.880962,19.480962,3.601469,-0.030815,0.021260,41.870571,7.620676,31.981049,0.005267,-0.152082,32.019226,3.600000
910,0.010000,0.918408,0.850122,0.884265,-0.004677,1.532312,-0.000890,41.734384,4.906712,1.531109,41.734036,4.906720,1.531152,25.175640,25.185556,0.000281,25.174979,25.185556,0.000271,0.001204,nan,nan,0.000184,-0.000348,0.000008,0.000043,16.765028,20.365028,3.601086,-0.009320,0.022107,41.886075,8.504607,30.675014,0.014598,-0.044121,30.703065,3.600000
920,0.010000,0.000000,0.892714,0.446357,0.061145,1.531406,-0.000991,41.751727,5.352726,1.530161,41.751360,5.352734,1.530205,25.177096,25.185658,0.000281,25.176412,25.185657,0.000271,0.001245,nan,nan,0.000197,-0.000367,0.000008,0.000044,17.211278,20.811278,3.600874,0.003585,0.023053,41.893901,8.950788,12.545610,0.019459,0.006941,30.016802,3.600000
930,0.010000,0.888058,0.000000,0.444029,-0.060826,1.530405,-0.000953,41.769379,5.796398,1.529252,41.769034,5.796406,1.529293,25.178551,25.185759,0.000281,25.177846,25.185759,0.000271,0.001153,nan,nan,0.000169,-0.000345,0.000008,0.000041,17.655192,21.255192,3.600632,0.016758,0.023966,41.901685,9.394633,11.968439,0.022128,0.030952,29.318199,3.600000
940,0.010000,0.000000,0.923063,0.461532,0.063224,1.529434,-0.000921,41.788183,6.257540,1.528372,41.787860,6.257548,1.528409,25.180101,25.185861,0.000281,25.179370,25.185860,0.000271,0.001062,nan,nan,0.000143,-0.000323,0.000008,0.000038,18.116593,21.716593,3.600349,0.030673,0.024849,41.909777,9.855964,11.368533,0.024681,0.053812,28.573980,3.600000
950,0.010000,0.903233,0.000000,0.451617,-0.061865,1.528420,-0.001017,41.806997,6.708759,1.527392,41.806679,6.708767,1.527429,25.181613,25.185963,0.000281,25.180861,25.185962,0.000271,0.001028,nan,nan,0.000134,-0.000318,0.000008,0.000037,18.568073,22.168073,3.600036,0.045104,0.025830,41.917694,10.307374,10.781532,0.027184,0.075044,27.826512,3.600000
960,0.010000,0.000000,0.857709,0.428855,0.058747,1.527288,-0.001071,41.825272,7.137219,1.526358,41.824981,7.137226,1.526391,25.183023,25.186065,0.000281,25.182252,25.186064,0.000271,0.000930,nan,nan,0.000110,-0.000291,0.000008,0.000033,18.996787,22.596787,3.599698,0.059620,0.026868,41.925213,10.736022,10.224138,0.029557,0.094068,27.097665,3.600000
970,0.010000,0.895818,0.000000,0.447909,-0.061357,1.526418,-0.000714,41.844864,7.584694,1.525677,41.844629,7.584700,1.525704,25.184534,25.186167,0.000281,25.183742,25.186166,0.000271,0.000740,nan,nan,0.000070,-0.000235,0.000006,0.000026,19.444537,23.044537,3.599331,0.073888,0.027555,41.933065,11.183703,9.642005,0.031390,0.109942,26.314929,3.600000
980,0.010000,0.000000,0.877540,0.438770,0.060105,1.526027,-0.000362,41.864408,8.023024,1.525342,41.864188,8.023030,1.525366,25.186006,25.186269,0.000281,25.185195,25.186268,0.000271,0.000685,nan,nan,0.000060,-0.000220,0.000006,0.000024,19.883143,23.483143,3.598974,0.086968,0.027893,41.940756,11.622241,9.071779,0.032612,0.121752,25.524941,3.600000
990,0.010000,0.833568,0.000000,0.416784,-0.057094,1.525749,-0.000250,41.883116,8.439384,1.525116,41.882911,8.439390,1.525138,25.187372,25.186371,0.000281,25.186546,25.186370,0.000271,0.000633,nan,nan,0.000051,-0.000205,0.000006,0.000023,20.299767,23.899767,3.598633,0.099202,0.028121,41.948062,12.038801,8.530151,0.033506,0.130588,24.751236,3.600000
1000,0.010000,0.000000,0.816841,0.408421,0.055948,1.525518,-0.000256,41.901552,8.847385,1.524883,41.901345,8.847391,1.524905,25.188699,25.186473,0.000281,25.187860,25.186472,0.000271,0.000636,nan,nan,0.000051,-0.000207,0.000006,0.000023,20.708028,24.308028,3.598291,0.111312,0.028354,41.955222,12.447000,7.999419,0.034243,0.137412,23.968881,3.600000
1010,0.010000,0.809254,0.000000,0.404627,-0.055428,1.525260,-0.000272,41.919907,9.251592,1.524634,41.919702,9.251599,1.524656,25.190008,25.186575,0.000281,25.189158,25.186574,0.000271,0.000626,nan,nan,0.000050,-0.000206,0.000006,0.000022,21.112495,24.712495,3.597941,0.123470,0.028603,41.962315,12.851405,7.473651,0.034847,0.142403,23.167807,3.600000
1020,0.010000,0.000000,0.713896,0.356948,0.048897,1.524885,-0.000421,41.936166,9.608167,1.524235,41.935952,9.608173,1.524258,25.191073,25.186677,0.000281,25.190220,25.186676,0.000271,0.000650,nan,nan,0.000054,-0.000214,0.000007,0.000023,21.469300,25.069300,3.597601,0.134891,0.029001,41.968572,13.208155,7.009869,0.035454,0.145921,22.437450,3.600000
1030,0.010000,0.650266,0.000000,0.325133,-0.044539,1.524940,0.000197,41.951077,9.932954,1.524455,41.950918,9.932959,1.524473,25.191972,25.186778,0.000281,25.191122,25.186777,0.000271,0.000484,nan,nan,0.000030,-0.000159,0.000005,0.000017,21.794298,25.394298,3.597363,0.143385,0.028786,41.974272,13.533103,6.587462,0.035266,0.145762,21.750918,3.600000
1040,0.010000,0.000000,0.588015,0.294008,0.040275,1.525254,0.000277,41.964533,10.226651,1.524750,41.964368,10.226657,1.524767,25.192712,25.186880,0.000281,25.191870,25.186879,0.000271,0.000505,nan,nan,0.000032,-0.000165,0.000005,0.000018,22.088187,25.688187,3.597169,0.150617,0.028491,41.979425,13.826946,6.205519,0.034902,0.144238,21.110941,3.600000
1050,0.010000,0.539388,0.000000,0.269694,-0.036944,1.525771,0.000570,41.976777,10.496065,1.525337,41.976637,10.496069,1.525353,25.193328,25.186981,0.000281,25.192499,25.186980,0.000271,0.000434,nan,nan,0.000024,-0.000141,0.000005,0.000015,22.357773,25.957773,3.597046,0.156051,0.027906,41.984153,14.096491,5.855189,0.034163,0.141004,20.506379,3.600000
1060,0.010000,0.000000,0.445581,0.222791,0.030519,1.526873,0.001177,41.986758,10.718630,1.526530,41.986648,10.718634,1.526542,25.193710,25.187082,0.000281,25.192900,25.187081,0.000271,0.000343,nan,nan,0.000015,-0.000110,0.000004,0.000012,22.580479,26.180479,3.597066,0.157876,0.030391,41.988059,14.319162,5.565803,0.035769,0.135603,19.993207,3.600000
1070,0.010000,0.233482,0.000000,0.116741,-0.015992,1.527961,0.001060,41.991812,10.835260,1.527602,41.991700,10.835264,1.527615,25.193572,25.187182,0.000281,25.192799,25.187181,0.000271,0.000359,nan,nan,0.000016,-0.000112,0.000004,0.000013,22.697180,26.297180,3.597156,0.157023,0.031694,41.990105,14.435845,5.414168,0.036485,0.131196,19.526386,3.600000
1080,0.010000,0.000000,0.047076,0.023538,0.003224,1.529799,0.002056,41.992716,10.858780,1.529671,41.992677,10.858781,1.529676,25.193012,25.187281,0.000281,25.192289,25.187280,0.000271,0.000128,nan,nan,0.000002,-0.000039,0.000001,0.000005,22.720710,26.320710,3.597459,0.150175,0.030112,41.990518,14.459373,5.383593,0.034673,0.124765,19.110915,3.600000
1090,0.010000,0.010691,0.000000,0.005346,-0.000732,1.531255,0.000980,41.992897,10.864122,1.530656,41.992722,10.864128,1.530677,25.192414,25.187380,0.000281,25.191741,25.187379,0.000271,0.000599,nan,nan,0.000046,-0.000175,0.000006,0.000021,22.726057,26.326057,3.597609,0.146523,0.029220,41.990612,14.464719,5.376642,0.033686,0.121574,18.746795,3.600000
1100,0.010000,0.000000,-0.030349,-0.015175,-0.002079,1.532140,0.000836,41.992113,10.848965,1.531513,41.991937,10.848971,1.531536,25.191774,25.187479,0.000281,25.191151,25.187479,0.000271,0.000626,nan,nan,0.000050,-0.000176,0.000006,0.000022,22.726057,26.326057,3.612909,0.143245,0.028361,41.990612,14.464719,5.396348,0.032799,0.119290,18.434025,3.600000
1110,0.010000,-0.018278,0.000000,-0.009139,0.001252,1.532974,0.000740,41.991578,10.839839,1.532276,41.991389,10.839845,1.532301,25.191212,25.187579,0.000281,25.190634,25.187578,0.000271,0.000698,nan,nan,0.000062,-0.000189,0.000006,0.000025,22.726057,26.326057,3.622158,0.140284,0.027596,41.990612,14.464719,5.408213,0.031995,0.117081,18.172605,3.600000
1120,0.010000,0.000000,-0.119845,-0.059922,-0.008209,1.534081,0.001097,41.989083,10.779967,1.533398,41.988906,10.779973,1.533422,25.190488,25.187678,0.000281,25.189959,25.187677,0.000271,0.000683,nan,nan,0.000059,-0.000177,0.000006,0.000024,22.726057,26.326057,3.682236,0.135977,0.026474,41.990612,14.464719,5.486054,0.030919,0.115120,17.962535,3.600000
1130,0.010000,-0.160713,0.000000,-0.080356,0.011008,1.535276,0.001156,41.985903,10.699673,1.534578,41.985731,10.699678,1.534603,25.189744,25.187777,0.000281,25.189263,25.187776,0.000271,0.000698,nan,nan,0.000062,-0.000173,0.000006,0.000025,22.726057,26.326057,3.762751,0.131362,0.025294,41.990612,14.464719,5.590449,0.029807,0.113329,17.803816,3.600000
1140,0.010000,0.000000,-0.192441,-0.096221,-0.013181,1.536566,0.001348,41.982249,10.603521,1.535951,41.982104,10.603526,1.535973,25.189004,25.187876,0.000281,25.188568,25.187875,0.000271,0.000615,nan,nan,0.000048,-0.000145,0.000005,0.000022,22.726057,26.326057,3.859148,0.125932,0.023924,41.990612,14.464719,5.715464,0.028504,0.111074,17.696447,3.600000
1150,0.010000,-0.210547,0.000000,-0.105274,0.014421,1.537964,0.001417,41.978439,10.498316,1.537389,41.978311,10.498320,1.537410,25.188295,25.187975,0.000281,25.187903,25.187974,0.000271,0.000574,nan,nan,0.000042,-0.000128,0.000004,0.000020,22.726057,26.326057,3.964599,0.120105,0.022487,41.990612,14.464719,5.852252,0.027117,0.108470,17.640429,3.600000
1160,0.010000,0.000000,-0.116568,-0.058284,-0.007984,1.539270,0.001145,41.976365,10.440068,1.538555,41.976213,10.440073,1.538581,25.187806,25.188074,0.000281,25.187448,25.188074,0.000271,0.000715,nan,nan,0.000065,-0.000152,0.000005,0.000025,22.726057,26.326057,4.023021,0.115243,0.021316,41.990612,14.464719,5.927986,0.025913,0.105426,17.635761,3.600000
1170,0.010000,-0.086392,0.000000,-0.043196,0.005917,1.540350,0.001113,41.974822,10.396900,1.539694,41.974688,10.396904,1.539717,25.187409,25.188174,0.000281,25.187081,25.188173,0.000271,0.000656,nan,nan,0.000055,-0.000134,0.000004,0.000023,22.726057,26.326057,4.066345,0.110488,0.020180,41.990612,14.464719,5.984115,0.024710,0.102033,17.682443,3.600000
1180,0.010000,0.000000,0.010519,0.005259,0.000720,1.541414,0.001129,41.974851,10.402161,1.540846,41.974740,10.402164,1.540867,25.187197,25.188273,0.000281,25.186892,25.188273,0.000271,0.000567,nan,nan,0.000041,-0.000112,0.000004,0.000020,22.726057,26.326057,4.061210,0.105708,0.019030,41.990612,14.464719,5.977276,0.023405,0.097507,17.780475,3.600000
1190,0.010000,-0.015175,0.000000,-0.007587,0.001039,1.542361,0.000985,41.974513,10.394581,1.541852,41.974416,10.394584,1.541870,25.186969,25.188373,0.000281,25.186685,25.188373,0.000271,0.000509,nan,nan,0.000033,-0.000097,0.000003,0.000018,22.726057,26.326057,4.068901,0.101528,0.018027,41.990612,14.464719,5.987134,0.022286,0.093806,17.929858,3.600000
1200,0.010000,0.000000,0.089496,0.044748,0.006130,1.543058,0.000714,41.975710,10.439313,1.542584,41.975623,10.439316,1.542601,25.186915,25.188473,0.000281,25.186647,25.188473,0.000271,0.000474,nan,nan,0.000028,-0.000087,0.000003,0.000017,22.726057,26.326057,4.024226,0.098500,0.017296,41.990612,14.464719,5.928974,0.021393,0.090124,18.130591,3.600000
1210,0.010000,0.050007,0.000000,0.025004,-0.003425,1.543592,0.000751,41.976328,10.464309,1.543352,41.976285,10.464311,1.543360,25.186817,25.188573,0.000281,25.186565,25.188572,0.000271,0.000240,nan,nan,0.000007,-0.000043,0.000001,0.000009,22.726057,26.326057,3.999295,0.095420,0.016537,41.990612,14.464719,5.896477,0.020506,0.086827,18.382674,3.600000
1220,0.010000,0.000000,0.093979,0.046989,0.006437,1.544232,0.000852,41.977574,10.511282,1.544213,41.977570,10.511283,1.544213,25.186793,25.188672,0.000281,25.186555,25.188672,0.000271,0.000019,nan,nan,0.000000,-0.000003,0.000000,0.000001,22.726057,26.326057,3.952386,0.092045,0.015684,41.990612,14.464719,5.835405,0.019492,0.082889,18.686108,3.600000
1230,0.010000,0.095531,0.000000,0.047765,-0.006543,1.544620,0.000581,41.978840,10.559031,1.544794,41.978869,10.559030,1.544788,25.186781,25.188772,0.000281,25.186555,25.188772,0.000271,-0.000174,nan,nan,0.000004,0.000029,-0.000001,-0.000006,22.726057,26.326057,3.904673,0.089832,0.015109,41.990612,14.464719,5.773326,0.018792,0.080035,19.040892,3.600000
1240,0.010000,0.000000,0.057422,0.028711,0.003933,1.545721,0.001800,41.979616,10.587732,1.546588,41.979759,10.587727,1.546557,25.186729,25.188872,0.000281,25.186516,25.188872,0.000271,-0.000867,nan,nan,0.000095,0.000143,-0.000005,-0.000031,22.726057,26.326057,3.876116,0.083116,0.013340,41.990612,14.464719,5.736015,0.016824,0.073573,19.447026,3.600000
1250,0.010000,0.158988,0.000000,0.079494,-0.010890,1.547769,0.002115,41.981685,10.667198,1.548672,41.981831,10.667193,1.548640,25.186817,25.188972,0.000281,25.186612,25.188972,0.000271,-0.000902,nan,nan,0.000103,0.000146,-0.000005,-0.000032,22.726057,26.326057,3.796788,0.075355,0.011257,41.990612,14.464719,5.632699,0.014471,0.065502,19.904511,3.600000
1260,0.010000,0.000000,0.141055,0.070527,0.009661,1.547359,-0.001081,41.983393,10.737703,1.547558,41.983425,10.737702,1.547551,25.186886,25.189072,0.000281,25.186689,25.189072,0.000271,-0.000200,nan,nan,0.000005,0.000032,-0.000001,-0.000007,22.726057,26.326057,3.726177,0.079442,0.012346,41.990612,14.464719,5.541029,0.015558,0.067931,19.948661,3.600000
1270,0.010000,0.174335,0.000000,0.087168,-0.011941,1.545132,-0.002397,41.985451,10.824846,1.545154,41.985454,10.824846,1.545154,25.187001,25.189172,0.000281,25.186810,25.189172,0.000271,-0.000022,nan,nan,0.000000,0.000003,-0.000000,-0.000001,22.726057,26.326057,3.638808,0.088171,0.014743,41.990612,14.464719,5.427733,0.017998,0.073853,19.743665,3.600000
1280,0.010000,0.000000,0.057594,0.028797,0.003945,1.542935,-0.002173,41.986193,10.853634,1.542980,41.986200,10.853634,1.542979,25.186979,25.189272,0.000281,25.186799,25.189272,0.000271,-0.000046,nan,nan,0.000000,0.000007,-0.000000,-0.000002,22.726057,26.326057,3.609811,0.096028,0.016918,41.990612,14.464719,5.390306,0.020263,0.079880,19.675476,3.600000
1290,0.010000,0.116741,0.000000,0.058370,-0.007996,1.542187,-0.000240,41.987823,10.911981,1.542739,41.987904,10.911979,1.542719,25.187034,25.189372,0.000281,25.186863,25.189372,0.000271,-0.000552,nan,nan,0.000039,0.000081,-0.000003,-0.000020,22.773816,26.373816,3.599172,0.097534,0.018150,41.991449,14.512470,5.314451,0.021282,0.079991,19.536543,3.600000
1300,0.010000,0.000000,0.033281,0.016640,0.002279,1.543425,0.001598,41.988372,10.928613,1.544317,41.988499,10.928609,1.544286,25.187000,25.189472,0.000281,25.186840,25.189471,0.000271,-0.000892,nan,nan,0.000101,0.000127,-0.000004,-0.000032,22.790454,26.390454,3.599318,0.092200,0.016922,41.991741,14.529105,5.292830,0.019901,0.075308,19.496762,3.600000
1310,0.010000,0.006035,0.000000,0.003018,-0.000413,1.545366,0.001934,41.988579,10.931625,1.546219,41.988696,10.931621,1.546189,25.186946,25.189571,0.000281,25.186797,25.189571,0.000271,-0.000853,nan,nan,0.000092,0.000118,-0.000004,-0.000030,22.793470,26.393470,3.599486,0.085495,0.015081,41.991794,14.532121,5.288913,0.017949,0.069780,19.489546,3.600000
1320,0.010000,0.000000,0.000000,0.000000,0.000000,1.547062,0.001582,41.988696,10.931621,1.547771,41.988790,10.931618,1.547745,25.186897,25.189671,0.000281,25.186758,25.189671,0.000271,-0.000708,nan,nan,0.000064,0.000094,-0.000003,-0.000025,22.793470,26.393470,3.599615,0.079985,0.013524,41.991794,14.532121,5.288916,0.016312,0.065283,19.489552,3.600000
1330,0.010000,-0.002931,0.000000,-0.001466,0.000201,1.547954,0.000895,41.988757,10.930153,1.548640,41.988845,10.930150,1.548616,25.186855,25.189771,0.000281,25.186725,25.189771,0.000271,-0.000686,nan,nan,0.000060,0.000088,-0.000003,-0.000024,22.793470,26.393470,3.601150,0.076939,0.012654,41.991794,14.532121,5.290824,0.015401,0.062819,19.493068,3.600000
1340,0.010000,0.000000,-0.010519,-0.005259,-0.000720,1.548973,0.001214,41.988728,10.924892,1.549830,41.988834,10.924889,1.549800,25.186815,25.189871,0.000281,25.186695,25.189871,0.000271,-0.000857,nan,nan,0.000093,0.000106,-0.000003,-0.000031,22.793470,26.393470,3.606499,0.072775,0.011470,41.991794,14.532121,5.297664,0.014165,0.059496,19.505664,3.600000
1350,0.010000,0.000000,0.000000,0.000000,0.000000,1.549331,0.000064,41.988834,10.924889,1.549864,41.988897,10.924887,1.549845,25.186795,25.189971,0.000281,25.186684,25.189971,0.000271,-0.000533,nan,nan,0.000036,0.000063,-0.000002,-0.000019,22.793470,26.393470,3.606503,0.072676,0.011425,41.991794,14.532121,5.297667,0.014122,0.059416,19.505669,3.600000
1360,0.010000,0.000000,0.000000,0.000000,0.000000,1.549213,-0.000330,41.988897,10.924887,1.549514,41.988932,10.924886,1.549504,25.186784,25.190071,0.000281,25.186680,25.190071,0.000271,-0.000301,nan,nan,0.000012,0.000035,-0.000001,-0.000011,22.793470,26.393470,3.606478,0.073940,0.011766,41.991794,14.532121,5.297668,0.014484,0.060449,19.505671,3.600000
1370,0.010000,0.002931,0.000000,0.001466,-0.000201,1.549479,0.000138,41.988963,10.926351,1.549642,41.988981,10.926351,1.549636,25.186783,25.190171,0.000281,25.186686,25.190171,0.000271,-0.000163,nan,nan,0.000003,0.000018,-0.000001,-0.000006,22.793470,26.393470,3.605023,0.073480,0.011633,41.991794,14.532121,5.295764,0.014343,0.060051,19.502165,3.600000
1380,0.010000,0.000000,0.015175,0.007587,0.001039,1.550217,0.000676,41.989141,10.933936,1.550313,41.989152,10.933936,1.550309,25.186799,25.190271,0.000281,25.186709,25.190271,0.000271,-0.000095,nan,nan,0.000001,0.000010,-0.000000,-0.000003,22.795792,26.395792,3.599806,0.071076,0.011007,41.991834,14.534442,5.285902,0.013664,0.057978,19.483999,3.600000
1390,0.010000,0.000000,0.000000,0.000000,0.000000,1.551245,0.001028,41.989152,10.933936,1.551337,41.989161,10.933936,1.551334,25.186809,25.190371,0.000281,25.186725,25.190370,0.000271,-0.000092,nan,nan,0.000001,0.000010,-0.000000,-0.000003,22.795792,26.395792,3.599877,0.067396,0.009982,41.991834,14.534442,5.285903,0.012584,0.054977,19.483999,3.600000
1400,0.010000,0.000000,0.012071,0.006035,0.000827,1.552465,0.001252,41.989279,10.939970,1.552586,41.989291,10.939969,1.552582,25.186834,25.190470,0.000281,25.186756,25.190470,0.000271,-0.000121,nan,nan,0.000002,0.000012,-0.000000,-0.000004,22.801827,26.401827,3.599958,0.062930,0.008858,41.991940,14.540477,5.278058,0.011364,0.051257,19.469537,3.600000
1410,0.010000,0.000000,0.000000,0.000000,0.000000,1.553383,0.000964,41.989291,10.939969,1.553546,41.989306,10.939969,1.553540,25.186856,25.190570,0.000281,25.186783,25.190570,0.000271,-0.000162,nan,nan,0.000003,0.000016,-0.000000,-0.000006,22.801827,26.401827,3.600017,0.059495,0.007900,41.991940,14.540477,5.278059,0.010354,0.048460,19.469538,3.600000
1420,0.010000,0.000000,-0.003104,-0.001552,-0.000213,1.553839,0.000453,41.989279,10.938417,1.553993,41.989294,10.938417,1.553987,25.186881,25.190670,0.000281,25.186813,25.190670,0.000271,-0.000153,nan,nan,0.000003,0.000014,-0.000000,-0.000005,22.801827,26.401827,3.601596,0.057898,0.007452,41.991940,14.540477,5.280077,0.009885,0.047177,19.473259,3.600000
1430,0.010000,-0.009139,0.000000,-0.004570,0.000626,1.553925,-0.000000,41.989217,10.933848,1.553987,41.989222,10.933848,1.553985,25.186907,25.190770,0.000281,25.186844,25.190770,0.000271,-0.000062,nan,nan,0.000000,0.000006,-0.000000,-0.000002,22.801827,26.401827,3.606165,0.057912,0.007455,41.991940,14.540477,5.286017,0.009892,0.047241,19.484210,3.600000
1440,0.010000,0.000000,-0.022762,-0.011381,-0.001559,1.553693,-0.000447,41.989031,10.922468,1.553538,41.989018,10.922469,1.553543,25.186929,25.190870,0.000281,25.186871,25.190870,0.000271,0.000155,nan,nan,0.000003,-0.000013,0.000000,0.000006,22.801827,26.401827,3.617520,0.059497,0.007896,41.991940,14.540477,5.300810,0.010369,0.048670,19.511455,3.600000
1450,0.010000,-0.037764,0.000000,-0.018882,0.002587,1.553020,-0.001039,41.988692,10.903589,1.552504,41.988650,10.903591,1.552523,25.186947,25.190970,0.000281,25.186894,25.190970,0.000271,0.000516,nan,nan,0.000034,-0.000042,0.000001,0.000018,22.801827,26.401827,3.636339,0.063165,0.008917,41.991940,14.540477,5.325352,0.011465,0.051910,19.556571,3.600000
1460,0.010000,0.000000,0.000000,0.000000,0.000000,1.551257,-0.002067,41.988650,10.903591,1.550456,41.988586,10.903593,1.550485,25.186994,25.191070,0.000281,25.186944,25.191070,0.000271,0.000801,nan,nan,0.000081,-0.000063,0.000002,0.000029,22.801827,26.401827,3.636202,0.070513,0.010955,41.991940,14.540477,5.325350,0.013619,0.057949,19.556566,3.600000
1470,0.010000,-0.009139,0.000000,-0.004570,0.000626,1.548714,-0.002621,41.988494,10.899024,1.547864,41.988429,10.899026,1.547894,25.187039,25.191170,0.000281,25.186993,25.191170,0.000271,0.000850,nan,nan,0.000092,-0.000065,0.000002,0.000030,22.801827,26.401827,3.640576,0.079879,0.013545,41.991940,14.540477,5.331287,0.016365,0.065719,19.567465,3.600000
1480,0.010000,0.000000,0.025866,0.012933,0.001772,1.546703,-0.001715,41.988725,10.911956,1.546179,41.988687,10.911957,1.546198,25.187108,25.191270,0.000281,25.187065,25.191270,0.000271,0.000524,nan,nan,0.000035,-0.000039,0.000001,0.000019,22.801827,26.401827,3.627502,0.085995,0.015242,41.991940,14.540477,5.314476,0.018140,0.070527,19.536590,3.600000
1490,0.010000,0.003104,0.000000,0.001552,-0.000213,1.545575,-0.000975,41.988725,10.913508,1.545223,41.988700,10.913509,1.545236,25.187167,25.191370,0.000281,25.187127,25.191370,0.000271,0.000352,nan,nan,0.000016,-0.000025,0.000001,0.000013,22.801827,26.401827,3.625865,0.089458,0.016204,41.991940,14.540477,5.312458,0.019154,0.073340,19.532881,3.600000
1500,0.010000,0.000000,0.009139,0.004570,0.000626,1.544664,-0.000921,41.988816,10.918077,1.544314,41.988792,10.918078,1.544327,25.187232,25.191470,0.000281,25.187195,25.191470,0.000271,0.000350,nan,nan,0.000016,-0.000024,0.000001,0.000012,22.801827,26.401827,3.621213,0.092726,0.017113,41.991940,14.540477,5.306518,0.020107,0.075934,19.521958,3.600000
1510,0.010000,0.039316,0.000000,0.019658,-0.002693,1.543817,-0.000772,41.989313,10.937729,1.543554,41.989295,10.937730,1.543564,25.187316,25.191570,0.000281,25.187280,25.191570,0.000271,0.000263,nan,nan,0.000009,-0.000018,0.000001,0.000009,22.801827,26.401827,3.601483,0.095456,0.017876,41.991940,14.540477,5.280970,0.020882,0.077793,19.474906,3.600000
1520,0.010000,0.000000,0.006035,0.003018,0.000413,1.543243,-0.000543,41.989377,10.940746,1.543020,41.989363,10.940747,1.543028,25.187383,25.191670,0.000281,25.187350,25.191670,0.000271,0.000223,nan,nan,0.000006,-0.000014,0.000000,0.000008,22.802605,26.402605,3.599192,0.097376,0.018427,41.991954,14.541255,5.277047,0.021454,0.079299,19.467672,3.600000
1530,0.010000,0.016727,0.000000,0.008363,-0.001146,1.542907,-0.000176,41.989595,10.949107,1.542852,41.989592,10.949107,1.542854,25.187458,25.191770,0.000281,25.187427,25.191770,0.000271,0.000055,nan,nan,0.000000,-0.000003,0.000000,0.000002,22.810968,26.410968,3.599174,0.098084,0.018771,41.992101,14.549617,5.266178,0.021769,0.079711,19.447613,3.600000
1540,0.010000,0.000000,-0.003104,-0.001552,-0.000213,1.543337,0.000623,41.989548,10.947556,1.543478,41.989557,10.947555,1.543473,25.187526,25.191870,0.000281,25.187497,25.191870,0.000271,-0.000140,nan,nan,0.000003,0.000008,-0.000000,-0.000005,22.810968,26.410968,3.600786,0.095867,0.018153,41.992101,14.549617,5.268196,0.021121,0.077939,19.451338,3.600000
1550,0.010000,0.000000,0.000000,0.000000,0.000000,1.544590,0.001337,41.989557,10.947555,1.544810,41.989569,10.947555,1.544802,25.187597,25.191970,0.000281,25.187570,25.191970,0.000271,-0.000220,nan,nan,0.000006,0.000013,-0.000000,-0.000008,22.810968,26.410968,3.600911,0.091093,0.016824,41.992101,14.549617,5.268196,0.019720,0.074058,19.451339,3.600000
1560,0.010000,0.000000,0.019658,0.009829,0.001346,1.545499,0.000804,41.989825,10.957381,1.545606,41.989831,10.957380,1.545602,25.187679,25.192070,0.000281,25.187654,25.192070,0.000271,-0.000107,nan,nan,0.000001,0.000006,-0.000000,-0.000004,22.819245,26.419245,3.599430,0.088288,0.016192,41.992246,14.557892,5.255422,0.019006,0.071604,19.427742,3.600000
1570,0.010000,0.046903,0.000000,0.023452,-0.003213,1.545646,0.000048,41.990422,10.980825,1.545650,41.990422,10.980825,1.545650,25.187774,25.192170,0.000281,25.187750,25.192170,0.000271,-0.000004,nan,nan,0.000000,0.000000,-0.000000,-0.000000,22.842696,26.442696,3.599432,0.088296,0.016622,41.992657,14.581339,5.224943,0.019325,0.071195,19.371324,3.600000
1580,0.010000,0.000000,0.047076,0.023538,0.003224,1.544796,-0.001182,41.991014,11.004355,1.544468,41.990996,11.004356,1.544479,25.187870,25.192270,0.000281,25.187847,25.192270,0.000271,0.000329,nan,nan,0.000014,-0.000018,0.000001,0.000012,22.866233,26.466233,3.599325,0.092671,0.018272,41.993070,14.604873,5.194351,0.020925,0.074285,19.314531,3.600000
1590,0.010000,0.086392,0.000000,0.043196,-0.005917,1.543130,-0.001779,41.992133,11.047536,1.542700,41.992110,11.047537,1.542715,25.187983,25.192370,0.000281,25.187960,25.192370,0.000271,0.000430,nan,nan,0.000023,-0.000023,0.000001,0.000015,22.909427,26.509427,3.599152,0.099375,0.020915,41.993827,14.648061,5.138212,0.023454,0.078798,19.209875,3.600000
1600,0.010000,0.000000,0.059146,0.029573,0.004051,1.541973,-0.001007,41.992940,11.077099,1.541709,41.992926,11.077099,1.541718,25.188084,25.192470,0.000281,25.188062,25.192470,0.000271,0.000264,nan,nan,0.000009,-0.000014,0.000000,0.000009,22.938999,26.538999,3.599048,0.103263,0.022514,41.994346,14.677628,5.099779,0.024963,0.081268,19.137897,3.600000
1610,0.010000,0.069665,0.000000,0.034833,-0.004772,1.541455,-0.000490,41.993939,11.111917,1.541228,41.993927,11.111917,1.541236,25.188191,25.192570,0.000281,25.188169,25.192570,0.000271,0.000226,nan,nan,0.000007,-0.000012,0.000000,0.000008,22.973830,26.573830,3.598993,0.105387,0.023705,41.994957,14.712453,5.054514,0.026014,0.082204,19.052774,3.600000
1620,0.010000,0.000000,0.060526,0.030263,0.004146,1.540674,-0.000831,41.994821,11.142167,1.540405,41.994808,11.142168,1.540415,25.188294,25.192670,0.000281,25.188273,25.192670,0.000271,0.000269,nan,nan,0.000009,-0.000014,0.000000,0.000010,23.004091,26.604091,3.598901,0.108693,0.025143,41.995487,14.742709,5.015187,0.027347,0.084123,18.945405,3.600000
1630,0.010000,0.047076,0.000000,0.023538,-0.003224,1.539399,-0.001257,41.995523,11.165695,1.539158,41.995510,11.165695,1.539166,25.188391,25.192770,0.000281,25.188371,25.192770,0.000271,0.000241,nan,nan,0.000007,-0.000012,0.000000,0.000009,23.027627,26.627627,3.598758,0.113477,0.026870,41.995900,14.766242,4.984600,0.029017,0.087289,18.786686,3.600000
1640,0.010000,0.000000,0.006035,0.003018,0.000413,1.538355,-0.000804,41.995606,11.168711,1.538362,41.995606,11.168711,1.538362,25.188474,25.192870,0.000281,25.188455,25.192870,0.000271,-0.000007,nan,nan,0.000000,0.000000,-0.000000,-0.000000,23.030644,26.630644,3.598665,0.116415,0.027736,41.995953,14.769259,4.980679,0.029902,0.089479,18.679317,3.600000
1650,0.010000,0.034833,0.000000,0.017416,-0.002386,1.538007,-0.000485,41.996171,11.186118,1.537877,41.996165,11.186118,1.537882,25.188568,25.192970,0.000281,25.188550,25.192970,0.000271,0.000130,nan,nan,0.000002,-0.000006,0.000000,0.000005,23.048059,26.648059,3.598605,0.118396,0.028571,41.996258,14.786671,4.958049,0.030675,0.090588,18.623298,3.600000
1660,0.010000,0.000000,-0.002931,-0.001466,-0.000201,1.537708,-0.000426,41.996117,11.184654,1.537456,41.996105,11.184654,1.537465,25.188649,25.193070,0.000281,25.188633,25.193070,0.000271,0.000252,nan,nan,0.000008,-0.000012,0.000000,0.000009,23.048059,26.648059,3.600021,0.119886,0.028988,41.996258,14.786671,4.959953,0.031111,0.091764,18.618630,3.600000
1670,0.010000,0.012071,0.000000,0.006035,-0.000827,1.537749,0.000053,41.996306,11.190686,1.537518,41.996296,11.190686,1.537526,25.188737,25.193170,0.000281,25.188721,25.193170,0.000271,0.000232,nan,nan,0.000007,-0.000010,0.000000,0.000008,23.052628,26.652628,3.598562,0.119726,0.029019,41.996338,14.791239,4.952110,0.031116,0.091497,18.665312,3.600000
1680,0.010000,0.000000,0.000000,0.000000,0.000000,1.538216,0.000570,41.996296,11.190686,1.538096,41.996291,11.190686,1.538100,25.188821,25.193270,0.000281,25.188807,25.193270,0.000271,0.000120,nan,nan,0.000002,-0.000005,0.000000,0.000004,23.052628,26.652628,3.598630,0.117655,0.028445,41.996338,14.791239,4.952110,0.030518,0.089914,18.763345,3.600000
1690,0.010000,0.000000,0.000000,0.000000,0.000000,1.538791,0.000629,41.996291,11.190686,1.538729,41.996288,11.190686,1.538731,25.188907,25.193370,0.000281,25.188893,25.193370,0.000271,0.000062,nan,nan,0.000000,-0.000003,0.000000,0.000002,23.052628,26.652628,3.598704,0.115383,0.027814,41.996338,14.791239,4.952110,0.029862,0.088177,18.858783,3.600000
1700,0.010000,0.000000,-0.006035,-0.003018,-0.000413,1.539517,0.000810,41.996191,11.187670,1.539541,41.996192,11.187670,1.539540,25.188992,25.193470,0.000281,25.188979,25.193470,0.000271,-0.000024,nan,nan,0.000000,0.000001,-0.000000,-0.000001,23.052628,26.652628,3.601813,0.112471,0.027006,41.996338,14.791239,4.956031,0.029026,0.086020,18.866248,3.600000
1710,0.010000,-0.027245,0.000000,-0.013623,0.001866,1.540393,0.000900,41.995767,11.174054,1.540440,41.995768,11.174054,1.540438,25.189071,25.193570,0.000281,25.189060,25.193570,0.000271,-0.000047,nan,nan,0.000000,0.000002,-0.000000,-0.000002,23.052628,26.652628,3.615536,0.109224,0.026107,41.996338,14.791239,4.973733,0.028115,0.083835,18.899910,3.600000
1720,0.010000,0.000000,-0.069838,-0.034919,-0.004783,1.541148,0.000740,41.994709,11.139152,1.541179,41.994710,11.139152,1.541178,25.189140,25.193670,0.000281,25.189130,25.193670,0.000271,-0.000031,nan,nan,0.000000,0.000001,-0.000000,-0.000001,23.052628,26.652628,3.650534,0.106526,0.025368,41.996338,14.791239,5.019108,0.027403,0.082510,18.985926,3.600000
1730,0.010000,-0.109154,0.000000,-0.054577,0.007476,1.541308,0.000043,41.993093,11.084599,1.541220,41.993091,11.084599,1.541223,25.189202,25.193769,0.000281,25.189194,25.193769,0.000271,0.000088,nan,nan,0.000001,-0.000003,0.000000,0.000003,23.052628,26.652628,3.705116,0.106354,0.025322,41.996338,14.791239,5.090030,0.027447,0.083541,19.119595,3.600000
1740,0.010000,0.000000,-0.060526,-0.030263,-0.004146,1.540943,-0.000431,41.992196,11.054349,1.540792,41.992191,11.054349,1.540797,25.189279,25.193869,0.000281,25.189272,25.193869,0.000271,0.000151,nan,nan,0.000003,-0.000005,0.000000,0.000005,23.052628,26.652628,3.735333,0.107941,0.025748,41.996338,14.791239,5.129356,0.027949,0.085442,19.193314,3.600000
1750,0.010000,-0.010519,0.000000,-0.005259,0.000720,1.540546,-0.000522,41.992033,11.049092,1.540275,41.992026,11.049092,1.540285,25.189370,25.193969,0.000281,25.189363,25.193969,0.000271,0.000271,nan,nan,0.000009,-0.000008,0.000000,0.000010,23.052628,26.652628,3.740537,0.109850,0.026261,41.996338,14.791239,5.136190,0.028499,0.087069,19.206096,3.600000
1760,0.010000,0.000000,-0.003104,-0.001552,-0.000213,1.540071,-0.000479,41.991978,11.047541,1.539806,41.991971,11.047541,1.539815,25.189463,25.194069,0.000281,25.189457,25.194069,0.000271,0.000265,nan,nan,0.000009,-0.000007,0.000000,0.000009,23.052628,26.652628,3.742037,0.111601,0.026731,41.996338,14.791239,5.138207,0.028998,0.088492,19.209865,3.600000
1770,0.010000,-0.003104,0.000000,-0.001552,0.000213,1.539734,-0.000293,41.991923,11.045990,1.539522,41.991917,11.045990,1.539530,25.189556,25.194169,0.000281,25.189550,25.194169,0.000271,0.000212,nan,nan,0.000006,-0.000006,0.000000,0.000008,23.052628,26.652628,3.743557,0.112664,0.027016,41.996338,14.791239,5.140223,0.029303,0.089370,19.213634,3.600000
1780,0.010000,0.000000,0.000000,0.000000,0.000000,1.539635,-0.000000,41.991917,11.045990,1.539530,41.991915,11.045990,1.539533,25.189650,25.194269,0.000281,25.189645,25.194269,0.000271,0.000105,nan,nan,0.000001,-0.000003,0.000000,0.000004,23.052628,26.652628,3.743557,0.112647,0.027012,41.996338,14.791239,5.140223,0.029299,0.089357,19.213634,3.600000
1790,0.010000,-0.002931,0.000000,-0.001466,0.000201,1.539773,0.000069,41.991869,11.044525,1.539603,41.991865,11.044526,1.539609,25.189745,25.194369,0.000281,25.189740,25.194369,0.000271,0.000170,nan,nan,0.000004,-0.000004,0.000000,0.000006,23.052628,26.652628,3.745031,0.112361,0.026937,41.996338,14.791239,5.142128,0.029221,0.089163,19.217193,3.600000
1800,0.010000,0.000000,0.013623,0.006811,0.000933,1.539666,-0.000064,41.992077,11.051334,1.539545,41.992074,11.051334,1.539549,25.189842,25.194469,0.000281,25.189838,25.194469,0.000271,0.000121,nan,nan,0.000002,-0.000003,0.000000,0.000004,23.052628,26.652628,3.738213,0.112581,0.026997,41.996338,14.791239,5.133277,0.029272,0.089183,19.200647,3.600000
1810,0.010000,0.007587,0.000000,0.003794,-0.000520,1.539517,-0.000298,41.992193,11.055125,1.539251,41.992186,11.055126,1.539260,25.189939,25.194569,0.000281,25.189935,25.194569,0.000271,0.000266,nan,nan,0.000009,-0.000006,0.000000,0.000009,23.052628,26.652628,3.734387,0.113653,0.027285,41.996338,14.791239,5.128347,0.029570,0.089946,19.191425,3.600000
1820,0.010000,0.000000,0.041040,0.020520,0.002811,1.539227,-0.000234,41.992833,11.075636,1.539026,41.992829,11.075636,1.539033,25.190042,25.194669,0.000281,25.190038,25.194669,0.000271,0.000201,nan,nan,0.000005,-0.000005,0.000000,0.000007,23.052628,26.652628,3.713841,0.114492,0.027513,41.996338,14.791239,5.101682,0.029771,0.090139,19.141467,3.600000
1830,0.010000,0.046903,0.000000,0.023452,-0.003213,1.539209,-0.000000,41.993574,11.099076,1.539033,41.993570,11.099076,1.539039,25.190147,25.194769,0.000281,25.190142,25.194769,0.000271,0.000176,nan,nan,0.000004,-0.000004,0.000000,0.000006,23.052628,26.652628,3.690390,0.114465,0.027506,41.996338,14.791239,5.071208,0.029721,0.089580,19.084213,3.600000
1840,0.010000,0.000000,0.033281,0.016640,0.002279,1.539326,0.000176,41.994098,11.115708,1.539215,41.994095,11.115708,1.539219,25.190248,25.194869,0.000281,25.190244,25.194869,0.000271,0.000110,nan,nan,0.000002,-0.000003,0.000000,0.000004,23.052628,26.652628,3.673770,0.113802,0.027327,41.996338,14.791239,5.049586,0.029502,0.088681,19.043484,3.600000
1850,0.010000,0.015175,0.000000,0.007587,-0.001039,1.539518,0.000256,41.994335,11.123291,1.539475,41.994334,11.123291,1.539476,25.190347,25.194969,0.000281,25.190343,25.194969,0.000271,0.000043,nan,nan,0.000000,-0.000001,0.000000,0.000002,23.052628,26.652628,3.666212,0.112858,0.027069,41.996338,14.791239,5.039727,0.029219,0.087774,19.024884,3.600000
1860,0.010000,0.000000,0.012071,0.006035,0.000827,1.539529,0.000048,41.994523,11.129324,1.539524,41.994523,11.129324,1.539524,25.190445,25.195069,0.000281,25.190441,25.195069,0.000271,0.000005,nan,nan,0.000000,-0.000000,0.000000,0.000000,23.052628,26.652628,3.660182,0.112682,0.027021,41.996338,14.791239,5.031884,0.029157,0.087500,19.010076,3.600000
1870,0.010000,0.006035,0.000000,0.003018,-0.000413,1.539451,-0.000075,41.994617,11.132340,1.539450,41.994617,11.132340,1.539450,25.190542,25.195169,0.000281,25.190539,25.195169,0.000271,0.000001,nan,nan,0.000000,-0.000000,0.000000,0.000000,23.052628,26.652628,3.657156,0.112954,0.027096,41.996338,14.791239,5.027963,0.029230,0.087644,19.002667,3.600000
1880,0.010000,0.000000,0.006035,0.003018,0.000413,1.539147,-0.000213,41.994712,11.135356,1.539237,41.994714,11.135356,1.539234,25.190640,25.195269,0.000281,25.190636,25.195269,0.000271,-0.000090,nan,nan,0.000001,0.000002,-0.000000,-0.000003,23.052628,26.652628,3.654114,0.113746,0.027312,41.996338,14.791239,5.024042,0.029451,0.088189,18.995256,3.600000
1890,0.010000,0.012071,0.000000,0.006035,-0.000827,1.538916,-0.000160,41.994904,11.141388,1.539074,41.994907,11.141388,1.539068,25.190738,25.195369,0.000281,25.190735,25.195369,0.000271,-0.000158,nan,nan,0.000003,0.000003,-0.000000,-0.000006,23.052628,26.652628,3.648059,0.114353,0.027477,41.996338,14.791239,5.016200,0.029613,0.088521,18.980425,3.600000
1900,0.010000,0.000000,0.009139,0.004570,0.000626,1.539041,0.000160,41.995052,11.145956,1.539228,41.995056,11.145955,1.539221,25.190837,25.195469,0.000281,25.190834,25.195469,0.000271,-0.000187,nan,nan,0.000004,0.000004,-0.000000,-0.000007,23.052628,26.652628,3.643507,0.113799,0.027324,41.996338,14.791239,5.010262,0.029445,0.087988,18.969188,3.600000
1910,0.010000,0.003104,0.000000,0.001552,-0.000213,1.539302,0.000288,41.995105,11.147507,1.539509,41.995109,11.147507,1.539502,25.190934,25.195569,0.000281,25.190931,25.195569,0.000271,-0.000207,nan,nan,0.000005,0.000004,-0.000000,-0.000007,23.052628,26.652628,3.641987,0.112782,0.027044,41.996338,14.791239,5.008246,0.029149,0.087167,18.913170,3.600000
1920,0.010000,0.000000,0.000000,0.000000,0.000000,1.539600,0.000186,41.995109,11.147507,1.539688,41.995110,11.147506,1.539685,25.191031,25.195669,0.000281,25.191029,25.195669,0.000271,-0.000088,nan,nan,0.000001,0.000002,-0.000000,-0.000003,23.052628,26.652628,3.642008,0.112116,0.026861,41.996338,14.791239,5.008246,0.028958,0.086652,18.908502,3.600000
1930,0.010000,0.000000,0.000000,0.000000,0.000000,1.539571,-0.000000,41.995110,11.147506,1.539685,41.995112,11.147506,1.539681,25.191129,25.195769,0.000281,25.191126,25.195769,0.000271,-0.000114,nan,nan,0.000002,0.000002,-0.000000,-0.000004,23.052628,26.652628,3.642007,0.112133,0.026865,41.996338,14.791239,5.008246,0.028962,0.086665,18.955184,3.600000
1940,0.010000,0.000000,-0.006035,-0.003018,-0.000413,1.539478,-0.000123,41.995018,11.144490,1.539558,41.995020,11.144490,1.539555,25.191226,25.195869,0.000281,25.191223,25.195869,0.000271,-0.000080,nan,nan,0.000001,0.000001,-0.000000,-0.000003,23.052628,26.652628,3.645011,0.112591,0.026990,41.996338,14.791239,5.012167,0.029099,0.087087,18.972794,3.600000
1950,0.010000,0.000000,0.000000,0.000000,0.000000,1.539100,-0.000346,41.995020,11.144490,1.539209,41.995021,11.144490,1.539205,25.191323,25.195969,0.000281,25.191321,25.195969,0.000271,-0.000110,nan,nan,0.000002,0.000002,-0.000000,-0.000004,23.052628,26.652628,3.644971,0.113869,0.027340,41.996338,14.791239,5.012167,0.029465,0.088076,18.972794,3.600000
1960,0.010000,0.000000,-0.009139,-0.004570,-0.000626,1.538723,-0.000325,41.994877,11.139923,1.538880,41.994879,11.139923,1.538875,25.191420,25.196069,0.000281,25.191418,25.196069,0.000271,-0.000158,nan,nan,0.000003,0.000002,-0.000000,-0.000006,23.052628,26.652628,3.649503,0.115078,0.027671,41.996338,14.791239,5.018105,0.029819,0.089116,18.984029,3.600000
1970,0.010000,0.000000,0.000000,0.000000,0.000000,1.538498,-0.000266,41.994879,11.139923,1.538608,41.994881,11.139923,1.538604,25.191518,25.196169,0.000281,25.191517,25.196169,0.000271,-0.000110,nan,nan,0.000002,0.000002,-0.000000,-0.000004,23.052628,26.652628,3.649472,0.116066,0.027941,41.996338,14.791239,5.018105,0.030102,0.089881,18.984030,3.600000
1980,0.010000,0.000000,-0.002931,-0.001466,-0.000201,1.538507,0.000043,41.994834,11.138458,1.538647,41.994836,11.138458,1.538642,25.191616,25.196269,0.000281,25.191615,25.196269,0.000271,-0.000140,nan,nan,0.000002,0.000002,-0.000000,-0.000005,23.052628,26.652628,3.650942,0.115930,0.027903,41.996338,14.791239,5.020010,0.030066,0.089810,18.987632,3.600000
1990,0.010000,0.000000,0.000000,0.000000,0.000000,1.538811,0.000336,41.994836,11.138458,1.538978,41.994838,11.138458,1.538972,25.191715,25.196369,0.000281,25.191713,25.196369,0.000271,-0.000167,nan,nan,0.000004,0.000002,-0.000000,-0.000006,23.052628,26.652628,3.650980,0.114729,0.027574,41.996338,14.791239,5.020010,0.029721,0.088880,18.987632,3.600000
2000,0.010000,0.000000,-0.001552,-0.000776,-0.000106,1.539301,0.000453,41.994814,11.137682,1.539424,41.994815,11.137682,1.539420,25.191813,25.196469,0.000281,25.191812,25.196469,0.000271,-0.000123,nan,nan,0.000002,0.000002,-0.000000,-0.000004,23.052628,26.652628,3.651807,0.113093,0.027125,41.996338,14.791239,5.021018,0.029253,0.087630,18.989539,3.600000
2010,0.010000,0.000000,0.000000,0.000000,0.000000,1.539487,0.000144,41.994815,11.137682,1.539564,41.994816,11.137682,1.539561,25.191912,25.196569,0.000281,25.191910,25.196569,0.000271,-0.000077,nan,nan,0.000001,0.000001,-0.000000,-0.000003,23.052628,26.652628,3.651823,0.112579,0.026984,41.996338,14.791239,5.021018,0.029106,0.087232,18.989539,3.600000
2020,0.010000,0.000000,0.000000,0.000000,0.000000,1.539405,-0.000107,41.994816,11.137682,1.539455,41.994817,11.137682,1.539453,25.192010,25.196669,0.000281,25.192009,25.196669,0.000271,-0.000050,nan,nan,0.000000,0.000001,-0.000000,-0.000002,23.052628,26.652628,3.651811,0.112975,0.027093,41.996338,14.791239,5.021018,0.029219,0.087539,18.989539,3.600000
2030,0.010000,0.000000,0.000000,0.000000,0.000000,1.539247,-0.000144,41.994817,11.137682,1.539309,41.994817,11.137682,1.539307,25.192109,25.196769,0.000281,25.192108,25.196769,0.000271,-0.000062,nan,nan,0.000000,0.000001,-0.000000,-0.000002,23.052628,26.652628,3.651794,0.113509,0.027239,41.996338,14.791239,5.021018,0.029372,0.087953,18.989539,3.600000
2040,0.010000,0.000000,0.000000,0.000000,0.000000,1.539102,-0.000165,41.994817,11.137682,1.539142,41.994818,11.137682,1.539140,25.192208,25.196869,0.000281,25.192207,25.196869,0.000271,-0.000040,nan,nan,0.000000,0.000000,-0.000000,-0.000001,23.052628,26.652628,3.651775,0.114118,0.027405,41.996338,14.791239,5.021018,0.029546,0.088424,18.989539,3.600000
2050,0.010000,0.000000,0.000000,0.000000,0.000000,1.539035,-0.000080,41.994818,11.137682,1.539060,41.994818,11.137682,1.539059,25.192307,25.196969,0.000281,25.192306,25.196969,0.000271,-0.000026,nan,nan,0.000000,0.000000,-0.000000,-0.000001,23.052628,26.652628,3.651766,0.114413,0.027486,41.996338,14.791239,5.021018,0.029631,0.088653,18.989539,3.600000
2060,0.010000,0.000000,0.000000,0.000000,0.000000,1.539091,0.000128,41.994818,11.137682,1.539187,41.994819,11.137682,1.539184,25.192406,25.197069,0.000281,25.192405,25.197069,0.000271,-0.000096,nan,nan,0.000001,0.000001,-0.000000,-0.000003,23.052628,26.652628,3.651780,0.113960,0.027362,41.996338,14.791239,5.021018,0.029501,0.088302,18.989539,3.600000
2070,0.010000,0.000000,0.000000,0.000000,0.000000,1.539243,0.000160,41.994819,11.137682,1.539344,41.994820,11.137682,1.539340,25.192505,25.197169,0.000281,25.192504,25.197169,0.000271,-0.000101,nan,nan,0.000001,0.000001,-0.000000,-0.000004,23.052628,26.652628,3.651798,0.113391,0.027205,41.996338,14.791239,5.021018,0.029337,0.087861,18.989539,3.600000
2080,0.010000,0.000000,0.000000,0.000000,0.000000,1.539222,-0.000064,41.994820,11.137682,1.539276,41.994821,11.137682,1.539274,25.192604,25.197269,0.000281,25.192604,25.197269,0.000271,-0.000054,nan,nan,0.000000,0.000001,-0.000000,-0.000002,23.052628,26.652628,3.651790,0.113632,0.027271,41.996338,14.791239,5.021018,0.029406,0.088047,18.989539,3.600000
2090,0.010000,0.000000,0.000000,0.000000,0.000000,1.539233,-0.000000,41.994821,11.137682,1.539274,41.994821,11.137682,1.539273,25.192704,25.197369,0.000281,25.192703,25.197369,0.000271,-0.000041,nan,nan,0.000000,0.000000,-0.000000,-0.000001,23.052628,26.652628,3.651790,0.113638,0.027273,41.996338,14.791239,5.021018,0.029408,0.088052,18.989539,3.600000
2100,0.010000,0.000000,0.003104,0.001552,0.000213,1.539336,0.000075,41.994870,11.139233,1.539347,41.994870,11.139233,1.539347,25.192803,25.197469,0.000281,25.192802,25.197469,0.000271,-0.000011,nan,nan,0.000000,0.000000,-0.000000,-0.000000,23.052628,26.652628,3.650247,0.113367,0.027199,41.996338,14.791239,5.019002,0.029327,0.087807,18.938189,3.600000
2110,0.010000,0.000000,0.000000,0.000000,0.000000,1.539272,-0.000069,41.994870,11.139233,1.539278,41.994870,11.139233,1.539277,25.192902,25.197569,0.000281,25.192902,25.197569,0.000271,-0.000006,nan,nan,0.000000,0.000000,-0.000000,-0.000000,23.052628,26.652628,3.650239,0.113620,0.027268,41.996338,14.791239,5.019002,0.029400,0.088003,18.938189,3.600000
2120,0.010000,0.000000,0.000000,0.000000,0.000000,1.539313,0.000043,41.994870,11.139233,1.539320,41.994870,11.139233,1.539320,25.193002,25.197669,0.000281,25.193001,25.197669,0.000271,-0.000007,nan,nan,0.000000,0.000000,-0.000000,-0.000000,23.052628,26.652628,3.650244,0.113466,0.027226,41.996338,14.791239,5.019002,0.029356,0.087884,18.985726,3.600000
2130,0.010000,0.000000,0.000000,0.000000,0.000000,1.539420,0.000112,41.994870,11.139233,1.539432,41.994870,11.139233,1.539431,25.193101,25.197769,0.000281,25.193101,25.197769,0.000271,-0.000012,nan,nan,0.000000,0.000000,-0.000000,-0.000000,23.052628,26.652628,3.650256,0.113059,0.027114,41.996338,14.791239,5.019002,0.029239,0.087569,18.985726,3.600000
2140,0.010000,0.000000,0.001380,0.000690,0.000094,1.539367,-0.000101,41.994892,11.139922,1.539330,41.994892,11.139922,1.539331,25.193201,25.197869,0.000281,25.193200,25.197869,0.000271,0.000037,nan,nan,0.000000,-0.000000,0.000000,0.000001,23.052628,26.652628,3.649555,0.113424,0.027214,41.996338,14.791239,5.018105,0.029342,0.087835,18.934375,3.600000
2150,0.010000,0.000000,0.000000,0.000000,0.000000,1.539334,-0.000000,41.994892,11.139922,1.539331,41.994892,11.139922,1.539331,25.193300,25.197969,0.000281,25.193300,25.197969,0.000271,0.000003,nan,nan,0.000000,-0.000000,0.000000,0.000000,23.052628,26.652628,3.649555,0.113423,0.027214,41.996338,14.791239,5.018105,0.029342,0.087835,18.934375,3.600000
2160,0.010000,0.000000,0.000000,0.000000,0.000000,1.539401,0.000059,41.994892,11.139922,1.539390,41.994892,11.139922,1.539390,25.193400,25.198069,0.000281,25.193399,25.198069,0.000271,0.000011,nan,nan,0.000000,-0.000000,0.000000,0.000000,23.052628,26.652628,3.649562,0.113208,0.027155,41.996338,14.791239,5.018105,0.029281,0.087668,18.984030,3.600000
2170,0.010000,0.000000,0.000000,0.000000,0.000000,1.539295,-0.000165,41.994892,11.139922,1.539225,41.994891,11.139922,1.539228,25.193499,25.198169,0.000281,25.193499,25.198169,0.000271,0.000070,nan,nan,0.000001,-0.000001,0.000000,0.000002,23.052628,26.652628,3.649543,0.113801,0.027318,41.996338,14.791239,5.018105,0.029451,0.088127,18.984030,3.600000
2180,0.010000,0.000000,0.000000,0.000000,0.000000,1.539072,-0.000192,41.994891,11.139922,1.539036,41.994891,11.139922,1.539037,25.193599,25.198269,0.000281,25.193599,25.198269,0.000271,0.000036,nan,nan,0.000000,-0.000000,0.000000,0.000001,23.052628,26.652628,3.649522,0.114496,0.027508,41.996338,14.791239,5.018105,0.029650,0.088665,18.984030,3.600000
2190,0.010000,0.000000,0.000000,0.000000,0.000000,1.539067,-0.000000,41.994891,11.139922,1.539037,41.994891,11.139922,1.539038,25.193699,25.198369,0.000281,25.193698,25.198369,0.000271,0.000029,nan,nan,0.000000,-0.000000,0.000000,0.000001,23.052628,26.652628,3.649522,0.114492,0.027507,41.996338,14.791239,5.018105,0.029649,0.088662,18.984030,3.600000
2200,0.010000,0.000000,0.000000,0.000000,0.000000,1.539123,0.000080,41.994891,11.139922,1.539118,41.994891,11.139922,1.539118,25.193798,25.198469,0.000281,25.193798,25.198469,0.000271,0.000005,nan,nan,0.000000,-0.000000,0.000000,0.000000,23.052628,26.652628,3.649531,0.114200,0.027427,41.996338,14.791239,5.018105,0.029565,0.088436,18.984030,3.600000
2210,0.010000,0.000000,0.000000,0.000000,0.000000,1.539156,-0.000000,41.994891,11.139922,1.539118,41.994890,11.139922,1.539120,25.193898,25.198569,0.000281,25.193898,25.198569,0.000271,0.000038,nan,nan,0.000000,-0.000000,0.000000,0.000001,23.052628,26.652628,3.649531,0.114195,0.027426,41.996338,14.791239,5.018105,0.029564,0.088432,18.984030,3.600000
2220,0.010000,0.000000,0.000000,0.000000,0.000000,1.539252,0.000085,41.994890,11.139922,1.539205,41.994890,11.139922,1.539207,25.193998,25.198669,0.000281,25.193997,25.198669,0.000271,0.000047,nan,nan,0.000000,-0.000000,0.000000,0.000002,23.052628,26.652628,3.649541,0.113877,0.027339,41.996338,14.791239,5.018105,0.029473,0.088186,18.984030,3.600000
2230,0.010000,0.000000,0.000000,0.000000,0.000000,1.539253,-0.000000,41.994890,11.139922,1.539207,41.994890,11.139922,1.539208,25.194097,25.198769,0.000281,25.194097,25.198769,0.000271,0.000046,nan,nan,0.000000,-0.000000,0.000000,0.000002,23.052628,26.652628,3.649541,0.113871,0.027337,41.996338,14.791239,5.018105,0.029471,0.088181,18.984030,3.600000
2240,0.010000,0.000000,0.000000,0.000000,0.000000,1.539250,-0.000000,41.994890,11.139922,1.539208,41.994890,11.139922,1.539210,25.194197,25.198869,0.000281,25.194197,25.198869,0.000271,0.000041,nan,nan,0.000000,-0.000000,0.000000,0.000001,23.052628,26.652628,3.649541,0.113865,0.027336,41.996338,14.791239,5.018105,0.029469,0.088177,18.984030,3.600000
2250,0.010000,0.000000,0.000000,0.000000,0.000000,1.539313,0.000091,41.994890,11.139922,1.539300,41.994890,11.139922,1.539301,25.194297,25.198969,0.000281,25.194297,25.198969,0.000271,0.000013,nan,nan,0.000000,-0.000000,0.000000,0.000000,23.052628,26.652628,3.649552,0.113533,0.027245,41.996338,14.791239,5.018105,0.029374,0.087920,18.984030,3.600000
2260,0.010000,0.000000,0.000000,0.000000,0.000000,1.539348,-0.000000,41.994890,11.139922,1.539301,41.994889,11.139922,1.539302,25.194397,25.199069,0.000281,25.194396,25.199069,0.000271,0.000047,nan,nan,0.000000,-0.000000,0.000000,0.000002,23.052628,26.652628,3.649552,0.113527,0.027243,41.996338,14.791239,5.018105,0.029373,0.087915,18.984030,3.600000
2270,0.010000,0.000000,0.000000,0.000000,0.000000,1.539231,-0.000123,41.994889,11.139922,1.539180,41.994889,11.139922,1.539182,25.194496,25.199169,0.000281,25.194496,25.199169,0.000271,0.000051,nan,nan,0.000000,-0.000000,0.000000,0.000002,23.052628,26.652628,3.649538,0.113967,0.027364,41.996338,14.791239,5.018105,0.029499,0.088256,18.984030,3.600000
2280,0.010000,0.000000,0.000000,0.000000,0.000000,1.539174,0.000043,41.994889,11.139922,1.539224,41.994889,11.139922,1.539223,25.194596,25.199269,0.000281,25.194596,25.199269,0.000271,-0.000050,nan,nan,0.000000,0.000000,-0.000000,-0.000002,23.052628,26.652628,3.649543,0.113818,0.027323,41.996338,14.791239,5.018105,0.029456,0.088141,18.984030,3.600000
2290,0.010000,0.000000,0.000000,0.000000,0.000000,1.539299,0.000096,41.994889,11.139922,1.539319,41.994889,11.139922,1.539318,25.194696,25.199369,0.000281,25.194696,25.199369,0.000271,-0.000019,nan,nan,0.000000,0.000000,-0.000000,-0.000001,23.052628,26.652628,3.649554,0.113471,0.027228,41.996338,14.791239,5.018105,0.029356,0.087872,18.984030,3.600000
2300,0.010000,0.000000,0.000000,0.000000,0.000000,1.539282,-0.000080,41.994889,11.139922,1.539238,41.994889,11.139922,1.539239,25.194796,25.199469,0.000281,25.194796,25.199469,0.000271,0.000044,nan,nan,0.000000,-0.000000,0.000000,0.000002,23.052628,26.652628,3.649545,0.113756,0.027306,41.996338,14.791239,5.018105,0.029438,0.088093,18.984030,3.600000
2310,0.010000,0.000000,0.000000,0.000000,0.000000,1.539127,-0.000154,41.994889,11.139922,1.539085,41.994889,11.139922,1.539086,25.194896,25.199569,0.000281,25.194896,25.199569,0.000271,0.000042,nan,nan,0.000000,-0.000000,0.000000,0.000001,23.052628,26.652628,3.649527,0.114315,0.027459,41.996338,14.791239,5.018105,0.029598,0.088525,18.984030,3.600000
2320,0.010000,0.000000,0.003104,0.001552,0.000213,1.539149,0.000064,41.994938,11.141474,1.539150,41.994938,11.141474,1.539150,25.194996,25.199669,0.000281,25.194995,25.199669,0.000271,-0.000001,nan,nan,0.000000,0.000000,-0.000000,-0.000000,23.052628,26.652628,3.647983,0.114082,0.027395,41.996338,14.791239,5.016089,0.029529,0.088309,18.932680,3.600000
2330,0.010000,0.000000,0.000000,0.000000,0.000000,1.539262,0.000133,41.994938,11.141474,1.539284,41.994938,11.141474,1.539283,25.195095,25.199769,0.000281,25.195095,25.199769,0.000271,-0.000022,nan,nan,0.000000,0.000000,-0.000000,-0.000001,23.052628,26.652628,3.647998,0.113599,0.027263,41.996338,14.791239,5.016089,0.029390,0.087935,18.932680,3.600000
2340,0.010000,0.000000,0.000000,0.000000,0.000000,1.539248,-0.000075,41.994938,11.141474,1.539208,41.994938,11.141474,1.539210,25.195195,25.199869,0.000281,25.195195,25.199869,0.000271,0.000040,nan,nan,0.000000,-0.000000,0.000000,0.000001,23.052628,26.652628,3.647989,0.113865,0.027336,41.996338,14.791239,5.016089,0.029467,0.088142,18.980215,3.600000
2350,0.010000,0.000000,0.000000,0.000000,0.000000,1.539131,-0.000117,41.994938,11.141474,1.539092,41.994938,11.141474,1.539094,25.195295,25.199969,0.000281,25.195295,25.199969,0.000271,0.000039,nan,nan,0.000000,-0.000000,0.000000,0.000001,23.052628,26.652628,3.647976,0.114288,0.027452,41.996338,14.791239,5.016089,0.029588,0.088469,18.980215,3.600000
2360,0.010000,0.000000,-0.003104,-0.001552,-0.000213,1.538923,-0.000208,41.994889,11.139922,1.538886,41.994889,11.139922,1.538887,25.195395,25.200069,0.000281,25.195395,25.200069,0.000271,0.000037,nan,nan,0.000000,-0.000000,0.000000,0.000001,23.052628,26.652628,3.649504,0.115041,0.027658,41.996338,14.791239,5.018105,0.029807,0.089088,18.984030,3.600000
2370,0.010000,0.000000,0.000000,0.000000,0.000000,1.538599,-0.000330,41.994889,11.139922,1.538557,41.994889,11.139922,1.538559,25.195495,25.200169,0.000281,25.195495,25.200169,0.000271,0.000042,nan,nan,0.000000,-0.000000,0.000000,0.000001,23.052628,26.652628,3.649466,0.116240,0.027987,41.996338,14.791239,5.018105,0.030151,0.090017,18.984030,3.600000
2380,0.010000,0.000000,0.003104,0.001552,0.000213,1.538577,0.000064,41.994939,11.141474,1.538623,41.994939,11.141474,1.538621,25.195595,25.200269,0.000281,25.195595,25.200269,0.000271,-0.000045,nan,nan,0.000000,0.000000,-0.000000,-0.000002,23.052628,26.652628,3.647922,0.116013,0.027925,41.996338,14.791239,5.016089,0.030083,0.089805,18.932680,3.600000
2390,0.010000,0.000000,0.000000,0.000000,0.000000,1.538738,0.000160,41.994939,11.141474,1.538781,41.994939,11.141474,1.538779,25.195695,25.200369,0.000281,25.195695,25.200369,0.000271,-0.000043,nan,nan,0.000000,0.000000,-0.000000,-0.000002,23.052628,26.652628,3.647940,0.115436,0.027766,41.996338,14.791239,5.016089,0.029917,0.089358,18.932680,3.600000
2400,0.010000,0.000000,0.002931,0.001466,0.000201,1.538859,0.000085,41.994986,11.142938,1.538864,41.994986,11.142938,1.538864,25.195795,25.200469,0.000281,25.195795,25.200469,0.000271,-0.000005,nan,nan,0.000000,0.000000,-0.000000,-0.000000,23.052628,26.652628,3.646484,0.115126,0.027681,41.996338,14.791239,5.014184,0.029825,0.089084,18.976612,3.600000
2410,0.010000,0.000000,0.000000,0.000000,0.000000,1.538925,0.000075,41.994986,11.142938,1.538939,41.994986,11.142938,1.538938,25.195895,25.200569,0.000281,25.195895,25.200569,0.000271,-0.000013,nan,nan,0.000000,0.000000,-0.000000,-0.000000,23.052628,26.652628,3.646493,0.114856,0.027607,41.996338,14.791239,5.014184,0.029748,0.088875,18.976612,3.600000
2420,0.010000,0.000000,0.000000,0.000000,0.000000,1.538959,-0.000000,41.994986,11.142938,1.538938,41.994986,11.142938,1.538939,25.195995,25.200669,0.000281,25.195995,25.200669,0.000271,0.000020,nan,nan,0.000000,-0.000000,0.000000,0.000001,23.052628,26.652628,3.646493,0.114853,0.027606,41.996338,14.791239,5.014184,0.029747,0.088873,18.976612,3.600000
2430,0.010000,0.000000,0.000000,0.000000,0.000000,1.538775,-0.000213,41.994986,11.142938,1.538726,41.994986,11.142938,1.538728,25.196095,25.200769,0.000281,25.196095,25.200769,0.000271,0.000049,nan,nan,0.000000,-0.000000,0.000000,0.000002,23.052628,26.652628,3.646468,0.115624,0.027818,41.996338,14.791239,5.014184,0.029968,0.089469,18.976612,3.600000
2440,0.010000,0.000000,0.000000,0.000000,0.000000,1.538581,-0.000181,41.994986,11.142938,1.538547,41.994986,11.142938,1.538548,25.196195,25.200869,0.000281,25.196194,25.200869,0.000271,0.000034,nan,nan,0.000000,-0.000000,0.000000,0.000001,23.052628,26.652628,3.646447,0.116279,0.027998,41.996338,14.791239,5.014184,0.030156,0.089976,18.976612,3.600000
2450,0.010000,0.000000,0.000000,0.000000,0.000000,1.538655,0.000138,41.994986,11.142938,1.538686,41.994986,11.142938,1.538685,25.196294,25.200969,0.000281,25.196294,25.200969,0.000271,-0.000032,nan,nan,0.000000,0.000000,-0.000000,-0.000001,23.052628,26.652628,3.646463,0.115779,0.027860,41.996338,14.791239,5.014184,0.030013,0.089589,18.976612,3.600000
2460,0.010000,0.000000,0.000000,0.000000,0.000000,1.538972,0.000320,41.994986,11.142938,1.539005,41.994986,11.142938,1.539004,25.196394,25.201069,0.000281,25.196394,25.201069,0.000271,-0.000032,nan,nan,0.000000,0.000000,-0.000000,-0.000001,23.052628,26.652628,3.646500,0.114618,0.027542,41.996338,14.791239,5.014184,0.029680,0.088690,18.976612,3.600000
2470,0.010000,0.000000,0.000000,0.000000,0.000000,1.539233,0.000229,41.994986,11.142938,1.539233,41.994986,11.142938,1.539233,25.196494,25.201169,0.000281,25.196494,25.201169,0.000271,0.000001,nan,nan,0.000000,-0.000000,0.000000,0.000000,23.052628,26.652628,3.646526,0.113782,0.027313,41.996338,14.791239,5.014184,0.029440,0.088044,18.976612,3.600000
2480,0.010000,0.000000,0.000000,0.000000,0.000000,1.539329,0.000048,41.994986,11.142938,1.539281,41.994986,11.142938,1.539282,25.196594,25.201269,0.000281,25.196594,25.201269,0.000271,0.000048,nan,nan,0.000000,-0.000000,0.000000,0.000002,23.052628,26.652628,3.646532,0.113601,0.027263,41.996338,14.791239,5.014184,0.029388,0.087904,18.976612,3.600000
2490,0.010000,0.000000,0.000000,0.000000,0.000000,1.539155,-0.000202,41.994986,11.142938,1.539080,41.994985,11.142938,1.539083,25.196694,25.201369,0.000281,25.196694,25.201369,0.000271,0.000075,nan,nan,0.000001,-0.000000,0.000000,0.000003,23.052628,26.652628,3.646509,0.114329,0.027463,41.996338,14.791239,5.014184,0.029597,0.088467,18.976612,3.600000
2500,0.010000,0.000000,-0.001380,-0.000690,-0.000094,1.538880,-0.000245,41.994964,11.142249,1.538838,41.994964,11.142249,1.538839,25.196794,25.201469,0.000281,25.196794,25.201469,0.000271,0.000043,nan,nan,0.000000,-0.000000,0.000000,0.000002,23.052628,26.652628,3.647171,0.115217,0.027706,41.996338,14.791239,5.015080,0.029853,0.089170,18.978308,3.600000
10,0.010000,0.000000,-0.003104,-0.001552,-0.000213,1.538923,-0.000138,41.994915,11.140698,1.538986,41.994915,11.140698,1.538984,25.197194,25.201869,0.000289,25.197194,25.201869,0.000279,-0.000064,nan,nan,0.000001,0.000000,-0.000000,-0.000002,0.001551,3.601551,-3.598117,-0.116433,0.031812,41.996845,7.540698,-0.050980,0.026159,0.000916,0.051350,3.600000
20,0.010000,0.000000,0.000000,0.000000,0.000000,1.538582,-0.000431,41.994915,11.140698,1.538553,41.994915,11.140698,1.538554,25.197294,25.201969,0.000289,25.197294,25.201969,0.000278,0.000030,nan,nan,0.000000,-0.000000,0.000000,0.000001,0.001551,3.601551,-3.598066,-0.117982,0.032243,41.996845,7.540698,-0.152912,0.026662,0.002784,0.154051,3.600000
30,0.010000,0.000000,-0.069665,-0.034833,-0.004772,1.538010,-0.000613,41.993792,11.105883,1.537941,41.993792,11.105883,1.537944,25.197393,25.202069,0.000288,25.197393,25.202069,0.000278,0.000068,nan,nan,0.000001,-0.000000,0.000000,0.000002,0.036365,3.636365,-3.597955,-0.121317,0.032853,41.996863,7.505885,-0.305705,0.027397,0.005723,0.308102,3.600000
40,0.010000,-0.122776,0.000000,-0.061388,0.008409,1.537729,-0.000160,41.991776,11.044528,1.537784,41.991776,11.044528,1.537782,25.197494,25.202169,0.000288,25.197494,25.202169,0.000277,-0.000055,nan,nan,0.000000,-0.000000,0.000000,-0.000002,0.097719,3.697719,-3.597867,-0.123947,0.033014,41.996895,7.444531,-0.509368,0.027851,0.009743,0.513503,3.600000
50,0.010000,0.000000,-0.159161,-0.079580,-0.010901,1.537803,0.000053,41.989149,10.964991,1.537835,41.989149,10.964991,1.537834,25.197598,25.202269,0.000287,25.197597,25.202269,0.000277,-0.000032,nan,nan,0.000000,-0.000000,0.000000,-0.000001,0.177255,3.777255,-3.597784,-0.126426,0.032962,41.996937,7.364995,-0.763867,0.028221,0.014903,0.770255,3.600000
60,0.010000,-0.150022,0.000000,-0.075011,0.010275,1.537584,-0.000368,41.986677,10.890021,1.537466,41.986677,10.890021,1.537471,25.197704,25.202369,0.000287,25.197704,25.202369,0.000276,0.000117,nan,nan,0.000002,0.000001,-0.000000,0.000004,0.252223,3.852223,-3.597653,-0.130242,0.033326,41.996976,7.290026,-1.068952,0.029046,0.021485,1.078357,3.600000
70,0.010000,0.000000,-0.097083,-0.048541,-0.006650,1.536990,-0.000645,41.985060,10.841507,1.536826,41.985061,10.841507,1.536832,25.197809,25.202469,0.000286,25.197809,25.202469,0.000276,0.000164,nan,nan,0.000003,0.000001,-0.000000,0.000006,0.300737,3.900737,-3.597513,-0.134180,0.033964,41.997001,7.241513,-1.424570,0.030210,0.029498,1.437809,3.600000
80,0.010000,-0.025693,-0.018106,-0.021900,0.000520,1.536463,-0.000442,41.984318,10.819620,1.536390,41.984318,10.819620,1.536393,25.197912,25.202569,0.000286,25.197911,25.202569,0.000276,0.000073,nan,nan,0.000001,0.000001,-0.000000,0.000003,0.322624,3.922624,-3.597427,-0.136515,0.034404,41.997012,7.219626,-1.831032,0.031297,0.038575,1.848611,3.600000
90,0.010000,0.000000,0.000000,0.000000,0.000000,1.536314,-0.000069,41.984318,10.819620,1.536323,41.984318,10.819620,1.536323,25.198011,25.202669,0.000286,25.198010,25.202669,0.000275,-0.000009,nan,nan,0.000000,-0.000000,0.000000,-0.000000,0.322624,3.922624,-3.597417,-0.136765,0.034473,41.997012,7.219626,-2.288708,0.032132,0.048305,2.310764,3.600000
100,0.010000,0.000000,-0.003104,-0.001552,-0.000213,1.536322,0.000043,41.984265,10.818069,1.536366,41.984265,10.818069,1.536364,25.198111,25.202769,0.000285,25.198110,25.202769,0.000275,-0.000043,nan,nan,0.000000,-0.000000,0.000000,-0.000002,0.324175,3.924175,-3.597421,-0.136672,0.034432,41.997013,7.218075,-2.797352,0.032954,0.059000,2.824267,3.600000
110,0.010000,0.000000,0.000000,0.000000,0.000000,1.536306,-0.000000,41.984265,10.818069,1.536364,41.984264,10.818069,1.536362,25.198210,25.202869,0.000285,25.198210,25.202869,0.000275,-0.000058,nan,nan,0.000000,-0.000000,0.000000,-0.000002,0.324175,3.924175,-3.597421,-0.136680,0.034434,41.997013,7.218075,-3.356819,0.033900,0.070804,3.389121,3.600000
120,0.010000,-0.003104,0.001552,-0.000776,0.000319,1.536326,-0.000000,41.984237,10.817293,1.536362,41.984237,10.817293,1.536361,25.198310,25.202969,0.000285,25.198309,25.202969,0.000274,-0.000036,nan,nan,0.000000,-0.000000,0.000000,-0.000001,0.324950,3.924950,-3.597420,-0.136712,0.034436,41.997014,7.217299,-3.957887,0.034917,0.083502,3.995988,3.600000
130,0.010000,0.000000,0.000000,0.000000,0.000000,1.536168,-0.000213,41.984237,10.817293,1.536148,41.984237,10.817293,1.536148,25.198409,25.203069,0.000284,25.198409,25.203069,0.000274,0.000021,nan,nan,0.000000,0.000000,-0.000000,0.000001,0.324950,3.924950,-3.597391,-0.137476,0.034648,41.997014,7.217299,-4.558469,0.036148,0.096710,4.602855,3.600000
140,0.010000,0.000000,0.000000,0.000000,0.000000,1.536047,-0.000064,41.984237,10.817293,1.536085,41.984237,10.817293,1.536083,25.198509,25.203169,0.000284,25.198508,25.203169,0.000274,-0.000037,nan,nan,0.000000,-0.000000,0.000000,-0.000001,0.324950,3.924950,-3.597382,-0.137711,0.034713,41.997014,7.217299,-5.159310,0.037236,0.109644,5.209723,3.600000
150,0.010000,0.000000,0.000000,0.000000,0.000000,1.536249,0.000266,41.984237,10.817293,1.536350,41.984236,10.817293,1.536346,25.198608,25.203269,0.000284,25.198608,25.203269,0.000274,-0.000101,nan,nan,0.000001,-0.000001,0.000000,-0.000004,0.324950,3.924950,-3.597418,-0.136767,0.034450,41.997014,7.217299,-5.761086,0.037977,0.121593,5.816590,3.600000
160,0.010000,-0.001552,-0.001552,-0.001552,0.000000,1.536537,0.000272,41.984183,10.815742,1.536618,41.984182,10.815742,1.536615,25.198708,25.203369,0.000284,25.198708,25.203369,0.000273,-0.000080,nan,nan,0.000001,-0.000001,0.000000,-0.000003,0.326501,3.926501,-3.597452,-0.135854,0.034182,41.997014,7.215748,-6.363001,0.038701,0.133402,6.423457,3.600000
170,0.010000,0.000000,0.000000,0.000000,0.000000,1.536672,0.000064,41.984182,10.815742,1.536679,41.984182,10.815742,1.536678,25.198808,25.203469,0.000283,25.198808,25.203469,0.000273,-0.000006,nan,nan,0.000000,-0.000000,0.000000,-0.000000,0.326501,3.926501,-3.597461,-0.135625,0.034118,41.997014,7.215748,-6.964383,0.039638,0.145764,7.030325,3.600000
180,0.010000,0.000000,0.000000,0.000000,0.000000,1.536621,-0.000128,41.984182,10.815742,1.536551,41.984183,10.815742,1.536553,25.198908,25.203569,0.000283,25.198907,25.203569,0.000273,0.000070,nan,nan,0.000001,0.000000,-0.000000,0.000003,0.326501,3.926501,-3.597444,-0.136076,0.034243,41.997014,7.215748,-7.565075,0.040788,0.158862,7.637192,3.600000
190,0.010000,0.000000,0.000000,0.000000,0.000000,1.536346,-0.000293,41.984183,10.815742,1.536260,41.984183,10.815742,1.536263,25.199007,25.203669,0.000283,25.199007,25.203669,0.000273,0.000086,nan,nan,0.000001,0.000001,-0.000000,0.000003,0.326501,3.926501,-3.597404,-0.137118,0.034533,41.997014,7.215748,-8.164996,0.042139,0.172773,8.244059,3.600000
200,0.010000,0.000000,0.000000,0.000000,0.000000,1.536289,0.000048,41.984183,10.815742,1.536311,41.984183,10.815742,1.536310,25.199107,25.203769,0.000283,25.199107,25.203769,0.000273,-0.000023,nan,nan,0.000000,-0.000000,0.000000,-0.000001,0.326501,3.926501,-3.597411,-0.136949,0.034486,41.997014,7.215748,-8.766256,0.043100,0.185267,8.850927,3.600000
210,0.010000,0.000000,0.000000,0.000000,0.000000,1.536504,0.000218,41.984183,10.815742,1.536529,41.984183,10.815742,1.536528,25.199207,25.203869,0.000283,25.199206,25.203869,0.000273,-0.000025,nan,nan,0.000000,-0.000000,0.000000,-0.000001,0.326501,3.926501,-3.597441,-0.136166,0.034269,41.997014,7.215748,-9.368364,0.043849,0.196861,9.457794,3.600000
220,0.010000,-0.001552,-0.015002,-0.008277,-0.000921,1.536695,0.000192,41.983899,10.807470,1.536720,41.983899,10.807470,1.536719,25.199307,25.203969,0.000283,25.199307,25.203969,0.000272,-0.000024,nan,nan,0.000000,-0.000000,0.000000,-0.000001,0.334773,3.934773,-3.597457,-0.135768,0.034078,41.997019,7.207476,-9.970156,0.044655,0.208893,10.064661,3.600000
230,0.010000,0.000000,0.000000,0.000000,0.000000,1.536998,0.000325,41.983899,10.807470,1.537044,41.983899,10.807470,1.537042,25.199407,25.204069,0.000282,25.199407,25.204069,0.000272,-0.000045,nan,nan,0.000000,-0.000000,0.000000,-0.000002,0.334773,3.934773,-3.597500,-0.134605,0.033754,41.997019,7.207476,-10.573061,0.045249,0.219627,10.671529,3.600000
240,0.010000,-0.036385,-0.015175,-0.025780,0.001453,1.537181,0.000133,41.983029,10.781705,1.537175,41.983029,10.781705,1.537175,25.199509,25.204169,0.000282,25.199509,25.204169,0.000272,0.000006,nan,nan,0.000000,0.000000,-0.000000,0.000000,0.360538,3.960538,-3.597488,-0.135008,0.033621,41.997032,7.181712,-11.174027,0.046194,0.232806,11.278396,3.600000
250,0.010000,0.000000,0.000000,0.000000,0.000000,1.537243,0.000069,41.983029,10.781705,1.537245,41.983029,10.781705,1.537245,25.199609,25.204269,0.000282,25.199608,25.204269,0.000272,-0.000001,nan,nan,0.000000,-0.000000,0.000000,-0.000000,0.360538,3.960538,-3.597497,-0.134759,0.033552,41.997032,7.181712,-11.775691,0.047104,0.244889,11.885264,3.600000
260,0.010000,-0.015002,-0.025866,-0.020434,-0.000744,1.537342,0.000117,41.982344,10.761283,1.537362,41.982343,10.761283,1.537361,25.199710,25.204369,0.000282,25.199710,25.204369,0.000272,-0.000019,nan,nan,0.000000,-0.000000,0.000000,-0.000001,0.380960,3.980960,-3.597489,-0.135036,0.033435,41.997043,7.161290,-12.039689,0.047488,0.250893,12.492131,3.600000
270,0.010000,0.000000,0.000000,0.000000,0.000000,1.537606,0.000341,41.982343,10.761283,1.537702,41.982343,10.761283,1.537699,25.199810,25.204469,0.000282,25.199810,25.204469,0.000272,-0.000095,nan,nan,0.000001,-0.000001,0.000000,-0.000003,0.380960,3.980960,-3.597535,-0.133822,0.033098,41.997043,7.161290,-12.039689,0.047031,0.248639,13.098998,3.600000
280,0.010000,-0.031901,-0.045351,-0.038626,-0.000921,1.537978,0.000341,41.981065,10.722678,1.538039,41.981064,10.722678,1.538037,25.199914,25.204569,0.000282,25.199913,25.204569,0.000272,-0.000061,nan,nan,0.000000,-0.000000,0.000000,-0.000002,0.419564,4.019564,-3.597537,-0.133902,0.032759,41.997063,7.122686,-11.989506,0.046682,0.247749,13.705866,3.600000
290,0.010000,0.000000,0.000000,0.000000,0.000000,1.538169,0.000149,41.981064,10.722678,1.538186,41.981064,10.722678,1.538186,25.200013,25.204669,0.000282,25.200013,25.204669,0.000272,-0.000017,nan,nan,0.000000,-0.000000,0.000000,-0.000001,0.419564,4.019564,-3.597556,-0.133368,0.032611,41.997063,7.122686,-11.989506,0.046482,0.246761,14.312733,3.600000
300,0.010000,-0.071217,-0.095531,-0.083374,-0.001665,1.538450,0.000362,41.978346,10.639348,1.538548,41.978345,10.639348,1.538544,25.200124,25.204769,0.000282,25.200123,25.204769,0.000272,-0.000098,nan,nan,0.000001,-0.000001,0.000000,-0.000003,0.502892,4.102892,-3.597514,-0.134838,0.032252,41.997107,7.039357,-11.881186,0.046225,0.247228,14.919600,3.600000
310,0.010000,0.000000,0.000000,0.000000,0.000000,1.538991,0.000575,41.978345,10.639348,1.539120,41.978343,10.639348,1.539115,25.200223,25.204869,0.000282,25.200222,25.204869,0.000272,-0.000129,nan,nan,0.000002,-0.000001,0.000000,-0.000005,0.502892,4.102892,-3.597590,-0.132787,0.031681,41.997107,7.039357,-11.881186,0.045456,0.243466,15.526468,3.600000
320,0.010000,-0.122776,-0.103118,-0.112947,0.001346,1.539660,0.000698,41.974766,10.526458,1.539813,41.974764,10.526458,1.539807,25.200342,25.204969,0.000282,25.200340,25.204969,0.000272,-0.000153,nan,nan,0.000003,-0.000002,0.000000,-0.000005,0.615781,4.215781,-3.597566,-0.133933,0.030989,41.997166,6.926469,-11.734441,0.044814,0.242535,16.133335,3.600000
330,0.010000,0.000000,0.000000,0.000000,0.000000,1.540357,0.000682,41.974764,10.526458,1.540489,41.974762,10.526458,1.540485,25.200440,25.205069,0.000282,25.200439,25.205069,0.000272,-0.000132,nan,nan,0.000002,-0.000002,0.000000,-0.000005,0.615781,4.215781,-3.597656,-0.131499,0.030312,41.997166,6.926469,-11.734441,0.043906,0.238127,16.740202,3.600000
340,0.010000,-0.154505,-0.136399,-0.145452,0.001240,1.541054,0.000682,41.970354,10.381073,1.541166,41.970352,10.381073,1.541162,25.200572,25.205169,0.000282,25.200570,25.205169,0.000271,-0.000112,nan,nan,0.000002,-0.000002,0.000000,-0.000004,0.761164,4.361164,-3.597609,-0.133544,0.029634,41.997242,6.781086,-11.545459,0.043335,0.237936,17.347070,3.600000
350,0.010000,0.000000,0.000000,0.000000,0.000000,1.541731,0.000682,41.970352,10.381073,1.541844,41.970350,10.381073,1.541840,25.200670,25.205269,0.000281,25.200668,25.205269,0.000271,-0.000113,nan,nan,0.000002,-0.000002,0.000000,-0.000004,0.761164,4.361164,-3.597699,-0.131108,0.028956,41.997242,6.781086,-11.545459,0.042432,0.233595,17.953937,3.600000
360,0.010000,-0.168300,-0.177267,-0.172783,-0.000614,1.542301,0.000533,41.965348,10.208362,1.542373,41.965346,10.208362,1.542370,25.200819,25.205370,0.000281,25.200815,25.205370,0.000271,-0.000072,nan,nan,0.000001,-0.000002,0.000000,-0.000003,0.933872,4.533872,-3.597620,-0.134293,0.028426,41.997332,6.608378,-11.320960,0.042079,0.234617,18.560804,3.600000
370,0.010000,0.000000,0.000000,0.000000,0.000000,1.542858,0.000538,41.965346,10.208362,1.542908,41.965345,10.208362,1.542906,25.200915,25.205470,0.000281,25.200912,25.205469,0.000271,-0.000050,nan,nan,0.000000,-0.000001,0.000000,-0.000002,0.933872,4.533872,-3.597692,-0.132365,0.027890,41.997332,6.608378,-11.320960,0.041370,0.231249,19.167672,3.600000
380,0.010000,-0.212272,-0.171231,-0.191752,0.002811,1.543344,0.000474,41.959998,10.016685,1.543380,41.959997,10.016685,1.543379,25.201083,25.205570,0.000281,25.201077,25.205570,0.000271,-0.000036,nan,nan,0.000000,-0.000001,0.000000,-0.000001,1.125546,4.725546,-3.597602,-0.136110,0.027417,41.997432,6.416704,-11.071812,0.041087,0.232559,19.774539,3.600000
390,0.010000,0.000000,0.000000,0.000000,0.000000,1.543783,0.000431,41.959997,10.016685,1.543811,41.959996,10.016685,1.543810,25.201177,25.205670,0.000281,25.201172,25.205670,0.000271,-0.000027,nan,nan,0.000000,-0.000001,0.000000,-0.000001,1.125546,4.725546,-3.597660,-0.134562,0.026987,41.997432,6.416704,-11.071812,0.040522,0.229914,20.381406,3.600000
400,0.010000,-0.227274,-0.247104,-0.237189,-0.001358,1.544164,0.000362,41.953596,9.779582,1.544172,41.953596,9.779582,1.544172,25.201380,25.205770,0.000281,25.201372,25.205770,0.000271,-0.000007,nan,nan,0.000000,-0.000000,0.000000,-0.000000,1.362645,4.962645,-3.597531,-0.139782,0.026625,41.997556,6.179604,-10.763626,0.040407,0.232185,20.988274,3.600000
410,0.010000,0.000000,0.000000,0.000000,0.000000,1.544558,0.000384,41.953596,9.779582,1.544555,41.953596,9.779582,1.544555,25.201472,25.205870,0.000281,25.201464,25.205870,0.000271,0.000003,nan,nan,0.000000,0.000000,-0.000000,0.000000,1.362645,4.962645,-3.597585,-0.138402,0.026241,41.997556,6.179604,-10.763626,0.039909,0.229892,21.595141,3.600000
420,0.010000,-0.260727,-0.281937,-0.271332,-0.001453,1.544857,0.000272,41.946477,9.508343,1.544827,41.946478,9.508343,1.544828,25.201715,25.205970,0.000281,25.201702,25.205970,0.000271,0.000030,nan,nan,0.000000,0.000001,-0.000000,0.000001,1.633880,5.233880,-3.597430,-0.144678,0.025968,41.997697,5.908370,-10.411079,0.039890,0.232446,22.202008,3.600000
430,0.010000,0.000000,0.000000,0.000000,0.000000,1.545015,0.000112,41.946478,9.508343,1.544940,41.946481,9.508343,1.544942,25.201802,25.206070,0.000281,25.201791,25.206070,0.000271,0.000076,nan,nan,0.000001,0.000003,-0.000000,0.000003,1.633880,5.233880,-3.597447,-0.144262,0.025854,41.997697,5.908369,-10.411079,0.039743,0.231779,22.808876,3.600000
440,0.010000,-0.287972,-0.271246,-0.279609,0.001146,1.545133,0.000101,41.939253,9.228828,1.545044,41.939257,9.228827,1.545047,25.202076,25.206170,0.000281,25.202059,25.206170,0.000271,0.000090,nan,nan,0.000001,0.000004,-0.000000,0.000003,1.913392,5.513392,-3.597268,-0.151254,0.025750,41.997843,5.628858,-10.047786,0.039877,0.234533,23.415743,3.600000
450,0.010000,0.000000,0.000000,0.000000,0.000000,1.545133,0.000101,41.939257,9.228827,1.545148,41.939256,9.228827,1.545147,25.202159,25.206270,0.000281,25.202143,25.206270,0.000271,-0.000015,nan,nan,0.000000,-0.000001,0.000000,-0.000001,1.913392,5.513392,-3.597283,-0.150893,0.025649,41.997843,5.628858,-10.047786,0.039750,0.233972,24.022610,3.600000
460,0.010000,-0.294008,-0.312114,-0.303061,-0.001240,1.545293,0.000123,41.931484,8.925866,1.545270,41.931485,8.925866,1.545271,25.202476,25.206370,0.000281,25.202453,25.206370,0.000271,0.000023,nan,nan,0.000000,0.000001,-0.000000,0.000001,2.216349,5.816349,-3.597095,-0.158376,0.025526,41.998002,5.325901,-9.654037,0.039807,0.235952,24.629478,3.600000
470,0.010000,0.000000,0.000000,0.000000,0.000000,1.545391,0.000075,41.931485,8.925866,1.545345,41.931487,8.925866,1.545347,25.202553,25.206470,0.000281,25.202531,25.206470,0.000271,0.000046,nan,nan,0.000000,0.000002,-0.000000,0.000002,2.216349,5.816349,-3.597107,-0.158099,0.025449,41.998002,5.325901,-9.654037,0.039712,0.235540,25.236345,3.600000
480,0.010000,-0.334876,-0.309182,-0.322029,0.001760,1.545440,-0.000075,41.923293,8.603942,1.545272,41.923303,8.603941,1.545278,25.202914,25.206570,0.000281,25.202885,25.206570,0.000271,0.000168,nan,nan,0.000004,0.000010,-0.000000,0.000006,2.538270,6.138270,-3.596879,-0.166696,0.025518,41.998170,5.003980,-9.235662,0.039931,0.237584,25.754466,3.600000
490,0.010000,0.000000,0.000000,0.000000,0.000000,1.545248,-0.000202,41.923303,8.603941,1.545076,41.923313,8.603941,1.545082,25.202985,25.206670,0.000281,25.202957,25.206670,0.000271,0.000172,nan,nan,0.000004,0.000010,-0.000000,0.000006,2.538270,6.138270,-3.596847,-0.167391,0.025714,41.998170,5.003980,-9.235661,0.040172,0.238576,25.754465,3.600000
500,0.010000,-0.319701,-0.292628,-0.306165,0.001854,1.545133,-0.000101,41.915441,8.297878,1.544981,41.915452,8.297877,1.544986,25.203358,25.206770,0.000281,25.203322,25.206770,0.000271,0.000152,nan,nan,0.000003,0.000010,-0.000000,0.000005,2.844330,6.444330,-3.596619,-0.175755,0.025810,41.998330,4.697920,-8.837924,0.040341,0.239708,25.193799,3.600000
510,0.010000,0.000000,0.000000,0.000000,0.000000,1.545004,-0.000043,41.915452,8.297877,1.544944,41.915456,8.297877,1.544946,25.203422,25.206870,0.000281,25.203388,25.206870,0.000271,0.000060,nan,nan,0.000000,0.000004,-0.000000,0.000002,2.844330,6.444330,-3.596612,-0.175896,0.025850,41.998330,4.697920,-8.837924,0.040389,0.239901,25.193799,3.600000
520,0.010000,-0.312286,-0.383331,-0.347809,-0.004866,1.544804,-0.000192,41.906466,7.950185,1.544754,41.906469,7.950185,1.544756,25.203865,25.206971,0.000281,25.203821,25.206971,0.000271,0.000050,nan,nan,0.000000,0.000004,-0.000000,0.000002,3.192018,6.792018,-3.596335,-0.185744,0.026040,41.998511,4.350232,-8.386122,0.040584,0.240382,24.541388,3.600000
530,0.010000,0.000000,0.000000,0.000000,0.000000,1.544671,-0.000165,41.906469,7.950185,1.544591,41.906475,7.950185,1.544594,25.203921,25.207071,0.000281,25.203880,25.207070,0.000271,0.000080,nan,nan,0.000001,0.000006,-0.000000,0.000003,3.192018,6.792018,-3.596305,-0.186322,0.026203,41.998511,4.350232,-8.386122,0.040777,0.241129,24.541387,3.600000
540,0.010000,-0.321253,-0.329013,-0.325133,-0.000531,1.544424,-0.000346,41.897957,7.625164,1.544247,41.897971,7.625163,1.544254,25.204365,25.207171,0.000281,25.204314,25.207171,0.000271,0.000177,nan,nan,0.000004,0.000014,-0.000000,0.000006,3.517035,7.117035,-3.596007,-0.196215,0.026543,41.998681,4.025215,-7.963817,0.041057,0.241145,23.915483,3.600000
550,0.010000,0.000000,0.000000,0.000000,0.000000,1.544028,-0.000394,41.897971,7.625163,1.543860,41.897984,7.625163,1.543866,25.204414,25.207271,0.000281,25.204366,25.207271,0.000271,0.000168,nan,nan,0.000004,0.000013,-0.000000,0.000006,3.517035,7.117035,-3.595931,-0.197598,0.026931,41.998681,4.025215,-7.963816,0.041511,0.242845,23.915482,3.600000
560,0.010000,-0.304699,-0.334876,-0.319787,-0.002067,1.543740,-0.000266,41.889373,7.305491,1.543599,41.889385,7.305491,1.543604,25.204872,25.207371,0.000281,25.204813,25.207371,0.000271,0.000140,nan,nan,0.000002,0.000012,-0.000000,0.000005,3.836702,7.436702,-3.595636,-0.207300,0.027192,41.998848,3.705548,-7.548508,0.041616,0.241483,23.283545,3.600000
570,0.010000,0.000000,0.000000,0.000000,0.000000,1.543381,-0.000405,41.889385,7.305491,1.543199,41.889400,7.305491,1.543206,25.204913,25.207471,0.000281,25.204859,25.207471,0.000271,0.000181,nan,nan,0.000004,0.000015,-0.000000,0.000006,3.836703,7.436703,-3.595554,-0.208717,0.027590,41.998848,3.705547,-7.548507,0.042075,0.243134,23.283543,3.600000
580,0.010000,-0.315218,-0.274350,-0.294784,0.002799,1.543040,-0.000282,41.881268,7.010819,1.542924,41.881279,7.010819,1.542928,25.205354,25.207571,0.000281,25.205290,25.207571,0.000271,0.000116,nan,nan,0.000002,0.000010,-0.000000,0.000004,4.131370,7.731370,-3.595261,-0.217990,0.027869,41.999002,3.410880,-7.165727,0.042137,0.241058,22.685516,3.600000
590,0.010000,0.000000,0.000000,0.000000,0.000000,1.543053,0.000107,41.881279,7.010819,1.543034,41.881280,7.010819,1.543035,25.205390,25.207671,0.000281,25.205331,25.207671,0.000271,0.000019,nan,nan,0.000000,0.000002,-0.000000,0.000001,4.131370,7.731370,-3.595284,-0.217603,0.027761,41.999002,3.410880,-7.165727,0.042015,0.240630,22.685516,3.600000
600,0.010000,-0.271246,-0.233309,-0.252278,0.002598,1.543259,0.000240,41.874277,6.758639,1.543275,41.874276,6.758639,1.543274,25.205781,25.207771,0.000281,25.205714,25.207771,0.000271,-0.000016,nan,nan,0.000000,-0.000001,0.000000,-0.000001,4.383547,7.983547,-3.595136,-0.223876,0.027522,41.999134,3.158703,-6.838184,0.041468,0.236251,22.160977,3.600000
610,0.010000,0.000000,0.000000,0.000000,0.000000,1.543633,0.000474,41.874276,6.758639,1.543748,41.874266,6.758639,1.543744,25.205814,25.207871,0.000281,25.205751,25.207871,0.000271,-0.000115,nan,nan,0.000002,-0.000010,0.000000,-0.000004,4.383547,7.983547,-3.595241,-0.222197,0.027052,41.999134,3.158703,-6.838184,0.040941,0.234479,22.160979,3.600000
620,0.010000,-0.236413,-0.269866,-0.253140,-0.002291,1.544278,0.000714,41.867419,6.505592,1.544458,41.867402,6.505592,1.544451,25.206211,25.207972,0.000281,25.206141,25.207971,0.000271,-0.000179,nan,nan,0.000004,-0.000017,0.000000,-0.000006,4.636590,8.236590,-3.595209,-0.226647,0.026345,41.999266,2.905661,-6.509553,0.039817,0.227681,21.621912,3.600000
630,0.010000,0.000000,0.000000,0.000000,0.000000,1.545069,0.000810,41.867402,6.505592,1.545261,41.867384,6.505593,1.545254,25.206241,25.208071,0.000281,25.206175,25.208071,0.000271,-0.000192,nan,nan,0.000005,-0.000018,0.000000,-0.000007,4.636590,8.236590,-3.595390,-0.223779,0.025542,41.999266,2.905661,-6.509554,0.038928,0.224799,21.621914,3.600000
640,0.010000,-0.203133,-0.190889,-0.197011,0.000839,1.545981,0.000969,41.862353,6.308646,1.546224,41.862330,6.308647,1.546215,25.206559,25.208172,0.000281,25.206488,25.208172,0.000271,-0.000243,nan,nan,0.000007,-0.000023,0.000001,-0.000009,4.833533,8.433533,-3.595473,-0.225480,0.024581,41.999369,2.708718,-6.253802,0.037565,0.217609,21.192910,3.600000
650,0.010000,0.000000,0.000000,0.000000,0.000000,1.547075,0.001140,41.862330,6.308647,1.547355,41.862304,6.308647,1.547345,25.206588,25.208272,0.000281,25.206522,25.208272,0.000271,-0.000280,nan,nan,0.000010,-0.000026,0.000001,-0.000010,4.833533,8.433533,-3.595726,-0.221443,0.023451,41.999369,2.708718,-6.253804,0.036327,0.213713,21.192913,3.600000
660,0.010000,-0.178819,-0.156057,-0.167438,0.001559,1.548324,0.001284,41.858378,6.141255,1.548629,41.858349,6.141256,1.548618,25.206862,25.208372,0.000281,25.206793,25.208372,0.000271,-0.000304,nan,nan,0.000012,-0.000029,0.000001,-0.000011,5.000921,8.600921,-3.595912,-0.220907,0.022179,41.999456,2.541329,-6.036443,0.034649,0.205786,20.821359,3.600000
670,0.010000,0.000000,0.000000,0.000000,0.000000,1.549614,0.001289,41.858349,6.141256,1.549907,41.858322,6.141257,1.549896,25.206893,25.208472,0.000281,25.206828,25.208472,0.000271,-0.000293,nan,nan,0.000011,-0.000027,0.000001,-0.000010,5.000921,8.600921,-3.596192,-0.216336,0.020900,41.999456,2.541329,-6.036444,0.033260,0.201528,20.821362,3.600000
680,0.010000,-0.197097,-0.147090,-0.172094,0.003425,1.550909,0.001268,41.854726,5.969201,1.551164,41.854702,5.969201,1.551155,25.207173,25.208572,0.000281,25.207104,25.208572,0.000271,-0.000255,nan,nan,0.000008,-0.000024,0.000001,-0.000009,5.172974,8.772974,-3.596386,-0.215519,0.019641,41.999546,2.369277,-5.813032,0.031573,0.193336,20.432423,3.600000
690,0.010000,0.000000,0.000000,0.000000,0.000000,1.552058,0.001087,41.854702,5.969201,1.552241,41.854686,5.969202,1.552235,25.207204,25.208672,0.000281,25.207141,25.208672,0.000271,-0.000184,nan,nan,0.000004,-0.000017,0.000000,-0.000007,5.172974,8.772974,-3.596616,-0.211651,0.018561,41.999546,2.369277,-5.813033,0.030410,0.189867,20.432425,3.600000
700,0.010000,-0.159161,-0.124328,-0.141744,0.002386,1.552947,0.000820,41.852055,5.827482,1.553055,41.852045,5.827482,1.553051,25.207440,25.208772,0.000281,25.207374,25.208772,0.000271,-0.000108,nan,nan,0.000001,-0.000010,0.000000,-0.000004,5.314692,8.914692,-3.596738,-0.211429,0.017745,41.999620,2.227559,-5.629014,0.029244,0.183663,20.106417,3.600000
710,0.010000,0.000000,0.000000,0.000000,0.000000,1.553673,0.000687,41.852045,5.827482,1.553738,41.852039,5.827482,1.553736,25.207474,25.208872,0.000281,25.207412,25.208872,0.000271,-0.000066,nan,nan,0.000001,-0.000006,0.000000,-0.000002,5.314692,8.914692,-3.596882,-0.208972,0.017060,41.999620,2.227559,-5.629014,0.028512,0.181529,20.106417,3.600000
720,0.010000,-0.110533,-0.078804,-0.094669,0.002173,1.554329,0.000639,41.850424,5.732827,1.554375,41.850420,5.732827,1.554374,25.207642,25.208972,0.000281,25.207580,25.208972,0.000271,-0.000047,nan,nan,0.000000,-0.000004,0.000000,-0.000002,5.409345,9.009345,-3.596986,-0.208347,0.016423,41.999669,2.132905,-5.506110,0.027629,0.177034,19.885705,3.600000
730,0.010000,0.000000,0.000000,0.000000,0.000000,1.554914,0.000554,41.850420,5.732827,1.554928,41.850419,5.732827,1.554927,25.207680,25.209072,0.000281,25.207623,25.209072,0.000271,-0.000013,nan,nan,0.000000,-0.000001,0.000000,-0.000000,5.409345,9.009345,-3.597101,-0.206357,0.015869,41.999669,2.132905,-5.506110,0.027040,0.175343,19.885705,3.600000
740,0.010000,-0.075873,-0.054491,-0.065182,0.001465,1.555360,0.000405,41.849385,5.667654,1.555332,41.849387,5.667654,1.555333,25.207808,25.209172,0.000281,25.207752,25.209172,0.000271,0.000028,nan,nan,0.000000,0.000002,-0.000000,0.000001,5.474518,9.074518,-3.597167,-0.205963,0.015463,41.999703,2.067732,-5.421487,0.026465,0.172319,19.732301,3.600000
750,0.010000,0.000000,0.000000,0.000000,0.000000,1.555626,0.000218,41.849387,5.667654,1.555551,41.849393,5.667654,1.555554,25.207852,25.209272,0.000281,25.207800,25.209272,0.000271,0.000075,nan,nan,0.000001,0.000006,-0.000000,0.000003,5.474519,9.074519,-3.597213,-0.205162,0.015242,41.999703,2.067732,-5.421486,0.026231,0.171649,19.732300,3.600000
760,0.010000,-0.045351,-0.039488,-0.042420,0.000402,1.555735,0.000069,41.848746,5.625239,1.555623,41.848755,5.625238,1.555627,25.207953,25.209372,0.000281,25.207902,25.209372,0.000271,0.000112,nan,nan,0.000002,0.000009,-0.000000,0.000004,5.516933,9.116933,-3.597217,-0.205558,0.015169,41.999726,2.025317,-5.366413,0.026057,0.170233,19.631821,3.600000
770,0.010000,0.000000,0.000000,0.000000,0.000000,1.555674,-0.000123,41.848755,5.625238,1.555505,41.848768,5.625238,1.555511,25.208002,25.209472,0.000281,25.207955,25.209472,0.000271,0.000169,nan,nan,0.000004,0.000013,-0.000000,0.000006,5.516934,9.116934,-3.597194,-0.205964,0.015286,41.999726,2.025317,-5.366412,0.026180,0.170569,19.529120,3.600000
780,0.010000,-0.030349,-0.031729,-0.031039,-0.000094,1.555436,-0.000261,41.848294,5.594203,1.555250,41.848308,5.594203,1.555256,25.208092,25.209572,0.000281,25.208047,25.209572,0.000271,0.000186,nan,nan,0.000004,0.000014,-0.000000,0.000007,5.547969,9.147969,-3.597134,-0.207356,0.015540,41.999742,1.994281,-5.326115,0.026377,0.170432,19.477770,3.600000
790,0.010000,0.000000,0.000000,0.000000,0.000000,1.555217,-0.000202,41.848308,5.594203,1.555054,41.848320,5.594202,1.555060,25.208147,25.209672,0.000281,25.208105,25.209671,0.000271,0.000163,nan,nan,0.000003,0.000012,-0.000000,0.000006,5.547970,9.147970,-3.597093,-0.208051,0.015737,41.999742,1.994281,-5.326114,0.026584,0.171003,19.477770,3.600000
800,0.010000,-0.042420,-0.034833,-0.038626,0.000520,1.555103,-0.000096,41.847712,5.555581,1.554964,41.847722,5.555581,1.554969,25.208248,25.209772,0.000281,25.208208,25.209771,0.000271,0.000139,nan,nan,0.000002,0.000010,-0.000000,0.000005,5.586591,9.186591,-3.597064,-0.208996,0.015827,41.999762,1.955659,-5.275970,0.026592,0.170163,19.426420,3.600000
810,0.010000,0.000000,0.000000,0.000000,0.000000,1.555104,-0.000000,41.847722,5.555581,1.554969,41.847732,5.555580,1.554974,25.208308,25.209871,0.000281,25.208270,25.209871,0.000271,0.000135,nan,nan,0.000002,0.000009,-0.000000,0.000005,5.586591,9.186591,-3.597065,-0.208969,0.015823,41.999762,1.955659,-5.275969,0.026586,0.170141,19.426420,3.600000
820,0.010000,-0.042420,-0.039488,-0.040954,0.000201,1.555196,0.000107,41.847084,5.514631,1.555080,41.847091,5.514631,1.555084,25.208414,25.209971,0.000281,25.208377,25.209971,0.000271,0.000116,nan,nan,0.000002,0.000008,-0.000000,0.000004,5.627540,9.227540,-3.597077,-0.209233,0.015712,41.999783,1.914710,-5.222805,0.026375,0.168639,19.367360,3.600000
830,0.010000,0.000000,0.000000,0.000000,0.000000,1.555370,0.000197,41.847091,5.514631,1.555281,41.847097,5.514631,1.555285,25.208477,25.210071,0.000281,25.208444,25.210071,0.000271,0.000089,nan,nan,0.000001,0.000006,-0.000000,0.000003,5.627540,9.227540,-3.597119,-0.208506,0.015512,41.999783,1.914710,-5.222804,0.026164,0.168054,19.367359,3.600000
840,0.010000,-0.053111,-0.045524,-0.049317,0.000520,1.555626,0.000266,41.846332,5.465319,1.555551,41.846337,5.465319,1.555554,25.208593,25.210171,0.000281,25.208560,25.210171,0.000271,0.000075,nan,nan,0.000001,0.000005,-0.000000,0.000003,5.676851,9.276851,-3.597163,-0.208325,0.015243,41.999809,1.865399,-5.158784,0.025767,0.165849,19.248293,3.600000
850,0.010000,0.000000,0.000000,0.000000,0.000000,1.555999,0.000415,41.846337,5.465319,1.555969,41.846339,5.465319,1.555970,25.208660,25.210271,0.000281,25.208629,25.210271,0.000271,0.000030,nan,nan,0.000000,0.000002,-0.000000,0.000001,5.676851,9.276851,-3.597249,-0.206824,0.014826,41.999809,1.865399,-5.158784,0.025330,0.164655,19.248292,3.600000
860,0.010000,-0.053111,-0.045351,-0.049231,0.000531,1.556458,0.000453,41.845609,5.416093,1.556423,41.845611,5.416093,1.556424,25.208777,25.210371,0.000281,25.208746,25.210371,0.000271,0.000035,nan,nan,0.000000,0.000002,-0.000000,0.000001,5.726077,9.326077,-3.597332,-0.205944,0.014372,41.999835,1.816173,-5.094876,0.024739,0.161923,19.128695,3.600000
870,0.010000,0.000000,0.000000,0.000000,0.000000,1.556849,0.000368,41.845611,5.416093,1.556792,41.845615,5.416093,1.556794,25.208846,25.210471,0.000281,25.208818,25.210471,0.000271,0.000057,nan,nan,0.000000,0.000003,-0.000000,0.000002,5.726077,9.326077,-3.597408,-0.204612,0.014003,41.999835,1.816173,-5.094876,0.024352,0.160875,19.128695,3.600000
880,0.010000,-0.062078,-0.056043,-0.059060,0.000413,1.557183,0.000325,41.844788,5.357039,1.557119,41.844792,5.357039,1.557121,25.208973,25.210571,0.000281,25.208945,25.210571,0.000271,0.000065,nan,nan,0.000001,0.000004,-0.000000,0.000002,5.785131,9.385131,-3.597462,-0.204288,0.013675,41.999866,1.757119,-5.018209,0.023870,0.158204,18.984225,3.600000
890,0.010000,0.000000,0.000000,0.000000,0.000000,1.557503,0.000304,41.844792,5.357039,1.557425,41.844796,5.357039,1.557427,25.209045,25.210671,0.000281,25.209018,25.210671,0.000271,0.000078,nan,nan,0.000001,0.000005,-0.000000,0.000003,5.785131,9.385131,-3.597525,-0.203181,0.013369,41.999866,1.757119,-5.018208,0.023550,0.157347,18.984225,3.600000
900,0.010000,-0.077252,-0.071390,-0.074321,0.000402,1.557755,0.000234,41.843803,5.282724,1.557662,41.843808,5.282724,1.557665,25.209185,25.210771,0.000281,25.209158,25.210771,0.000271,0.000093,nan,nan,0.000001,0.000005,-0.000000,0.000003,5.859445,9.459445,-3.597559,-0.203353,0.013131,41.999905,1.682805,-4.921732,0.023124,0.154452,18.800851,3.600000
910,0.010000,0.000000,0.000000,0.000000,0.000000,1.557970,0.000218,41.843808,5.282724,1.557883,41.843813,5.282724,1.557887,25.209258,25.210871,0.000281,25.209234,25.210871,0.000271,0.000087,nan,nan,0.000001,0.000005,-0.000000,0.000003,5.859445,9.459445,-3.597604,-0.202552,0.012910,41.999905,1.682805,-4.921731,0.022894,0.153843,18.800850,3.600000
920,0.010000,-0.103118,-0.075701,-0.089409,0.001878,1.558153,0.000165,41.842659,5.193322,1.558052,41.842664,5.193322,1.558055,25.209412,25.210971,0.000281,25.209386,25.210971,0.000271,0.000102,nan,nan,0.000001,0.000006,-0.000000,0.000004,5.948847,9.548847,-3.597622,-0.203140,0.012741,41.999951,1.593404,-4.805673,0.022500,0.150652,18.577859,3.600000
930,0.010000,0.000000,0.000000,0.000000,0.000000,1.558284,0.000112,41.842664,5.193322,1.558167,41.842671,5.193322,1.558171,25.209486,25.211071,0.000281,25.209462,25.211071,0.000271,0.000117,nan,nan,0.000002,0.000006,-0.000000,0.000004,5.948847,9.548847,-3.597646,-0.202716,0.012625,41.999951,1.593404,-4.805673,0.022380,0.150337,18.475158,3.600000
940,0.010000,-0.122776,-0.145538,-0.134157,-0.001559,1.558406,0.000123,41.840977,5.059175,1.558294,41.840984,5.059175,1.558298,25.209680,25.211171,0.000281,25.209653,25.211171,0.000271,0.000112,nan,nan,0.000002,0.000006,-0.000000,0.000004,6.082993,9.682993,-3.556910,-0.203487,0.012499,42.000000,1.500000,-4.631544,0.021884,0.145441,18.238176,3.600000
950,0.010000,0.000000,0.000000,0.000000,0.000000,1.558524,0.000101,41.840984,5.059175,1.558399,41.840991,5.059175,1.558403,25.209753,25.211271,0.000281,25.209729,25.211271,0.000271,0.000125,nan,nan,0.000002,0.000007,-0.000000,0.000004,6.082993,9.682993,-3.556931,-0.203104,0.012393,42.000000,1.500000,-4.631543,0.021776,0.145168,18.032775,3.600000
960,0.010000,-0.128812,-0.130364,-0.129588,-0.000106,1.558615,0.000080,41.839385,4.929598,1.558483,41.839392,4.929597,1.558488,25.209943,25.211371,0.000281,25.209916,25.211371,0.000271,0.000132,nan,nan,0.000002,0.000008,-0.000000,0.000005,6.212570,9.812570,-3.427361,-0.202807,0.012308,42.000000,1.500000,-4.463363,0.021268,0.139691,17.776023,3.600000
10,0.010000,0.000000,0.000000,0.000000,0.000000,0.977631,-0.001790,41.771607,4.399420,0.977794,41.771607,4.399420,0.977788,25.224163,25.225752,0.000281,25.224162,25.225752,0.000271,-0.000163,nan,nan,0.000003,-0.000000,0.000000,-0.000006,0.389860,3.989860,-2.868990,-2.176051,-0.192390,41.972767,0.804169,-0.016635,-0.157313,0.005586,0.051350,3.600000
20,0.010000,0.012071,-0.019658,-0.003794,-0.002173,0.975875,-0.001683,41.769487,4.396274,0.976105,41.769486,4.396274,0.976097,25.224263,25.225852,0.000281,25.224263,25.225852,0.000271,-0.000230,nan,nan,0.000007,-0.000000,0.000000,-0.000008,0.392932,3.992932,-2.863996,-2.182701,-0.190698,41.972871,0.801098,-0.049760,-0.155032,0.016761,0.154051,3.600000
30,0.010000,0.000000,0.000000,0.000000,0.000000,0.974671,-0.001049,41.769486,4.396274,0.975047,41.769486,4.396275,0.975034,25.224363,25.225952,0.000281,25.224363,25.225952,0.000271,-0.000376,nan,nan,0.000018,-0.000001,0.000000,-0.000013,0.392932,3.992932,-2.861675,-2.185744,-0.189636,41.972871,0.801098,-0.099406,-0.152819,0.033530,0.308102,3.600000
40,0.010000,0.006208,-0.009139,-0.001466,-0.001051,0.974039,-0.000506,41.768663,4.395062,0.974528,41.768662,4.395062,0.974511,25.224463,25.226052,0.000281,25.224463,25.226052,0.000271,-0.000489,nan,nan,0.000030,-0.000001,0.000000,-0.000017,0.394116,3.994116,-2.860021,-2.187939,-0.189112,41.972911,0.799915,-0.165514,-0.150601,0.055885,0.513503,3.600000
50,0.010000,0.000000,0.000000,0.000000,0.000000,0.973960,0.000075,41.768662,4.395062,0.974585,41.768661,4.395063,0.974563,25.224563,25.226152,0.000281,25.224563,25.226152,0.000271,-0.000625,nan,nan,0.000050,-0.000001,0.000001,-0.000022,0.394116,3.994116,-2.860136,-2.187791,-0.189165,41.972911,0.799915,-0.248285,-0.148409,0.083827,0.770255,3.600000
60,0.010000,0.000000,-0.003104,-0.001552,-0.000213,0.974423,0.000570,41.767790,4.393778,0.975133,41.767789,4.393779,0.975108,25.224663,25.226252,0.000281,25.224663,25.226252,0.000271,-0.000709,nan,nan,0.000064,-0.000001,0.000001,-0.000025,0.395369,3.995369,-2.860787,-2.186972,-0.189709,41.972954,0.798663,-0.347649,-0.146175,0.117330,1.078357,3.600000
70,0.010000,0.000000,0.000000,0.000000,0.000000,0.975097,0.000682,41.767789,4.393779,0.975789,41.767787,4.393780,0.975765,25.224763,25.226352,0.000281,25.224762,25.226352,0.000271,-0.000693,nan,nan,0.000061,-0.000001,0.000001,-0.000025,0.395369,3.995369,-2.862224,-2.185093,-0.190366,41.972954,0.798663,-0.463859,-0.143587,0.156416,1.437809,3.600000
80,0.010000,0.000000,0.000000,0.000000,0.000000,0.975711,0.000559,41.767787,4.393780,0.976324,41.767786,4.393780,0.976302,25.224862,25.226452,0.000281,25.224862,25.226452,0.000271,-0.000613,nan,nan,0.000048,-0.000001,0.000001,-0.000022,0.395369,3.995369,-2.863397,-2.183556,-0.190904,41.972954,0.798663,-0.596735,-0.140455,0.201081,1.848611,3.600000
90,0.010000,0.000000,0.000000,0.000000,0.000000,0.976078,0.000288,41.767786,4.393780,0.976590,41.767786,4.393780,0.976571,25.224962,25.226552,0.000281,25.224962,25.226552,0.000271,-0.000511,nan,nan,0.000033,-0.000001,0.000000,-0.000018,0.395369,3.995369,-2.863985,-2.182785,-0.191173,41.972954,0.798663,-0.746135,-0.136655,0.251335,2.310764,3.600000
100,0.010000,0.002931,0.000000,0.001466,-0.000201,0.976086,-0.000085,41.768606,4.394995,0.976486,41.768606,4.394995,0.976472,25.225062,25.226652,0.000281,25.225062,25.226652,0.000271,-0.000400,nan,nan,0.000020,-0.000001,0.000000,-0.000014,0.395369,3.995369,-2.865234,-2.183071,-0.191074,41.972954,0.798663,-0.911844,-0.132105,0.307195,2.824267,3.600000
110,0.010000,0.000000,0.000000,0.000000,0.000000,0.975843,-0.000266,41.768606,4.394995,0.976206,41.768605,4.394996,0.976193,25.225162,25.226752,0.000281,25.225162,25.226752,0.000271,-0.000363,nan,nan,0.000017,-0.000001,0.000000,-0.000013,0.395369,3.995369,-2.864624,-2.183871,-0.190795,41.972954,0.798663,-1.093884,-0.126959,0.368658,3.389121,3.600000
120,0.010000,0.000000,0.000000,0.000000,0.000000,0.975598,-0.000234,41.768605,4.394996,0.975958,41.768605,4.394996,0.975946,25.225262,25.226852,0.000281,25.225262,25.226852,0.000271,-0.000360,nan,nan,0.000016,-0.000000,0.000000,-0.000013,0.395369,3.995369,-2.864084,-2.184580,-0.190547,41.972954,0.798663,-1.289415,-0.121473,0.434696,3.995988,3.600000
130,0.010000,0.000000,0.000000,0.000000,0.000000,0.975434,-0.000128,41.768605,4.394996,0.975818,41.768604,4.394996,0.975804,25.225362,25.226952,0.000281,25.225362,25.226952,0.000271,-0.000384,nan,nan,0.000019,-0.000001,0.000000,-0.000014,0.395369,3.995369,-2.863775,-2.184986,-0.190406,41.972954,0.798663,-1.485011,-0.116074,0.500729,4.602855,3.600000
140,0.010000,0.000000,0.000000,0.000000,0.000000,0.975468,0.000075,41.768604,4.394996,0.975879,41.768604,4.394996,0.975864,25.225462,25.227052,0.000281,25.225462,25.227052,0.000271,-0.000410,nan,nan,0.000021,-0.000001,0.000000,-0.000015,0.395369,3.995369,-2.863906,-2.184815,-0.190466,41.972954,0.798663,-1.680911,-0.110843,0.566741,5.209723,3.600000
150,0.010000,0.000000,0.000000,0.000000,0.000000,0.975468,0.000075,41.768604,4.394996,0.975939,41.768603,4.394997,0.975922,25.225562,25.227152,0.000281,25.225562,25.227152,0.000271,-0.000470,nan,nan,0.000028,-0.000001,0.000000,-0.000017,0.395369,3.995369,-2.864032,-2.184650,-0.190524,41.972954,0.798663,-1.876832,-0.105609,0.632750,5.816590,3.600000
160,0.010000,0.000000,0.000000,0.000000,0.000000,0.975622,0.000170,41.768603,4.394997,0.976092,41.768603,4.394997,0.976076,25.225662,25.227252,0.000281,25.225662,25.227252,0.000271,-0.000470,nan,nan,0.000028,-0.000001,0.000000,-0.000017,0.395369,3.995369,-2.864368,-2.184210,-0.190677,41.972954,0.798663,-2.072992,-0.100456,0.698742,6.423457,3.600000
170,0.010000,0.000000,0.000000,0.000000,0.000000,0.975754,0.000112,41.768603,4.394997,0.976187,41.768602,4.394997,0.976172,25.225762,25.227352,0.000281,25.225762,25.227352,0.000271,-0.000433,nan,nan,0.000024,-0.000000,0.000000,-0.000015,0.395369,3.995369,-2.864578,-2.183934,-0.190774,41.972954,0.798663,-2.269076,-0.095255,0.764740,7.030325,3.600000
180,0.010000,0.000000,0.000000,0.000000,0.000000,0.975782,-0.000000,41.768602,4.394997,0.976172,41.768602,4.394997,0.976158,25.225862,25.227452,0.000281,25.225862,25.227452,0.000271,-0.000390,nan,nan,0.000019,-0.000000,0.000000,-0.000014,0.395369,3.995369,-2.864548,-2.183975,-0.190760,41.972954,0.798663,-2.464908,-0.089963,0.830756,7.637192,3.600000
190,0.010000,0.000000,0.000000,0.000000,0.000000,0.975685,-0.000128,41.768602,4.394997,0.976030,41.768601,4.394998,0.976018,25.225962,25.227552,0.000281,25.225962,25.227552,0.000271,-0.000345,nan,nan,0.000015,-0.000000,0.000000,-0.000012,0.395369,3.995369,-2.864242,-2.184377,-0.190620,41.972954,0.798663,-2.660373,-0.084564,0.896799,8.244059,3.600000
200,0.010000,0.000000,0.000000,0.000000,0.000000,0.975509,-0.000181,41.768601,4.394998,0.975837,41.768601,4.394998,0.975825,25.226062,25.227652,0.000281,25.226062,25.227652,0.000271,-0.000328,nan,nan,0.000014,-0.000000,0.000000,-0.000012,0.395369,3.995369,-2.863820,-2.184929,-0.190427,41.972954,0.798663,-2.855617,-0.079121,0.962858,8.850927,3.600000
210,0.010000,0.000000,0.000000,0.000000,0.000000,0.975362,-0.000128,41.768601,4.394998,0.975697,41.768601,4.394998,0.975685,25.226162,25.227752,0.000281,25.226162,25.227752,0.000271,-0.000335,nan,nan,0.000014,-0.000000,0.000000,-0.000012,0.395369,3.995369,-2.863515,-2.185330,-0.190287,41.972954,0.798663,-3.050953,-0.073723,1.028910,9.457794,3.600000
220,0.010000,0.000000,-0.002931,-0.001466,-0.000201,0.975293,-0.000053,41.767779,4.393784,0.975632,41.767779,4.393784,0.975620,25.226262,25.227852,0.000281,25.226262,25.227852,0.000271,-0.000339,nan,nan,0.000015,-0.000000,0.000000,-0.000012,0.395369,3.995369,-2.861906,-2.185517,-0.190222,41.972954,0.798663,-3.246491,-0.068386,1.094948,10.064661,3.600000
230,0.010000,0.000000,0.000000,0.000000,0.000000,0.975291,-0.000000,41.767779,4.393784,0.975620,41.767778,4.393784,0.975608,25.226362,25.227952,0.000281,25.226362,25.227952,0.000271,-0.000329,nan,nan,0.000014,-0.000000,0.000000,-0.000012,0.395369,3.995369,-2.861881,-2.185551,-0.190210,41.972954,0.798663,-3.442200,-0.063095,1.160973,10.671529,3.600000
240,0.010000,0.000000,-0.003104,-0.001552,-0.000213,0.975222,-0.000096,41.766908,4.392499,0.975512,41.766908,4.392500,0.975502,25.226462,25.228052,0.000281,25.226462,25.228052,0.000271,-0.000290,nan,nan,0.000011,-0.000000,0.000000,-0.000010,0.396617,3.996617,-2.861106,-2.186590,-0.190104,41.972996,0.797415,-3.635929,-0.057734,1.226896,11.278396,3.600000
250,0.010000,0.000000,0.000000,0.000000,0.000000,0.974998,-0.000266,41.766908,4.392500,0.975236,41.766908,4.392500,0.975227,25.226562,25.228152,0.000281,25.226562,25.228152,0.000271,-0.000237,nan,nan,0.000007,-0.000000,0.000000,-0.000008,0.396617,3.996617,-2.860506,-2.187376,-0.189829,41.972996,0.797415,-3.830438,-0.052220,1.292995,11.885264,3.600000
260,0.010000,0.000000,-0.012071,-0.006035,-0.000827,0.974638,-0.000389,41.763522,4.387503,0.974838,41.763522,4.387504,0.974831,25.226662,25.228252,0.000281,25.226662,25.228252,0.000271,-0.000200,nan,nan,0.000005,-0.000000,0.000000,-0.000007,0.401496,4.001496,-2.857546,-2.191380,-0.189433,41.973161,0.792539,-4.017376,-0.046649,1.358580,12.492131,3.600000
270,0.010000,0.000000,0.000000,0.000000,0.000000,0.974169,-0.000511,41.763522,4.387504,0.974320,41.763522,4.387504,0.974315,25.226762,25.228352,0.000281,25.226762,25.228352,0.000271,-0.000151,nan,nan,0.000003,-0.000000,0.000000,-0.000005,0.401496,4.001496,-2.856414,-2.192856,-0.188916,41.973161,0.792539,-4.210200,-0.040932,1.424748,13.098998,3.600000
280,0.010000,0.000000,-0.015175,-0.007587,-0.001039,0.973563,-0.000645,41.759260,4.381226,0.973670,41.759259,4.381227,0.973666,25.226862,25.228452,0.000281,25.226862,25.228452,0.000271,-0.000107,nan,nan,0.000001,-0.000000,0.000000,-0.000004,0.407625,4.007625,-2.852353,-2.198319,-0.188268,41.973369,0.786414,-4.392662,-0.035164,1.490196,13.705866,3.600000
290,0.010000,0.000000,0.000000,0.000000,0.000000,0.972890,-0.000682,41.759259,4.381227,0.972985,41.759259,4.381227,0.972981,25.226962,25.228552,0.000281,25.226962,25.228552,0.000271,-0.000094,nan,nan,0.000001,-0.000000,0.000000,-0.000003,0.407625,4.007625,-2.850846,-2.200273,-0.187583,41.973369,0.786414,-4.583787,-0.029305,1.556417,14.312733,3.600000
300,0.010000,0.000000,-0.021210,-0.010605,-0.001453,0.972192,-0.000703,41.753290,4.372461,0.972278,41.753290,4.372461,0.972275,25.227063,25.228652,0.000281,25.227063,25.228652,0.000271,-0.000086,nan,nan,0.000001,-0.000000,0.000000,-0.000003,0.416184,4.016184,-2.845590,-2.207337,-0.186877,41.973658,0.777860,-4.760094,-0.023521,1.621471,14.919600,3.600000
310,0.010000,0.000000,0.000000,0.000000,0.000000,0.971440,-0.000772,41.753290,4.372461,0.971503,41.753290,4.372461,0.971500,25.227163,25.228752,0.000281,25.227163,25.228752,0.000271,-0.000062,nan,nan,0.000000,-0.000000,0.000000,-0.000002,0.416184,4.016184,-2.843880,-2.209540,-0.186102,41.973658,0.777860,-4.949605,-0.017587,1.687709,15.526468,3.600000
320,0.010000,-0.002931,-0.033281,-0.018106,-0.002079,0.970615,-0.000847,41.743077,4.357510,0.970654,41.743077,4.357510,0.970652,25.227263,25.228852,0.000281,25.227263,25.228852,0.000271,-0.000039,nan,nan,0.000000,-0.000000,0.000000,-0.000001,0.430780,4.030780,-2.835658,-2.220583,-0.185254,41.974152,0.763272,-5.111935,-0.011767,1.751771,16.133335,3.600000
330,0.010000,0.000000,0.000000,0.000000,0.000000,0.969636,-0.001028,41.743077,4.357510,0.969624,41.743077,4.357510,0.969625,25.227363,25.228952,0.000281,25.227363,25.228952,0.000271,0.000012,nan,nan,0.000000,0.000000,-0.000000,0.000000,0.430780,4.030780,-2.833375,-2.223496,-0.184226,41.974152,0.763272,-5.298411,-0.005621,1.818055,16.740202,3.600000
340,0.010000,-0.009139,-0.059146,-0.034143,-0.003425,0.968488,-0.001193,41.723766,4.329354,0.968431,41.723766,4.329354,0.968433,25.227464,25.229052,0.000281,25.227464,25.229052,0.000271,0.000057,nan,nan,0.000000,0.000000,-0.000000,0.000002,0.458267,4.058267,-2.818691,-2.243160,-0.183035,41.975083,0.735801,-5.430492,0.000299,1.879855,17.347070,3.600000
350,0.010000,0.000000,0.000000,0.000000,0.000000,0.967165,-0.001369,41.723766,4.329354,0.967065,41.723766,4.329353,0.967068,25.227564,25.229152,0.000281,25.227564,25.229152,0.000271,0.000100,nan,nan,0.000001,0.000000,-0.000000,0.000004,0.458267,4.058267,-2.815626,-2.247006,-0.181670,41.975083,0.735800,-5.612358,0.006722,1.946142,17.953937,3.600000
360,0.010000,-0.027245,-0.056043,-0.041644,-0.001972,0.965690,-0.001481,41.700124,4.295071,0.965587,41.700125,4.295071,0.965591,25.227665,25.229253,0.000281,25.227665,25.229253,0.000271,0.000103,nan,nan,0.000001,0.000000,-0.000000,0.000004,0.491730,4.091730,-2.797519,-2.271059,-0.180193,41.976215,0.702357,-5.597184,0.009174,1.961657,18.560804,3.600000
370,0.010000,0.000000,0.000000,0.000000,0.000000,0.964157,-0.001587,41.700125,4.295071,0.964004,41.700125,4.295070,0.964009,25.227765,25.229353,0.000281,25.227765,25.229353,0.000271,0.000153,nan,nan,0.000003,0.000001,-0.000000,0.000005,0.491730,4.091730,-2.793923,-2.275481,-0.178611,41.976215,0.702356,-5.597184,0.010777,1.965476,19.167672,3.600000
380,0.010000,-0.030349,-0.081908,-0.056129,-0.003531,0.962545,-0.001630,41.668119,4.248962,0.962379,41.668120,4.248961,0.962385,25.227868,25.229454,0.000281,25.227868,25.229454,0.000271,0.000165,nan,nan,0.000003,0.000001,-0.000001,0.000006,0.536730,4.136730,-2.770129,-2.306878,-0.176987,41.977738,0.657382,-5.540473,0.012663,1.972407,19.774539,3.600000
390,0.010000,0.000000,0.000000,0.000000,0.000000,0.960925,-0.001630,41.668120,4.248961,0.960755,41.668120,4.248960,0.960761,25.227968,25.229554,0.000281,25.227968,25.229554,0.000271,0.000170,nan,nan,0.000004,0.000001,-0.000001,0.000006,0.536731,4.136731,-2.766380,-2.311373,-0.175363,41.977738,0.657382,-5.540473,0.014302,1.976250,19.947659,3.600000
400,0.010000,-0.048455,-0.084840,-0.066647,-0.002492,0.959275,-0.001657,41.629938,4.194334,0.959105,41.629940,4.194334,0.959111,25.228073,25.229656,0.000281,25.228072,25.229656,0.000271,0.000171,nan,nan,0.000004,0.000001,-0.000001,0.000006,0.590034,4.190034,-2.738491,-2.347893,-0.173713,41.979542,0.604109,-5.473815,0.016221,1.983323,19.827300,3.600000
410,0.010000,0.000000,0.000000,0.000000,0.000000,0.957617,-0.001667,41.629940,4.194334,0.957444,41.629941,4.194333,0.957450,25.228172,25.229756,0.000281,25.228172,25.229756,0.000271,0.000174,nan,nan,0.000004,0.000001,-0.000001,0.000006,0.590035,4.190035,-2.734588,-2.352437,-0.172052,41.979542,0.604108,-5.473814,0.017890,1.987161,19.827298,3.600000
420,0.010000,-0.072769,-0.097083,-0.084926,-0.001665,0.955929,-0.001688,41.581057,4.124887,0.955761,41.581058,4.124886,0.955767,25.228280,25.229860,0.000281,25.228279,25.229860,0.000271,0.000168,nan,nan,0.000004,0.000001,-0.000001,0.000006,0.657788,4.257788,-2.699683,-2.397833,-0.170369,41.981835,0.536394,-5.389938,0.019855,1.994471,19.674803,3.600000
430,0.010000,0.000000,0.000000,0.000000,0.000000,0.954264,-0.001699,41.581058,4.124886,0.954068,41.581060,4.124885,0.954075,25.228379,25.229960,0.000281,25.228379,25.229959,0.000271,0.000196,nan,nan,0.000005,0.000002,-0.000001,0.000007,0.657789,4.257789,-2.695623,-2.402397,-0.168677,41.981835,0.536393,-5.389936,0.021546,1.998266,19.674800,3.600000
440,0.010000,-0.080356,-0.118120,-0.099238,-0.002587,0.952586,-0.001710,41.523664,4.043928,0.952365,41.523666,4.043926,0.952373,25.228491,25.230065,0.000281,25.228490,25.230065,0.000271,0.000220,nan,nan,0.000006,0.000002,-0.000002,0.000008,0.736758,4.336758,-2.655049,-2.454744,-0.166975,41.984508,0.457469,-5.293448,0.023501,2.005256,19.497901,3.600000
450,0.010000,0.000000,0.000000,0.000000,0.000000,0.950890,-0.001688,41.523666,4.043926,0.950685,41.523668,4.043925,0.950692,25.228590,25.230165,0.000281,25.228589,25.230164,0.000271,0.000205,nan,nan,0.000005,0.000002,-0.000001,0.000007,0.736760,4.336760,-2.650920,-2.459202,-0.165294,41.984508,0.457467,-5.293446,0.025171,2.008897,19.497897,3.600000
460,0.010000,-0.092427,-0.122776,-0.107602,-0.002079,0.949260,-0.001662,41.461139,3.956357,0.949030,41.461142,3.956355,0.949038,25.228705,25.230272,0.000281,25.228703,25.230272,0.000271,0.000230,nan,nan,0.000007,0.000003,-0.000002,0.000008,0.822164,4.422164,-2.606946,-2.515467,-0.163640,41.987399,0.372112,-5.190747,0.027014,2.014992,19.307830,3.600000
470,0.010000,0.000000,0.000000,0.000000,0.000000,0.947591,-0.001662,41.461142,3.956355,0.947377,41.461144,3.956353,0.947384,25.228803,25.230372,0.000281,25.228802,25.230371,0.000271,0.000215,nan,nan,0.000006,0.000003,-0.000002,0.000008,0.822166,4.422166,-2.602783,-2.519774,-0.161986,41.987399,0.372110,-5.190744,0.028647,2.018441,19.307825,3.600000
480,0.010000,-0.091048,-0.133467,-0.112257,-0.002905,0.946009,-0.001507,41.395607,3.865212,0.945877,41.395609,3.865211,0.945882,25.228922,25.230481,0.000281,25.228920,25.230480,0.000271,0.000132,nan,nan,0.000002,0.000002,-0.000001,0.000005,0.911038,4.511038,-2.557011,-2.577913,-0.160483,41.990407,0.283289,-4.992810,0.027305,1.986270,19.111709,3.600000
490,0.010000,0.000000,0.000000,0.000000,0.000000,0.944649,-0.001326,41.395609,3.865211,0.944555,41.395611,3.865210,0.944559,25.229020,25.230580,0.000281,25.229018,25.230579,0.000271,0.000094,nan,nan,0.000001,0.000001,-0.000001,0.000003,0.911039,4.511039,-2.553600,-2.581292,-0.159160,41.990407,0.283288,-4.986936,0.028411,1.986534,19.111707,3.600000
500,0.010000,-0.115189,-0.134847,-0.125018,-0.001346,0.943287,-0.001252,41.322338,3.763915,0.943307,41.322337,3.763915,0.943306,25.229143,25.230692,0.000281,25.229141,25.230691,0.000271,-0.000020,nan,nan,0.000000,-0.000000,0.000000,-0.000001,1.009795,4.609795,-2.503282,-2.644986,-0.157908,41.993749,0.184589,-4.761104,0.025985,1.943372,18.896167,3.600000
510,0.010000,0.000000,0.000000,0.000000,0.000000,0.942158,-0.001049,41.322337,3.763915,0.942257,41.322336,3.763917,0.942253,25.229241,25.230791,0.000281,25.229239,25.230790,0.000271,-0.000098,nan,nan,0.000001,-0.000002,0.000001,-0.000004,1.009795,4.609795,-2.500496,-2.647622,-0.156855,41.993749,0.184589,-4.756835,0.026864,1.943565,18.896171,3.600000
520,0.010000,-0.122604,-0.139330,-0.130967,-0.001146,0.941186,-0.000911,41.245331,3.657979,0.941342,41.245328,3.657982,0.941337,25.229369,25.230905,0.000281,25.229366,25.230904,0.000271,-0.000156,nan,nan,0.000003,-0.000003,0.000002,-0.000006,1.113062,4.713062,-2.448472,-2.713381,-0.155939,41.997244,0.081381,-4.535106,0.024050,1.898992,18.673965,3.600000
530,0.010000,0.000000,0.000000,0.000000,0.000000,0.940412,-0.000735,41.245328,3.657982,0.940602,41.245325,3.657984,0.940595,25.229466,25.231004,0.000281,25.229463,25.231002,0.000271,-0.000190,nan,nan,0.000005,-0.000004,0.000003,-0.000007,1.113062,4.713062,-2.446458,-2.715201,-0.155197,41.997244,0.081381,-4.532373,0.024668,1.899121,18.673974,3.600000
540,0.010000,-0.121397,-0.154677,-0.138037,-0.002279,0.939736,-0.000602,41.163978,3.546463,0.939993,41.163973,3.546467,0.939984,25.229599,25.231121,0.000281,25.229595,25.231119,0.000271,-0.000257,nan,nan,0.000008,-0.000006,0.000004,-0.000009,1.221759,4.821759,-2.370855,-2.766842,-0.154586,42.000000,0.000000,-4.353235,0.021940,1.858752,18.444209,3.600000
550,0.010000,0.000000,0.000000,0.000000,0.000000,0.939246,-0.000442,41.163973,3.546467,0.939542,41.163966,3.546471,0.939531,25.229695,25.231219,0.000281,25.229691,25.231217,0.000271,-0.000296,nan,nan,0.000011,-0.000006,0.000005,-0.000011,1.221759,4.821759,-2.369602,-2.767923,-0.154133,42.000000,0.000000,-4.351726,0.022317,1.858833,18.444224,3.600000
560,0.010000,-0.146918,-0.139330,-0.143124,0.000520,0.938859,-0.000357,41.079499,3.430930,0.939175,41.079492,3.430936,0.939163,25.229833,25.231339,0.000281,25.229828,25.231336,0.000271,-0.000315,nan,nan,0.000013,-0.000008,0.000006,-0.000011,1.334365,4.934365,-2.225459,-2.768752,-0.153765,42.000000,0.000000,-4.295695,0.020749,1.835450,18.211406,3.600000
10,0.010000,0.000000,-0.018278,-0.009139,-0.001252,0.818602,-0.002099,40.867863,3.145446,0.817928,40.867864,3.145445,0.817952,25.238552,25.240059,0.000282,25.238552,25.240059,0.000272,0.000674,nan,nan,0.000058,0.000001,-0.000001,0.000024,0.012156,3.612156,-3.599994,0.006544,-0.032554,38.401712,0.522833,-0.051252,-0.026699,-0.000052,0.051350,3.600000
20,0.010000,0.016727,0.000000,0.008363,-0.001146,0.816908,-0.001587,40.873582,3.151548,0.816365,40.873583,3.151547,0.816384,25.238652,25.240159,0.000282,25.238652,25.240159,0.000272,0.000543,nan,nan,0.000037,0.000001,-0.000001,0.000019,0.012156,3.612156,-3.608363,0.000887,-0.030986,38.401712,0.522833,-0.153785,-0.025410,-0.000021,0.154051,3.600000
30,0.010000,0.000000,-0.013623,-0.006811,-0.000933,0.815694,-0.001092,40.868918,3.146584,0.815292,40.868919,3.146584,0.815307,25.238752,25.240259,0.000282,25.238752,25.240259,0.000272,0.000401,nan,nan,0.000020,0.000001,-0.000001,0.000014,0.012156,3.612156,-3.601551,-0.002993,-0.029909,38.401712,0.522833,-0.307605,-0.024514,0.000142,0.308102,3.600000
40,0.010000,0.002931,0.000000,0.001466,-0.000201,0.815077,-0.000453,40.869924,3.147650,0.814854,40.869924,3.147650,0.814862,25.238852,25.240359,0.000282,25.238852,25.240359,0.000272,0.000223,nan,nan,0.000006,0.000000,-0.000000,0.000008,0.012156,3.612156,-3.603015,-0.004595,-0.029464,38.401712,0.522833,-0.512698,-0.024131,0.000364,0.513503,3.600000
50,0.010000,0.000000,-0.006035,-0.003018,-0.000413,0.815022,0.000064,40.867854,3.145454,0.814926,40.867855,3.145454,0.814929,25.238952,25.240459,0.000282,25.238952,25.240459,0.000272,0.000096,nan,nan,0.000001,0.000000,-0.000000,0.000003,0.012156,3.612156,-3.599998,-0.004352,-0.029531,38.401712,0.522833,-0.769042,-0.024174,0.000517,0.770255,3.600000
60,0.010000,0.000000,0.000000,0.000000,0.000000,0.815325,0.000362,40.867855,3.145454,0.815292,40.867855,3.145454,0.815293,25.239052,25.240559,0.000282,25.239052,25.240559,0.000272,0.000033,nan,nan,0.000000,0.000000,-0.000000,0.000001,0.012156,3.612156,-3.599999,-0.003044,-0.029895,38.401712,0.522833,-1.076621,-0.024473,0.000506,1.078357,3.600000
70,0.010000,0.000000,-0.001552,-0.000776,-0.000106,0.815835,0.000543,40.867323,3.144889,0.815836,40.867323,3.144889,0.815836,25.239152,25.240659,0.000282,25.239152,25.240659,0.000272,-0.000001,nan,nan,0.000000,-0.000000,0.000000,-0.000000,0.012932,3.612932,-3.600000,-0.001089,-0.030438,38.401181,0.522268,-1.435414,-0.024940,0.000241,1.437809,3.600000
80,0.010000,0.000000,0.000000,0.000000,0.000000,0.816436,0.000597,40.867323,3.144889,0.816433,40.867323,3.144889,0.816433,25.239252,25.240759,0.000282,25.239252,25.240759,0.000272,0.000003,nan,nan,0.000000,0.000000,-0.000000,0.000000,0.012932,3.612932,-3.600000,0.001059,-0.031035,38.401181,0.522268,-1.845411,-0.025473,-0.000302,1.848611,3.600000
90,0.010000,0.000000,0.000000,0.000000,0.000000,0.816924,0.000463,40.867323,3.144889,0.816896,40.867323,3.144889,0.816897,25.239352,25.240859,0.000282,25.239352,25.240859,0.000272,0.000028,nan,nan,0.000000,0.000000,-0.000000,0.000001,0.012932,3.612932,-3.599999,0.002731,-0.031499,38.401181,0.522268,-2.306638,-0.025907,-0.000972,2.310764,3.600000
100,0.010000,0.000000,0.000000,0.000000,0.000000,0.817219,0.000266,40.867323,3.144889,0.817164,40.867323,3.144889,0.817165,25.239452,25.240959,0.000282,25.239452,25.240959,0.000272,0.000055,nan,nan,0.000000,0.000000,-0.000000,0.000002,0.012932,3.612932,-3.599998,0.003697,-0.031767,38.401181,0.522268,-2.819131,-0.026178,-0.001608,2.824267,3.600000
110,0.010000,0.000000,0.000000,0.000000,0.000000,0.817308,0.000053,40.867323,3.144889,0.817219,40.867323,3.144889,0.817222,25.239552,25.241059,0.000282,25.239552,25.241059,0.000272,0.000089,nan,nan,0.000001,0.000000,-0.000000,0.000003,0.012932,3.612932,-3.599998,0.003900,-0.031824,38.401181,0.522268,-3.382933,-0.026258,-0.002036,3.389121,3.600000
120,0.010000,0.000000,0.000000,0.000000,0.000000,0.817202,-0.000123,40.867323,3.144889,0.817099,40.867323,3.144889,0.817103,25.239652,25.241159,0.000282,25.239652,25.241159,0.000271,0.000103,nan,nan,0.000001,0.000000,-0.000000,0.000004,0.012932,3.612932,-3.599998,0.003473,-0.031705,38.401181,0.522268,-3.988752,-0.026169,-0.002138,3.995988,3.600000
130,0.010000,0.000000,-0.001380,-0.000690,-0.000094,0.817028,-0.000181,40.866851,3.144386,0.816922,40.866851,3.144386,0.816926,25.239752,25.241259,0.000281,25.239752,25.241259,0.000271,0.000106,nan,nan,0.000001,0.000000,-0.000000,0.000004,0.013621,3.613621,-3.599999,0.002835,-0.031528,38.400708,0.521765,-4.594620,-0.026013,-0.002010,4.602855,3.600000
140,0.010000,0.000000,0.000000,0.000000,0.000000,0.816882,-0.000138,40.866851,3.144386,0.816787,40.866851,3.144386,0.816791,25.239852,25.241359,0.000281,25.239852,25.241359,0.000271,0.000095,nan,nan,0.000001,0.000000,-0.000000,0.000003,0.013621,3.613621,-3.599999,0.002349,-0.031393,38.400708,0.521765,-5.200486,-0.025893,-0.001885,5.209723,3.600000
150,0.010000,0.000000,0.000000,0.000000,0.000000,0.816799,-0.000053,40.866851,3.144386,0.816737,40.866851,3.144386,0.816740,25.239952,25.241459,0.000281,25.239952,25.241459,0.000271,0.000061,nan,nan,0.000000,0.000000,-0.000000,0.000002,0.013621,3.613621,-3.599999,0.002165,-0.031341,38.400708,0.521765,-5.806313,-0.025855,-0.001940,5.816590,3.600000
160,0.010000,0.000000,0.000000,0.000000,0.000000,0.816804,-0.000000,40.866851,3.144386,0.816740,40.866851,3.144386,0.816742,25.240052,25.241559,0.000281,25.240052,25.241559,0.000271,0.000064,nan,nan,0.000001,0.000000,-0.000000,0.000002,0.013621,3.613621,-3.599999,0.002173,-0.031344,38.400708,0.521765,-6.412106,-0.025874,-0.002151,6.423457,3.600000
170,0.010000,0.000000,0.000000,0.000000,0.000000,0.816885,0.000091,40.866851,3.144386,0.816832,40.866851,3.144386,0.816834,25.240152,25.241659,0.000281,25.240152,25.241659,0.000271,0.000053,nan,nan,0.000000,0.000000,-0.000000,0.000002,0.013621,3.613621,-3.599999,0.002506,-0.031436,38.400708,0.521765,-7.017824,-0.025995,-0.002714,7.030325,3.600000
180,0.010000,0.000000,0.000000,0.000000,0.000000,0.817004,0.000112,40.866851,3.144386,0.816946,40.866851,3.144386,0.816948,25.240252,25.241759,0.000281,25.240252,25.241759,0.000271,0.000058,nan,nan,0.000000,0.000000,-0.000000,0.000002,0.013621,3.613621,-3.599999,0.002916,-0.031550,38.400708,0.521765,-7.623507,-0.026146,-0.003431,7.637192,3.600000
190,0.010000,0.000000,0.000000,0.000000,0.000000,0.817052,-0.000000,40.866851,3.144386,0.816948,40.866851,3.144386,0.816952,25.240352,25.241859,0.000281,25.240352,25.241859,0.000271,0.000104,nan,nan,0.000001,0.000000,-0.000000,0.000004,0.013621,3.613621,-3.599999,0.002930,-0.031554,38.400708,0.521765,-8.229283,-0.026172,-0.003721,8.244059,3.600000
200,0.010000,0.000000,0.000000,0.000000,0.000000,0.816872,-0.000256,40.866851,3.144386,0.816696,40.866852,3.144386,0.816703,25.240452,25.241959,0.000281,25.240452,25.241959,0.000271,0.000176,nan,nan,0.000004,0.000000,-0.000000,0.000006,0.013621,3.613621,-3.600000,0.002032,-0.031304,38.400708,0.521765,-8.835327,-0.025891,-0.002771,8.850927,3.600000
210,0.010000,0.000000,-0.009139,-0.004570,-0.000626,0.816481,-0.000410,40.863723,3.141055,0.816292,40.863723,3.141055,0.816299,25.240552,25.242059,0.000281,25.240552,25.242059,0.000271,0.000188,nan,nan,0.000005,0.000000,-0.000000,0.000007,0.018191,3.618191,-3.600000,0.000583,-0.030901,38.397578,0.518436,-9.441565,-0.025407,-0.000849,9.457794,3.600000
220,0.010000,0.000000,0.000000,0.000000,0.000000,0.816072,-0.000415,40.863723,3.141055,0.815884,40.863724,3.141055,0.815890,25.240652,25.242159,0.000281,25.240652,25.242159,0.000271,0.000188,nan,nan,0.000004,0.000000,-0.000000,0.000007,0.018191,3.618191,-3.600000,-0.000889,-0.030492,38.397578,0.518436,-10.047842,-0.024893,0.001378,10.064661,3.600000
230,0.010000,0.000000,-0.018278,-0.009139,-0.001252,0.815576,-0.000533,40.857461,3.134398,0.815358,40.857461,3.134398,0.815365,25.240752,25.242259,0.000281,25.240752,25.242259,0.000271,0.000218,nan,nan,0.000006,0.000000,-0.000000,0.000008,0.027330,3.627330,-3.599999,-0.002780,-0.029967,38.391318,0.511778,-10.654274,-0.024207,0.004572,10.671529,3.600000
240,0.010000,-0.002931,0.000000,-0.001466,0.000201,0.815020,-0.000565,40.856456,3.133331,0.814801,40.856457,3.133331,0.814809,25.240852,25.242359,0.000281,25.240852,25.242359,0.000271,0.000219,nan,nan,0.000006,0.000000,-0.000000,0.000008,0.028796,3.628796,-3.599997,-0.004786,-0.029410,38.390314,0.510710,-11.260760,-0.023451,0.008317,11.278396,3.600000
250,0.010000,0.000000,-0.039316,-0.019658,-0.002693,0.814444,-0.000602,40.842971,3.119028,0.814207,40.842972,3.119027,0.814215,25.240952,25.242459,0.000281,25.240952,25.242459,0.000271,0.000238,nan,nan,0.000007,0.000000,-0.000000,0.000008,0.048454,3.648454,-3.599993,-0.006948,-0.028817,38.376847,0.496389,-11.867295,-0.022612,0.012725,11.885264,3.600000
260,0.010000,-0.003104,0.000000,-0.001552,0.000213,0.813706,-0.000810,40.841906,3.117899,0.813406,40.841907,3.117898,0.813416,25.241052,25.242559,0.000281,25.241052,25.242559,0.000271,0.000300,nan,nan,0.000011,0.000000,-0.000000,0.000011,0.050006,3.650006,-3.599987,-0.009827,-0.028018,38.375784,0.495258,-12.474022,-0.021462,0.018916,12.492131,3.600000
270,0.010000,0.000000,-0.063630,-0.031815,-0.004358,0.812750,-0.000991,40.820049,3.094780,0.812426,40.820050,3.094780,0.812437,25.241153,25.242660,0.000281,25.241153,25.242660,0.000271,0.000324,nan,nan,0.000013,0.000001,-0.000001,0.000012,0.081820,3.681820,-3.599975,-0.013438,-0.027039,38.353991,0.472081,-13.080838,-0.020002,0.027127,13.098998,3.600000
280,0.010000,-0.054491,0.000000,-0.027245,0.003732,0.811748,-0.001012,40.801313,3.075001,0.811425,40.801314,3.075000,0.811437,25.241254,25.242761,0.000281,25.241254,25.242761,0.000271,0.000323,nan,nan,0.000013,0.000001,-0.000001,0.000012,0.109065,3.709065,-3.599959,-0.017140,-0.026038,38.335327,0.452232,-13.687551,-0.018455,0.036205,13.705866,3.600000
290,0.010000,0.000000,-0.091048,-0.045524,-0.006236,0.810686,-0.001097,40.769972,3.041982,0.810339,40.769974,3.041981,0.810352,25.241355,25.242862,0.000281,25.241355,25.242862,0.000271,0.000346,nan,nan,0.000015,0.000001,-0.000001,0.000012,0.154589,3.754589,-3.599937,-0.021259,-0.024954,38.304143,0.419067,-14.294125,-0.016710,0.046895,14.312733,3.600000
300,0.010000,-0.092427,0.000000,-0.046214,0.006331,0.809520,-0.001193,40.738121,3.008498,0.809159,40.738123,3.008496,0.809171,25.241457,25.242964,0.000281,25.241457,25.242964,0.000271,0.000362,nan,nan,0.000017,0.000002,-0.000002,0.000013,0.200801,3.800801,-3.599908,-0.025774,-0.023773,38.272486,0.385400,-14.900479,-0.014753,0.059266,14.919600,3.600000
310,0.010000,0.000000,-0.095359,-0.047679,-0.006531,0.808306,-0.001230,40.705220,2.973990,0.807941,40.705222,2.973988,0.807954,25.241560,25.243066,0.000281,25.241560,25.243066,0.000271,0.000365,nan,nan,0.000017,0.000002,-0.000002,0.000013,0.248479,3.848479,-3.599871,-0.030487,-0.022556,38.239825,0.350666,-15.506497,-0.012660,0.072954,15.526468,3.600000
320,0.010000,-0.100014,0.000000,-0.050007,0.006850,0.807101,-0.001204,40.670668,2.937839,0.806750,40.670671,2.937837,0.806763,25.241664,25.243169,0.000281,25.241663,25.243169,0.000271,0.000350,nan,nan,0.000016,0.000002,-0.000002,0.000012,0.298485,3.898485,-3.599828,-0.035182,-0.021365,38.205571,0.314236,-16.112113,-0.010521,0.087479,16.133335,3.600000
330,0.010000,0.000000,-0.203133,-0.101566,-0.013913,0.805898,-0.001220,40.600403,2.864501,0.805543,40.600406,2.864498,0.805556,25.241772,25.243277,0.000281,25.241772,25.243277,0.000271,0.000355,nan,nan,0.000016,0.000003,-0.000003,0.000013,0.400047,4.000047,-3.599773,-0.040478,-0.020158,38.135999,0.240245,-16.717012,-0.008175,0.104424,16.740202,3.600000
340,0.010000,-0.127432,0.000000,-0.063716,0.008728,0.804696,-0.001198,40.556269,2.818545,0.804357,40.556273,2.818541,0.804369,25.241879,25.243383,0.000281,25.241878,25.243382,0.000271,0.000339,nan,nan,0.000015,0.000004,-0.000003,0.000012,0.463759,4.063759,-3.599715,-0.045419,-0.018971,38.092354,0.193830,-17.321546,-0.005844,0.121410,17.347070,3.600000
350,0.010000,0.000000,-0.198649,-0.099325,-0.013606,0.803578,-0.001087,40.487385,2.746989,0.803283,40.487389,2.746985,0.803293,25.241991,25.243494,0.000281,25.241990,25.243493,0.000271,0.000295,nan,nan,0.000011,0.000004,-0.000004,0.000011,0.563077,4.163077,-3.599649,-0.050459,-0.017895,38.024319,0.121474,-17.925338,-0.003507,0.139583,17.953937,3.600000
360,0.010000,-0.195545,0.000000,-0.097773,0.013394,0.802560,-0.001017,40.419501,2.676623,0.802276,40.419505,2.676619,0.802286,25.242104,25.243607,0.000281,25.242103,25.243605,0.000271,0.000284,nan,nan,0.000010,0.000004,-0.000004,0.000010,0.660841,4.260841,-3.599579,-0.055337,-0.016888,37.957349,0.050251,-18.528586,-0.001190,0.158228,18.560804,3.600000
370,0.010000,0.000000,-0.246932,-0.123466,-0.016913,0.801620,-0.000937,40.333688,2.587854,0.801349,40.333693,2.587849,0.801358,25.242225,25.243725,0.000281,25.242222,25.243723,0.000271,0.000271,nan,nan,0.000009,0.000005,-0.000004,0.000010,0.784296,4.384296,-3.599501,-0.060383,-0.015960,37.872780,-0.039689,-19.130985,0.001174,0.178271,19.167672,3.600000
380,0.010000,-0.233309,0.000000,-0.116655,0.015980,0.800749,-0.000804,40.252533,2.504056,0.800554,40.252536,2.504053,0.800561,25.242346,25.243845,0.000281,25.242343,25.243842,0.000271,0.000195,nan,nan,0.000005,0.000004,-0.000004,0.000007,0.900938,4.500938,-3.599424,-0.064975,-0.015163,37.792878,-0.124665,-19.733036,0.003396,0.197864,19.774539,3.600000
390,0.010000,0.000000,-0.263659,-0.131829,-0.018059,0.800023,-0.000698,40.160743,2.409433,0.799863,40.160747,2.409429,0.799869,25.242473,25.243970,0.000281,25.242469,25.243967,0.000271,0.000160,nan,nan,0.000003,0.000004,-0.000003,0.000006,1.032751,4.632751,-3.599345,-0.069518,-0.014471,37.702583,-0.220694,-20.334419,0.005586,0.218148,20.381406,3.600000
400,0.010000,-0.271246,0.000000,-0.135623,0.018578,0.799396,-0.000629,40.066245,2.312152,0.799240,40.066248,2.312148,0.799246,25.242604,25.244100,0.000281,25.242600,25.244095,0.000271,0.000156,nan,nan,0.000003,0.000004,-0.000004,0.000006,1.168356,4.768356,-3.599264,-0.073964,-0.013848,37.609690,-0.319485,-20.935220,0.007762,0.238959,20.988274,3.600000
410,0.010000,0.000000,-0.307803,-0.153901,-0.021082,0.798889,-0.000415,39.958941,2.201827,0.798830,39.958943,2.201825,0.798832,25.242744,25.244237,0.000281,25.242738,25.244231,0.000271,0.000059,nan,nan,0.000000,0.000002,-0.000002,0.000002,1.322235,4.922235,-3.599188,-0.078053,-0.013434,37.504280,-0.431590,-21.535648,0.009736,0.259401,21.595141,3.600000
420,0.010000,-0.321425,0.000000,-0.160713,0.022015,0.798688,-0.000170,39.846838,2.086668,0.798662,39.846839,2.086667,0.798663,25.242890,25.244380,0.000281,25.242883,25.244373,0.000271,0.000026,nan,nan,0.000000,0.000001,-0.000001,0.000001,1.482924,5.082924,-3.599126,-0.081446,-0.013265,37.394204,-0.548655,-22.136242,0.011381,0.278228,22.202008,3.600000
430,0.010000,0.000000,-0.348498,-0.174249,-0.023870,0.798467,-0.000224,39.725272,1.961831,0.798439,39.725273,1.961830,0.798440,25.243044,25.244531,0.000281,25.243036,25.244523,0.000271,0.000027,nan,nan,0.000000,0.000001,-0.000001,0.000001,1.657146,5.257146,-3.599054,-0.085295,-0.013042,37.274858,-0.675580,-22.735731,0.013247,0.299268,22.808876,3.600000
440,0.010000,-0.365225,0.000000,-0.182612,0.025015,0.798219,-0.000202,39.597841,1.831030,0.798238,39.597841,1.831031,0.798237,25.243207,25.244690,0.000281,25.243196,25.244680,0.000271,-0.000018,nan,nan,0.000000,-0.000001,0.000001,-0.000001,1.839730,5.439730,-3.598978,-0.089263,-0.012839,37.149785,-0.808596,-23.334427,0.015187,0.321435,23.415743,3.600000
450,0.010000,0.000000,-0.400057,-0.200029,-0.027401,0.798116,-0.000112,39.458226,1.687785,0.798125,39.458226,1.687786,0.798125,25.243382,25.244861,0.000281,25.243369,25.244849,0.000271,-0.000009,nan,nan,0.000000,-0.000000,0.000000,-0.000000,2.039726,5.639726,-3.598903,-0.093252,-0.012727,37.012783,-0.954299,-23.932363,0.017116,0.344405,24.022610,3.600000
460,0.010000,-0.372812,0.000000,-0.186406,0.025535,0.797941,-0.000250,39.328105,1.554310,0.797875,39.328108,1.554307,0.797877,25.243556,25.245031,0.000281,25.243541,25.245017,0.000271,0.000066,nan,nan,0.000001,0.000003,-0.000003,0.000002,2.226102,5.826102,-3.598819,-0.097502,-0.012479,36.885111,-1.090078,-24.529299,0.019294,0.369083,24.629478,3.600000
470,0.010000,0.000000,-0.406265,-0.203133,-0.027826,0.797715,-0.000154,39.186275,1.408889,0.797723,39.186275,1.408890,0.797722,25.243743,25.245213,0.000281,25.243726,25.245197,0.000271,-0.000008,nan,nan,0.000000,-0.000000,0.000000,-0.000000,2.429201,6.029201,-3.598735,-0.101773,-0.012324,36.745984,-1.238039,-25.125350,0.021463,0.394612,25.236345,3.600000
480,0.010000,-0.394022,0.000000,-0.197011,0.026988,0.797550,-0.000144,39.048694,1.267876,0.797578,39.048693,1.267877,0.797577,25.243932,25.245397,0.000281,25.243912,25.245378,0.000271,-0.000028,nan,nan,0.000000,-0.000001,0.000001,-0.000001,2.626178,6.226178,-3.598653,-0.105929,-0.012179,36.611050,-1.381542,-25.720870,0.023650,0.420459,25.843212,3.600000
490,0.010000,0.000000,-0.442477,-0.221239,-0.030307,0.797403,-0.000123,38.894171,1.109544,0.797455,38.894168,1.109547,0.797453,25.244140,25.245599,0.000281,25.244117,25.245578,0.000271,-0.000052,nan,nan,0.000000,-0.000003,0.000003,-0.000002,2.847379,6.447379,-3.598563,-0.110491,-0.012055,36.459523,-1.542692,-26.314661,0.026010,0.448693,26.450080,3.600000
500,0.010000,-0.450065,0.000000,-0.225032,0.030826,0.797309,-0.000059,38.736976,0.948518,0.797394,38.736971,0.948523,0.797391,25.244356,25.245809,0.000281,25.244330,25.245785,0.000271,-0.000085,nan,nan,0.000001,-0.000005,0.000005,-0.000003,3.072372,6.672372,-3.598477,-0.114929,-0.011993,36.305398,-1.706604,-26.907778,0.028344,0.477234,27.056947,3.600000
510,0.010000,0.000000,-0.424371,-0.212186,-0.029067,0.797351,0.000144,38.588743,0.796697,0.797535,38.588732,0.796707,0.797529,25.244569,25.246017,0.000281,25.244540,25.245989,0.000271,-0.000185,nan,nan,0.000004,-0.000011,0.000011,-0.000007,3.284520,6.884520,-3.598418,-0.118433,-0.012131,36.160072,-1.861159,-27.502188,0.030265,0.502648,27.663814,3.600000
520,0.010000,-0.469895,0.000000,-0.234947,0.032185,0.797556,0.000208,38.424626,0.628571,0.797736,38.424615,0.628583,0.797730,25.244803,25.246244,0.000281,25.244770,25.246213,0.000271,-0.000180,nan,nan,0.000004,-0.000012,0.000011,-0.000006,3.519426,7.119426,-3.598361,-0.122101,-0.012332,35.999156,-2.032293,-28.095398,0.032240,0.529397,28.270682,3.600000
530,0.010000,0.000000,-0.513867,-0.256933,-0.035196,0.797759,0.000272,38.245190,0.444677,0.798002,38.245173,0.444693,0.797993,25.245059,25.246492,0.000281,25.245022,25.246457,0.000271,-0.000242,nan,nan,0.000007,-0.000017,0.000016,-0.000009,3.776315,7.376315,-3.598306,-0.125913,-0.012595,35.823182,-2.219443,-28.687381,0.034266,0.557426,28.877549,3.600000
540,0.010000,-0.521282,0.000000,-0.260641,0.035704,0.798129,0.000293,38.063208,0.258085,0.798286,38.063197,0.258096,0.798280,25.245326,25.246750,0.000281,25.245284,25.246711,0.000271,-0.000157,nan,nan,0.000003,-0.000011,0.000011,-0.000006,4.036913,7.636913,-3.598257,-0.129630,-0.012882,35.644667,-2.409294,-29.278813,0.036293,0.585710,29.484416,3.600000
550,0.010000,0.000000,-0.534904,-0.267452,-0.036637,0.798331,0.000320,37.876531,0.066559,0.798600,37.876511,0.066579,0.798590,25.245605,25.247020,0.000281,25.245559,25.246976,0.000271,-0.000269,nan,nan,0.000009,-0.000021,0.000020,-0.000010,4.304322,7.904322,-3.598213,-0.133324,-0.013192,35.461486,-2.604108,-29.869483,0.038347,0.614558,30.091284,3.600000
560,0.010000,-0.492657,0.000000,-0.246328,0.033744,0.798787,0.000378,37.704643,-0.109884,0.798969,37.704629,-0.109870,0.798962,25.245872,25.247278,0.000281,25.245822,25.247231,0.000271,-0.000182,nan,nan,0.000004,-0.000014,0.000014,-0.000006,4.550612,8.150612,-3.598187,-0.136335,-0.013564,35.292772,-2.783536,-30.461510,0.040149,0.640891,30.698151,3.600000
570,0.010000,0.000000,-0.477482,-0.238741,-0.032704,0.799014,0.000272,37.538118,-0.280960,0.799234,37.538100,-0.280942,0.799226,25.246137,25.247534,0.000281,25.246083,25.247483,0.000271,-0.000220,nan,nan,0.000006,-0.000018,0.000018,-0.000008,4.789317,8.389317,-3.598153,-0.139517,-0.013828,35.129253,-2.957438,-31.052474,0.042147,0.668572,31.305018,3.600000
580,0.010000,-0.547147,0.000000,-0.273574,0.037476,0.799177,0.000282,37.347348,-0.477045,0.799508,37.347319,-0.477017,0.799496,25.246440,25.247826,0.000281,25.246381,25.247771,0.000271,-0.000331,nan,nan,0.000014,-0.000029,0.000028,-0.000012,5.062851,8.662851,-3.598113,-0.143216,-0.014098,34.941877,-3.156714,-31.640880,0.044384,0.699304,31.911886,3.600000
590,0.010000,0.000000,-0.539560,-0.269780,-0.036956,0.799489,0.000346,37.159264,-0.670450,0.799843,37.159232,-0.670419,0.799830,25.246746,25.248121,0.000281,25.246682,25.248060,0.000271,-0.000354,nan,nan,0.000016,-0.000032,0.000031,-0.000013,5.332593,8.932593,-3.598086,-0.146556,-0.014432,34.757098,-3.353227,-32.229667,0.046480,0.728926,32.518753,3.600000
600,0.010000,-0.556114,0.000000,-0.278057,0.038090,0.799645,0.000080,36.965474,-0.869852,0.799910,36.965449,-0.869828,0.799900,25.247066,25.248428,0.000281,25.246996,25.248363,0.000271,-0.000265,nan,nan,0.000009,-0.000025,0.000024,-0.000009,5.610612,9.210612,-3.598022,-0.150878,-0.014502,34.566649,-3.555770,-32.814290,0.049231,0.764034,33.125621,3.600000
610,0.010000,0.000000,-0.538008,-0.269004,-0.036850,0.799649,-0.000000,36.778013,-1.062781,0.799900,36.777989,-1.062758,0.799892,25.247381,25.248732,0.000281,25.247307,25.248662,0.000271,-0.000252,nan,nan,0.000008,-0.000024,0.000024,-0.000009,5.879580,9.479580,-3.597949,-0.155318,-0.014493,34.382400,-3.751719,-33.397471,0.052155,0.800497,33.732488,3.600000
620,0.010000,-0.563874,0.000000,-0.281937,0.038622,0.799775,0.000053,36.581539,-1.264986,0.799945,36.581522,-1.264969,0.799939,25.247716,25.249054,0.000281,25.247637,25.248979,0.000271,-0.000170,nan,nan,0.000004,-0.000017,0.000017,-0.000006,6.161480,9.761480,-3.597882,-0.159758,-0.014541,34.189293,-3.957090,-33.979393,0.055095,0.837730,34.339355,3.600000
630,0.010000,0.000000,-0.569909,-0.284955,-0.039035,0.799643,-0.000128,36.382980,-1.469371,0.799811,36.382962,-1.469354,0.799805,25.248060,25.249384,0.000281,25.247975,25.249304,0.000271,-0.000168,nan,nan,0.000004,-0.000017,0.000017,-0.000006,6.446396,10.046396,-3.597784,-0.164886,-0.014407,33.994118,-4.164658,-34.557360,0.058533,0.879327,34.946223,3.600000
640,0.010000,-0.592499,0.000000,-0.296249,0.040582,0.799448,-0.000096,36.176522,-1.681830,0.799709,36.176494,-1.681803,0.799700,25.248423,25.249732,0.000281,25.248332,25.249646,0.000271,-0.000261,nan,nan,0.000009,-0.000028,0.000027,-0.000009,6.742606,10.342606,-3.597686,-0.170149,-0.014302,33.791209,-4.380453,-35.133153,0.062074,0.922512,35.553090,3.600000
650,0.010000,0.000000,-0.607673,-0.303837,-0.041621,0.799482,0.000091,35.964743,-1.899698,0.799790,35.964709,-1.899665,0.799779,25.248801,25.250095,0.000281,25.248704,25.250003,0.000271,-0.000308,nan,nan,0.000012,-0.000034,0.000033,-0.000011,7.046400,10.646400,-3.597617,-0.174912,-0.014381,33.583103,-4.601774,-35.709500,0.065319,0.963891,36.159957,3.600000
660,0.010000,-0.604742,0.000000,-0.302371,0.041421,0.799527,-0.000000,35.753998,-2.116526,0.799779,35.753969,-2.116498,0.799770,25.249183,25.250461,0.000281,25.249079,25.250363,0.000271,-0.000253,nan,nan,0.000008,-0.000029,0.000028,-0.000009,7.348730,10.948730,-3.597534,-0.179938,-0.014372,33.376001,-4.822028,-36.283255,0.068816,1.007519,36.766825,3.600000
670,0.010000,0.000000,-0.604742,-0.302371,-0.041421,0.799320,-0.000107,35.543255,-2.333357,0.799664,35.543214,-2.333318,0.799652,25.249570,25.250832,0.000281,25.249460,25.250728,0.000271,-0.000344,nan,nan,0.000015,-0.000041,0.000039,-0.000012,7.651059,11.251059,-3.597430,-0.185377,-0.014253,33.168898,-5.042282,-36.853446,0.072655,1.054289,37.373692,3.600000
680,0.010000,-0.607846,0.000000,-0.303923,0.041633,0.799303,0.000091,35.331393,-2.551265,0.799742,35.331340,-2.551213,0.799726,25.249964,25.251210,0.000281,25.249848,25.251100,0.000271,-0.000439,nan,nan,0.000024,-0.000053,0.000052,-0.000016,7.954940,11.554940,-3.597360,-0.190199,-0.014328,32.960734,-5.263666,-37.424977,0.076130,1.098489,37.980559,3.600000
690,0.010000,0.000000,-0.612329,-0.306165,-0.041940,0.799413,0.000075,35.117973,-2.770784,0.799801,35.117925,-2.770737,0.799787,25.250366,25.251595,0.000281,25.250244,25.251480,0.000271,-0.000388,nan,nan,0.000019,-0.000048,0.000047,-0.000014,8.261062,11.861062,-3.597288,-0.195080,-0.014389,32.751034,-5.486683,-37.994680,0.079707,1.143826,38.587427,3.600000
700,0.010000,-0.622848,0.000000,-0.311424,0.042661,0.799485,0.000154,34.900906,-2.994092,0.799942,34.900847,-2.994036,0.799925,25.250780,25.251992,0.000281,25.250651,25.251870,0.000271,-0.000457,nan,nan,0.000027,-0.000058,0.000057,-0.000016,8.572443,12.172443,-3.597231,-0.199763,-0.014527,32.537731,-5.713531,-38.563851,0.083194,1.188831,39.194294,3.600000
710,0.010000,0.000000,-0.653197,-0.326599,-0.044740,0.799737,0.000245,34.673287,-3.228306,0.800170,34.673230,-3.228251,0.800155,25.251221,25.252414,0.000281,25.251085,25.252286,0.000271,-0.000434,nan,nan,0.000024,-0.000057,0.000055,-0.000015,8.898997,12.498997,-3.597190,-0.204319,-0.014757,32.314034,-5.951433,-39.132120,0.086608,1.233862,39.801161,3.600000
720,0.010000,-0.645610,0.000000,-0.322805,0.044220,0.799834,0.000165,34.448365,-3.459852,0.800320,34.448300,-3.459788,0.800303,25.251662,25.252835,0.000281,25.251519,25.252701,0.000271,-0.000486,nan,nan,0.000030,-0.000065,0.000064,-0.000017,9.221759,12.821759,-3.597137,-0.209045,-0.014905,32.092935,-6.186573,-39.697962,0.090231,1.280656,40.408029,3.600000
730,0.010000,0.000000,-0.657681,-0.328840,-0.045047,0.800252,0.000394,34.219266,-3.695753,0.800697,34.219205,-3.695694,0.800681,25.252117,25.253270,0.000281,25.251967,25.253129,0.000271,-0.000445,nan,nan,0.000025,-0.000061,0.000060,-0.000016,9.550556,13.150556,-3.597134,-0.212984,-0.015283,31.867702,-6.426109,-40.267020,0.093347,1.323492,41.014896,3.600000
740,0.010000,-0.672855,0.000000,-0.336428,0.046086,0.800685,0.000549,33.984978,-3.937192,0.801230,33.984901,-3.937117,0.801210,25.252589,25.253720,0.000281,25.252432,25.253572,0.000271,-0.000545,nan,nan,0.000038,-0.000077,0.000075,-0.000019,9.886942,13.486942,-3.597167,-0.216395,-0.015812,31.637271,-6.671174,-40.838111,0.096135,1.363761,41.621763,3.600000
750,0.010000,0.000000,-0.736657,-0.368329,-0.050456,0.801159,0.000570,33.728604,-4.201650,0.801780,33.728513,-4.201562,0.801758,25.253119,25.254224,0.000281,25.252952,25.254067,0.000271,-0.000622,nan,nan,0.000049,-0.000090,0.000088,-0.000022,10.255227,13.855227,-3.597203,-0.220057,-0.016360,31.384987,-6.939478,-41.406253,0.099076,1.406134,42.228631,3.600000
760,0.010000,-0.721483,0.000000,-0.360741,0.049417,0.801828,0.000772,33.477638,-4.460784,0.802530,33.477533,-4.460682,0.802505,25.253643,25.254723,0.000281,25.253468,25.254558,0.000271,-0.000703,nan,nan,0.000063,-0.000105,0.000102,-0.000025,10.615929,14.215929,-3.597294,-0.222711,-0.017107,31.137899,-7.202257,-41.980059,0.101397,1.442810,42.835498,3.600000
770,0.010000,0.000000,-0.688030,-0.344015,-0.047125,0.802824,0.000911,33.238475,-4.708063,0.803416,33.238385,-4.707975,0.803395,25.254145,25.255199,0.000281,25.253962,25.255027,0.000271,-0.000592,nan,nan,0.000044,-0.000090,0.000088,-0.000021,10.959910,14.559910,-3.597429,-0.224334,-0.017997,30.902264,-7.452855,-42.560305,0.103115,1.473411,43.442365,3.600000
780,0.010000,-0.775973,0.000000,-0.387987,0.053149,0.803595,0.000788,32.969018,-4.987216,0.804183,32.968926,-4.987127,0.804163,25.254730,25.255752,0.000281,25.254537,25.255570,0.000271,-0.000588,nan,nan,0.000044,-0.000092,0.000089,-0.000021,11.347863,14.947863,-3.597539,-0.226654,-0.018764,30.636508,-7.735488,-43.134958,0.105314,1.508754,44.049233,3.600000
790,0.010000,0.000000,-0.765282,-0.382641,-0.052417,0.804479,0.000895,32.703482,-5.262724,0.805057,32.703390,-5.262634,0.805037,25.255313,25.256302,0.000281,25.255110,25.256111,0.000271,-0.000578,nan,nan,0.000042,-0.000093,0.000090,-0.000021,11.730474,15.330474,-3.597683,-0.228230,-0.019639,30.374411,-8.014229,-43.714310,0.107068,1.539646,44.656100,3.600000
800,0.010000,-0.830464,0.000000,-0.415232,0.056881,0.805360,0.000895,32.415599,-5.561957,0.805932,32.415504,-5.561865,0.805911,25.255964,25.256914,0.000281,25.255749,25.256712,0.000271,-0.000572,nan,nan,0.000041,-0.000094,0.000091,-0.000020,12.145679,15.745679,-3.597833,-0.229834,-0.020513,30.089987,-8.316715,-43.854280,0.107614,1.555436,44.814819,3.600000
810,0.010000,0.000000,-0.713896,-0.356948,-0.048897,0.805360,0.000895,32.168335,-5.819390,0.806806,32.168092,-5.819154,0.806755,25.256513,25.257430,0.000281,25.256291,25.257221,0.000271,-0.001446,nan,nan,0.000265,-0.000243,0.000235,-0.000052,12.502602,16.102602,-3.597988,-0.230797,-0.021356,29.845487,-8.576742,-43.843879,0.107414,1.561581,44.814819,3.600000
820,0.010000,-0.759419,0.000000,-0.379710,0.052015,0.806327,0.000804,31.905391,-6.093322,0.807559,31.905180,-6.093118,0.807515,25.257110,25.257989,0.000281,25.256879,25.257772,0.000271,-0.001232,nan,nan,0.000192,-0.000211,0.000204,-0.000044,12.882291,16.482291,-3.598129,-0.231927,-0.022117,29.585392,-8.853354,-43.832297,0.107369,1.568811,44.814819,3.600000
830,0.010000,0.000000,-0.792700,-0.396350,-0.054295,0.807032,0.000921,31.631185,-6.379509,0.808437,31.630939,-6.379271,0.808386,25.257747,25.258584,0.000281,25.257506,25.258357,0.000271,-0.001405,nan,nan,0.000250,-0.000246,0.000238,-0.000050,13.278621,16.878621,-3.598300,-0.232561,-0.022988,29.313897,-9.142089,-43.824146,0.106974,1.572806,44.814819,3.600000
840,0.010000,-0.819945,0.000000,-0.409973,0.056161,0.807873,0.000953,31.347785,-6.675752,0.809340,31.347523,-6.675498,0.809288,25.258418,25.259208,0.000281,25.258166,25.258972,0.000271,-0.001467,nan,nan,0.000273,-0.000263,0.000254,-0.000052,13.688576,17.288576,-3.598484,-0.232871,-0.023889,29.033069,-9.440751,-43.818338,0.106386,1.574697,44.814819,3.600000
850,0.010000,0.000000,-0.771318,-0.385659,-0.052830,0.808698,0.000991,31.081413,-6.954637,0.810278,31.081125,-6.954358,0.810222,25.259046,25.259791,0.000281,25.258785,25.259547,0.000271,-0.001580,nan,nan,0.000317,-0.000288,0.000278,-0.000056,14.074220,17.674220,-3.598682,-0.232560,-0.024824,28.768894,-9.721701,-43.817234,0.105449,1.572555,44.814819,3.600000
860,0.010000,-0.857709,0.000000,-0.428855,0.058747,0.809739,0.000948,30.785499,-7.265038,0.811170,30.785233,-7.264781,0.811119,25.259771,25.260462,0.000281,25.259497,25.260207,0.000271,-0.001431,nan,nan,0.000260,-0.000267,0.000257,-0.000051,14.503063,18.103063,-3.598874,-0.232250,-0.025721,28.475128,-10.034123,-43.816136,0.104542,1.570418,44.814819,3.600000
870,0.010000,0.000000,-0.900302,-0.450151,-0.061664,0.810642,0.001055,30.475219,-7.591166,0.812174,30.474927,-7.590884,0.812119,25.260551,25.261181,0.000281,25.260263,25.260913,0.000271,-0.001532,nan,nan,0.000298,-0.000293,0.000282,-0.000055,14.953202,18.553202,-3.599094,-0.231328,-0.026721,28.166773,-10.362060,-43.819341,0.103232,1.564296,44.814819,3.600000
880,0.010000,-0.832016,0.000000,-0.416008,0.056987,0.811850,0.001071,30.188729,-7.892800,0.813190,30.188469,-7.892549,0.813142,25.261264,25.261837,0.000281,25.260966,25.261560,0.000271,-0.001340,nan,nan,0.000228,-0.000261,0.000251,-0.000048,15.369203,18.969203,-3.599323,-0.229690,-0.027744,27.881804,-10.665125,-43.827910,0.101532,1.553526,44.814819,3.600000
890,0.010000,0.000000,-0.795631,-0.397816,-0.054495,0.812763,0.001081,29.915082,-8.181543,0.814223,29.914794,-8.181265,0.814171,25.261943,25.262459,0.000281,25.261636,25.262174,0.000271,-0.001460,nan,nan,0.000271,-0.000288,0.000278,-0.000052,15.767012,19.367012,-3.599554,-0.227588,-0.028773,27.609296,-10.954938,-43.839841,0.099584,1.539723,44.814819,3.600000
900,0.010000,-0.850294,0.000000,-0.425147,0.058239,0.813919,0.001012,29.622942,-8.490414,0.815183,29.622688,-8.490169,0.815138,25.262690,25.263141,0.000281,25.262371,25.262846,0.000271,-0.001265,nan,nan,0.000203,-0.000254,0.000245,-0.000045,16.192154,19.792154,-3.599771,-0.225306,-0.029740,27.318064,-11.264664,-43.853138,0.097593,1.524752,44.814819,3.600000
910,0.010000,0.000000,-0.857882,-0.428941,-0.058759,0.814800,0.001081,29.328534,-8.802361,0.816220,29.328244,-8.802082,0.816169,25.263452,25.263834,0.000281,25.263122,25.263529,0.000271,-0.001420,nan,nan,0.000256,-0.000291,0.000279,-0.000051,16.621090,20.221090,-3.600001,-0.222438,-0.030771,27.024233,-11.577154,-43.870309,0.095242,1.505932,44.814819,3.600000
920,0.010000,-0.880644,0.000000,-0.440322,0.060318,0.815889,0.000943,29.026616,-9.122868,0.817112,29.026361,-9.122623,0.817068,25.264247,25.264556,0.000281,25.263905,25.264240,0.000271,-0.001223,nan,nan,0.000190,-0.000255,0.000245,-0.000044,17.061408,20.661408,-3.600200,-0.219552,-0.031670,26.722606,-11.897936,-43.887847,0.092989,1.486983,44.814819,3.600000
930,0.010000,0.000000,-0.822877,-0.411438,-0.056361,0.816571,0.000884,28.744788,-9.422621,0.817953,28.744496,-9.422341,0.817903,25.264980,25.265218,0.000281,25.264628,25.264894,0.000271,-0.001382,nan,nan,0.000242,-0.000292,0.000280,-0.000049,17.472843,21.072843,-3.600382,-0.216577,-0.032505,26.440765,-12.197675,-43.905972,0.090741,1.467445,44.814819,3.600000
940,0.010000,-0.901681,0.000000,-0.450841,0.061759,0.817482,0.000969,28.436233,-9.751325,0.818873,28.435934,-9.751039,0.818823,25.265814,25.265969,0.000281,25.265449,25.265635,0.000271,-0.001390,nan,nan,0.000245,-0.000299,0.000286,-0.000050,17.923679,21.523679,-3.600579,-0.212895,-0.033425,26.131932,-12.526119,-43.928469,0.088050,1.443231,44.814819,3.600000
950,0.010000,0.000000,-0.924615,-0.462308,-0.063330,0.818242,0.000836,28.120140,-10.088682,0.819659,28.119830,-10.088385,0.819609,25.266684,25.266751,0.000281,25.266306,25.266405,0.000271,-0.001418,nan,nan,0.000255,-0.000310,0.000297,-0.000051,18.385981,21.985981,-3.600743,-0.209265,-0.034211,25.815245,-12.862917,-43.950733,0.085495,1.419345,44.814819,3.600000
960,0.010000,-0.898750,0.000000,-0.449375,0.061558,0.819175,0.000815,27.813128,-10.416824,0.820424,27.812850,-10.416558,0.820379,25.267528,25.267507,0.000281,25.267138,25.267151,0.000271,-0.001249,nan,nan,0.000198,-0.000278,0.000265,-0.000044,18.835350,22.435350,-3.600898,-0.205326,-0.034981,25.507418,-13.190293,-43.974754,0.082787,1.393392,44.814819,3.600000
970,0.010000,0.000000,-0.915304,-0.457652,-0.062692,0.820008,0.000783,27.500758,-10.751287,0.821162,27.500497,-10.751038,0.821121,25.268401,25.268285,0.000281,25.267998,25.267919,0.000271,-0.001154,nan,nan,0.000169,-0.000261,0.000249,-0.000041,19.292995,22.892995,-3.601041,-0.201086,-0.035723,25.193921,-13.523698,-44.000440,0.079940,1.365412,44.814819,3.600000
980,0.010000,-0.951688,0.000000,-0.475844,0.065184,0.820795,0.000634,27.176256,-11.099313,0.821755,27.176035,-11.099103,0.821721,25.269327,25.269110,0.000281,25.268911,25.268732,0.000271,-0.000960,nan,nan,0.000117,-0.000221,0.000210,-0.000034,19.768832,23.368832,-3.601150,-0.196872,-0.036323,24.867963,-13.870355,-44.026087,0.077222,1.337579,44.814819,3.600000
990,0.010000,0.000000,-0.923063,-0.461532,-0.063224,0.821282,0.000565,26.861750,-11.437091,0.822286,26.861516,-11.436868,0.822250,25.270223,25.269905,0.000281,25.269794,25.269516,0.000271,-0.001003,nan,nan,0.000128,-0.000234,0.000223,-0.000036,20.230354,23.830354,-3.601240,-0.192726,-0.036852,24.551810,-14.206585,-44.051058,0.074594,1.310151,44.814819,3.600000
1000,0.010000,-0.907889,0.000000,-0.453944,0.062184,0.821817,0.000692,26.552573,-11.769464,0.822942,26.552306,-11.769211,0.822902,25.271103,25.270685,0.000281,25.270663,25.270287,0.000271,-0.001126,nan,nan,0.000161,-0.000266,0.000253,-0.000040,20.684288,24.284288,-3.601349,-0.187981,-0.037504,24.240855,-14.537286,-44.078606,0.071542,1.278693,44.814819,3.600000
1010,0.010000,0.000000,-0.977554,-0.488777,-0.066956,0.822420,0.000639,26.219891,-12.127544,0.823541,26.219621,-12.127288,0.823501,25.272086,25.271553,0.000281,25.271630,25.271142,0.000271,-0.001121,nan,nan,0.000160,-0.000270,0.000256,-0.000040,21.173053,24.773053,-3.601439,-0.182900,-0.038103,23.906041,-14.893362,-44.107800,0.068352,1.244959,44.814819,3.600000
1020,0.010000,-1.027561,0.000000,-0.513781,0.070381,0.823002,0.000767,25.870427,-12.504162,0.824268,25.870117,-12.503868,0.824223,25.273146,25.272487,0.000281,25.272674,25.272062,0.000271,-0.001266,nan,nan,0.000203,-0.000310,0.000294,-0.000045,21.686817,25.286817,-3.601543,-0.176957,-0.038825,23.554101,-15.267651,-44.140665,0.064596,1.205404,44.814819,3.600000
1030,0.010000,0.000000,-0.925995,-0.462997,-0.063424,0.823901,0.000820,25.555683,-12.843718,0.825044,25.555400,-12.843450,0.825003,25.274069,25.273298,0.000281,25.273586,25.272864,0.000271,-0.001142,nan,nan,0.000166,-0.000283,0.000268,-0.000041,22.149798,25.749798,-3.601651,-0.170808,-0.039605,23.236949,-15.604944,-44.173142,0.060674,1.164369,44.814819,3.600000
1040,0.010000,-0.983589,0.000000,-0.491795,0.067369,0.824634,0.000730,25.221690,-13.204697,0.825733,25.221414,-13.204436,0.825693,25.275081,25.274185,0.000281,25.274583,25.273739,0.000271,-0.001099,nan,nan,0.000153,-0.000276,0.000261,-0.000039,22.641573,26.241573,-3.601730,-0.164353,-0.040295,22.900073,-15.963212,-44.206578,0.056655,1.121218,44.814819,3.600000
1050,0.010000,0.000000,-0.968415,-0.484207,-0.066330,0.825519,0.000863,24.893098,-13.560337,0.826556,24.892834,-13.560088,0.826519,25.276077,25.275055,0.000281,25.275566,25.274599,0.000271,-0.001038,nan,nan,0.000137,-0.000264,0.000250,-0.000037,23.125757,26.725757,-3.601820,-0.157127,-0.041121,22.568396,-16.315952,-44.241913,0.052103,1.072781,44.814819,3.600000
1060,0.010000,-0.886679,0.000000,-0.443339,0.060731,0.826529,0.000879,24.592498,-13.886199,0.827398,24.592275,-13.885988,0.827367,25.276957,25.275821,0.000281,25.276438,25.275359,0.000271,-0.000870,nan,nan,0.000096,-0.000223,0.000211,-0.000031,23.569072,27.169072,-3.601904,-0.149789,-0.041969,22.264716,-16.638917,-44.275817,0.047462,1.023464,44.814819,3.600000
1070,0.010000,0.000000,-0.950309,-0.475154,-0.065090,0.827073,0.000676,24.270683,-14.235774,0.828044,24.270431,-14.235536,0.828009,25.277936,25.276671,0.000281,25.277405,25.276199,0.000271,-0.000971,nan,nan,0.000120,-0.000252,0.000238,-0.000035,24.044197,27.644197,-3.601941,-0.142501,-0.042611,21.939245,-16.985056,-44.308928,0.043010,0.974390,44.814819,3.600000
1080,0.010000,-1.012387,0.000000,-0.506193,0.069342,0.827828,0.000756,23.928070,-14.608391,0.828766,23.927824,-14.608159,0.828732,25.279013,25.277604,0.000281,25.278468,25.277121,0.000271,-0.000937,nan,nan,0.000111,-0.000247,0.000232,-0.000033,24.550354,28.150354,-3.601972,-0.134239,-0.043334,21.592517,-17.353803,-44.344215,0.037957,0.918632,44.814819,3.600000
1090,0.010000,0.000000,-0.918408,-0.459204,-0.062905,0.828438,0.000623,23.617489,-14.946627,0.829355,23.617245,-14.946398,0.829323,25.279953,25.278415,0.000281,25.279398,25.277924,0.000271,-0.000917,nan,nan,0.000107,-0.000243,0.000229,-0.000033,25.009522,28.609522,-3.601979,-0.126675,-0.043925,21.277977,-17.688317,-44.374897,0.033379,0.867468,44.814819,3.600000
1100,0.010000,-1.001695,0.000000,-0.500848,0.068609,0.829176,0.000708,23.278985,-15.315760,0.830031,23.278755,-15.315544,0.830001,25.281024,25.279339,0.000281,25.280456,25.278837,0.000271,-0.000856,nan,nan,0.000093,-0.000230,0.000216,-0.000030,25.510326,29.110326,-3.601977,-0.117958,-0.044602,20.934915,-18.053165,-44.407757,0.028096,0.808373,44.814819,3.600000
1110,0.010000,0.000000,-1.029113,-0.514557,-0.070487,0.830004,0.000799,22.931494,-15.695252,0.830800,22.931277,-15.695049,0.830771,25.282145,25.280301,0.000281,25.281562,25.279788,0.000271,-0.000796,nan,nan,0.000080,-0.000217,0.000203,-0.000028,26.024834,29.624834,-3.601967,-0.108360,-0.045373,20.582466,-18.427995,-44.440636,0.022246,0.743145,44.814819,3.600000
1120,0.010000,-1.039804,0.000000,-0.519902,0.071219,0.830696,0.000703,22.580704,-16.078971,0.831474,22.580489,-16.078770,0.831447,25.283289,25.281281,0.000281,25.282691,25.280756,0.000271,-0.000778,nan,nan,0.000077,-0.000215,0.000201,-0.000028,26.544681,30.144681,-3.601928,-0.098627,-0.046048,20.226360,-18.806716,-44.471383,0.016390,0.676867,44.814819,3.600000
1130,0.010000,0.000000,-0.995660,-0.497830,-0.068196,0.831452,0.000778,22.245048,-16.446620,0.832224,22.244833,-16.446419,0.832197,25.284369,25.282203,0.000281,25.283758,25.281668,0.000271,-0.000772,nan,nan,0.000076,-0.000215,0.000201,-0.000028,27.042454,30.642454,-3.601884,-0.088612,-0.046799,19.885375,-19.169354,-44.499079,0.010306,0.608513,44.814819,3.600000
1140,0.010000,-1.013939,0.000000,-0.506969,0.069448,0.832277,0.000911,21.903514,-16.821278,0.833108,21.903280,-16.821060,0.833078,25.285482,25.283151,0.000281,25.284858,25.282606,0.000271,-0.000831,nan,nan,0.000088,-0.000234,0.000218,-0.000030,27.549359,31.149359,-3.601828,-0.077631,-0.047680,19.538134,-19.538646,-44.524849,0.003575,0.533411,44.814819,3.600000
1150,0.010000,0.000000,-0.904785,-0.452392,-0.061972,0.833152,0.000964,21.599001,-17.155833,0.834042,21.598749,-17.155598,0.834010,25.286420,25.283947,0.000281,25.285790,25.283398,0.000271,-0.000890,nan,nan,0.000101,-0.000252,0.000235,-0.000032,28.001688,31.601688,-3.601769,-0.066966,-0.048612,19.228278,-19.868178,-44.545094,-0.003035,0.460343,44.814819,3.600000
1160,0.010000,-1.009283,0.000000,-0.504641,0.069129,0.834250,0.001039,21.259675,-17.529351,0.835049,21.259447,-17.529138,0.835021,25.287534,25.284890,0.000281,25.286892,25.284331,0.000271,-0.000799,nan,nan,0.000081,-0.000228,0.000213,-0.000028,28.506250,32.106250,-3.601671,-0.054635,-0.049622,18.882642,-20.235763,-44.563853,-0.010632,0.375735,44.814819,3.600000
1170,0.010000,0.000000,-1.079120,-0.539560,-0.073912,0.835286,0.001065,20.897314,-17.929120,0.836086,20.897083,-17.928904,0.836057,25.288771,25.285933,0.000281,25.288112,25.285361,0.000271,-0.000800,nan,nan,0.000081,-0.000231,0.000215,-0.000029,29.045716,32.645716,-3.601529,-0.041045,-0.050659,18.513097,-20.628776,-44.578711,-0.018951,0.282367,44.814819,3.600000
1180,0.010000,-0.988245,0.000000,-0.494123,0.067688,0.836389,0.001087,20.565826,-18.295546,0.837144,20.565606,-18.295342,0.837117,25.289860,25.286847,0.000281,25.289191,25.286268,0.000271,-0.000755,nan,nan,0.000072,-0.000220,0.000205,-0.000027,29.539742,33.139742,-3.601371,-0.027701,-0.051719,18.174678,-20.988686,-44.586396,-0.027161,0.190602,44.814819,3.600000
1190,0.010000,0.000000,-0.954792,-0.477396,-0.065397,0.837446,0.000964,20.245938,-18.649911,0.838081,20.245752,-18.649738,0.838059,25.290896,25.287712,0.000281,25.290218,25.287128,0.000271,-0.000635,nan,nan,0.000051,-0.000186,0.000173,-0.000023,30.017035,33.617035,-3.601182,-0.014565,-0.052660,17.847722,-21.336405,-44.588449,-0.035164,0.100218,44.814819,3.600000
1200,0.010000,-0.966863,0.000000,-0.483431,0.066223,0.838303,0.000746,19.922381,-19.009095,0.838804,19.922233,-19.008958,0.838786,25.291955,25.288595,0.000281,25.291268,25.288004,0.000271,-0.000502,nan,nan,0.000032,-0.000148,0.000137,-0.000018,30.500352,34.100352,-3.600957,-0.001564,-0.053388,17.516639,-21.688512,-44.586025,-0.042917,0.010761,44.814819,3.600000
1210,0.010000,0.000000,-0.985141,-0.492571,-0.067475,0.838859,0.000607,19.593016,-19.375348,0.839394,19.592857,-19.375201,0.839375,25.293048,25.289503,0.000281,25.292352,25.288906,0.000271,-0.000535,nan,nan,0.000036,-0.000159,0.000147,-0.000019,30.992798,34.592798,-3.600704,0.011477,-0.053976,17.179303,-22.047270,-44.442162,-0.050558,-0.078714,44.677580,3.600000
1220,0.010000,-0.982037,0.000000,-0.491019,0.067263,0.839328,0.000447,19.264892,-19.740629,0.839822,19.264744,-19.740492,0.839804,25.294139,25.290408,0.000281,25.293434,25.289804,0.000271,-0.000494,nan,nan,0.000031,-0.000148,0.000137,-0.000018,31.483686,35.083686,-3.600434,0.024216,-0.054406,16.843034,-22.404893,-43.917303,-0.057743,-0.164124,44.161655,3.600000
1230,0.010000,0.000000,-0.974450,-0.487225,-0.066743,0.839771,0.000533,18.939468,-20.103238,0.840337,18.939298,-20.103080,0.840317,25.295219,25.291301,0.000281,25.294505,25.290692,0.000271,-0.000566,nan,nan,0.000041,-0.000170,0.000157,-0.000020,31.970777,35.570777,-3.600148,0.037344,-0.054919,16.509366,-22.759750,-43.383837,-0.065035,-0.250019,43.643696,3.600000
1240,0.010000,-1.024630,0.000000,-0.512315,0.070180,0.840218,0.000458,18.597467,-20.484680,0.840775,18.597298,-20.484524,0.840755,25.296390,25.292268,0.000281,25.295665,25.291651,0.000271,-0.000557,nan,nan,0.000039,-0.000169,0.000156,-0.000020,32.482945,36.082945,-3.599833,0.051061,-0.055357,16.158521,-23.132876,-42.811326,-0.072380,-0.337346,43.092363,3.600000
1250,0.010000,0.000000,-0.921512,-0.460756,-0.063117,0.840698,0.000511,18.290020,-20.827855,0.841266,18.289847,-20.827696,0.841246,25.297380,25.293084,0.000281,25.296650,25.292463,0.000271,-0.000569,nan,nan,0.000041,-0.000173,0.000160,-0.000020,32.943564,36.543564,-3.599529,0.063920,-0.055848,15.842987,-23.468447,-42.283551,-0.079163,-0.417093,42.590431,3.600000
1260,0.010000,-0.957724,0.000000,-0.478862,0.065598,0.841265,0.000591,17.970669,-21.184675,0.841837,17.970494,-21.184514,0.841817,25.298436,25.293952,0.000281,25.297699,25.293328,0.000271,-0.000573,nan,nan,0.000042,-0.000175,0.000161,-0.000020,33.422277,37.022277,-3.599190,0.077743,-0.056419,15.515057,-23.817201,-41.721949,-0.086308,-0.500553,42.062441,3.600000
1270,0.010000,0.000000,-0.971519,-0.485759,-0.066542,0.841841,0.000581,17.646926,-21.546819,0.842398,17.646754,-21.546662,0.842378,25.299519,25.294840,0.000281,25.298774,25.294211,0.000271,-0.000557,nan,nan,0.000039,-0.000171,0.000157,-0.000020,33.907879,37.507879,-3.598825,0.091985,-0.056980,15.182410,-24.170973,-41.139533,-0.093442,-0.583983,41.520002,3.600000
1280,0.010000,-0.891162,0.000000,-0.445581,0.061039,0.842411,0.000495,17.350135,-21.879167,0.842873,17.349993,-21.879036,0.842857,25.300458,25.295609,0.000281,25.299711,25.294979,0.000271,-0.000463,nan,nan,0.000027,-0.000142,0.000131,-0.000016,34.353310,37.953310,-3.598474,0.105190,-0.057459,14.877280,-24.495479,-40.594163,-0.099833,-0.658968,41.016138,3.600000
1290,0.010000,0.000000,-0.889610,-0.444805,-0.060932,0.842809,0.000368,17.054050,-22.211104,0.843224,17.053922,-22.210987,0.843209,25.301395,25.296374,0.000281,25.300646,25.295744,0.000271,-0.000415,nan,nan,0.000022,-0.000128,0.000117,-0.000015,34.797959,38.397959,-3.598121,0.118154,-0.057811,14.572686,-24.819416,-40.041094,-0.105813,-0.730094,40.506915,3.600000
1300,0.010000,-1.018594,0.000000,-0.509297,0.069767,0.843192,0.000447,16.715204,-22.591321,0.843657,16.715059,-22.591189,0.843640,25.302567,25.297331,0.000281,25.301808,25.296694,0.000271,-0.000464,nan,nan,0.000027,-0.000144,0.000132,-0.000017,35.307072,38.907072,-3.597696,0.133277,-0.058242,14.223932,-25.190317,-39.393766,-0.112577,-0.810226,39.915903,3.600000
1310,0.010000,0.000000,-0.992729,-0.496364,-0.067995,0.843728,0.000506,16.385102,-22.962006,0.844146,16.384972,-22.961887,0.844131,25.303694,25.298250,0.000281,25.302927,25.297607,0.000271,-0.000419,nan,nan,0.000022,-0.000131,0.000120,-0.000015,35.803251,39.403251,-3.597254,0.148498,-0.058733,13.884039,-25.551795,-38.746890,-0.119196,-0.887938,39.331376,3.600000
1320,0.010000,-0.928926,0.000000,-0.464463,0.063625,0.844043,0.000229,16.076391,-23.309024,0.844360,16.076292,-23.308933,0.844349,25.304706,25.299072,0.000281,25.303935,25.298428,0.000271,-0.000317,nan,nan,0.000013,-0.000099,0.000091,-0.000011,36.267535,39.867535,-3.596859,0.162130,-0.058951,13.565995,-25.890036,-38.134442,-0.124670,-0.954128,38.776461,3.600000
1330,0.010000,0.000000,-0.948757,-0.474378,-0.064983,0.844067,-0.000117,15.761201,-23.663550,0.844232,15.761150,-23.663502,0.844226,25.305755,25.299924,0.000281,25.304979,25.299277,0.000271,-0.000165,nan,nan,0.000003,-0.000052,0.000047,-0.000006,36.741726,40.341726,-3.596506,0.174982,-0.058828,13.241164,-26.235495,-37.505561,-0.129261,-1.012775,38.201402,3.600000
1340,0.010000,-0.910993,0.000000,-0.455496,0.062397,0.843972,-0.000144,15.458559,-24.003966,0.844082,15.458524,-24.003935,0.844078,25.306735,25.300720,0.000281,25.305956,25.300072,0.000271,-0.000110,nan,nan,0.000002,-0.000035,0.000032,-0.000004,37.197044,40.797044,-3.596177,0.187179,-0.058680,12.929261,-26.567204,-36.892097,-0.133370,-1.065654,37.640982,3.600000
1350,0.010000,0.000000,-0.925995,-0.462997,-0.063424,0.843759,-0.000186,15.150899,-24.349960,0.843892,15.150857,-24.349922,0.843887,25.307742,25.301538,0.000281,25.306959,25.300888,0.000271,-0.000133,nan,nan,0.000002,-0.000042,0.000038,-0.000005,37.659862,41.259862,-3.595856,0.199353,-0.058489,12.612221,-26.904378,-36.259437,-0.137201,-1.115498,37.062666,3.600000
1360,0.010000,-0.953240,0.000000,-0.476620,0.065290,0.843372,-0.000469,14.834113,-24.706068,0.843418,14.834098,-24.706054,0.843417,25.308799,25.302398,0.000281,25.308012,25.301745,0.000271,-0.000047,nan,nan,0.000000,-0.000015,0.000013,-0.000002,38.136299,41.736299,-3.595590,0.210849,-0.058019,12.285851,-27.251473,-35.605042,-0.140258,-1.158532,36.457774,3.600000
1370,0.010000,0.000000,-0.909268,-0.454634,-0.062279,0.842889,-0.000527,14.531805,-25.045629,0.842889,14.531805,-25.045629,0.842889,25.309775,25.303193,0.000281,25.308985,25.302539,0.000271,-0.000000,nan,nan,0.000000,-0.000000,0.000000,-0.000000,38.590764,42.190764,-3.595369,0.221337,-0.057491,11.974532,-27.582561,-34.973794,-0.142711,-1.194600,35.871296,3.600000
1380,0.010000,-0.922891,0.000000,-0.461446,0.063212,0.842240,-0.000703,14.224802,-25.390130,0.842186,14.224819,-25.390145,0.842188,25.310775,25.304008,0.000281,25.309982,25.303354,0.000271,0.000053,nan,nan,0.000000,0.000017,-0.000015,0.000002,39.052044,42.652044,-3.595202,0.231166,-0.056790,11.658545,-27.918615,-34.328747,-0.144539,-1.224637,35.266074,3.600000
1390,0.010000,0.000000,-0.959448,-0.479724,-0.065716,0.841620,-0.000581,13.905403,-25.748068,0.841608,13.905407,-25.748072,0.841608,25.311842,25.304881,0.000281,25.311045,25.304223,0.000271,0.000012,nan,nan,0.000000,0.000004,-0.000003,0.000000,39.531606,43.131606,-3.595018,0.241565,-0.056210,11.330035,-28.267986,-33.644556,-0.146430,-1.254220,34.625679,3.600000
1400,0.010000,-0.863917,0.000000,-0.431959,0.059172,0.841150,-0.000410,13.617608,-26.070190,0.841198,13.617593,-26.070176,0.841196,25.312730,25.305609,0.000281,25.311934,25.304953,0.000271,-0.000048,nan,nan,0.000000,-0.000015,0.000014,-0.000002,39.963425,43.563425,-3.594842,0.251051,-0.055798,11.034230,-28.582576,-33.016691,-0.148086,-1.279145,34.038756,3.600000
1410,0.010000,0.000000,-0.807702,-0.403851,-0.055322,0.840703,-0.000479,13.348398,-26.371223,0.840717,13.348393,-26.371219,0.840716,25.313513,25.306253,0.000281,25.312722,25.305602,0.000271,-0.000014,nan,nan,0.000000,-0.000004,0.000004,-0.000000,40.367150,43.967150,-3.594714,0.259425,-0.055318,10.757670,-28.876699,-32.424445,-0.149209,-1.298104,33.480737,3.600000
1420,0.010000,-0.853226,0.000000,-0.426613,0.058440,0.840201,-0.000495,13.063873,-26.689098,0.840221,13.063866,-26.689092,0.840220,25.314380,25.306967,0.000281,25.313591,25.306318,0.000271,-0.000020,nan,nan,0.000000,-0.000006,0.000006,-0.000001,40.793634,44.393634,-3.594591,0.268104,-0.054822,10.465519,-29.187402,-31.790057,-0.150177,-1.315284,32.881005,3.600000
1430,0.010000,0.000000,-0.871504,-0.435752,-0.059692,0.839671,-0.000607,12.773089,-27.013636,0.839613,12.773108,-27.013652,0.839615,25.315280,25.307709,0.000281,25.314492,25.307061,0.000271,0.000058,nan,nan,0.000000,0.000018,-0.000017,0.000002,41.229260,44.829260,-3.594506,0.276433,-0.054217,10.167106,-29.504765,-31.135479,-0.150715,-1.328220,32.256941,3.600000
1440,0.010000,-0.845811,0.000000,-0.422905,0.057932,0.838989,-0.000740,12.490713,-27.328457,0.838875,12.490749,-27.328490,0.838879,25.316132,25.308414,0.000281,25.315346,25.307768,0.000271,0.000114,nan,nan,0.000002,0.000036,-0.000033,0.000004,41.652048,45.252048,-3.594482,0.283749,-0.053481,9.877487,-29.812776,-30.495363,-0.150682,-1.335344,31.639535,3.600000
1450,0.010000,0.000000,-0.859434,-0.429717,-0.058865,0.837958,-0.001214,12.203570,-27.648154,0.837664,12.203663,-27.648238,0.837675,25.317009,25.309140,0.000281,25.316224,25.308496,0.000271,0.000293,nan,nan,0.000011,0.000093,-0.000084,0.000010,42.081652,45.681652,-3.594609,0.289304,-0.052277,9.583199,-30.125752,-29.848583,-0.149476,-1.332611,30.999622,3.600000
1460,0.010000,-0.853226,-0.934962,-0.894094,-0.005598,0.836559,-0.001438,11.605342,-28.312629,0.836237,11.605447,-28.312725,0.836248,25.319630,25.311293,0.000281,25.318787,25.310601,0.000271,0.000322,nan,nan,0.000013,0.000105,-0.000095,0.000011,42.975536,46.575536,-3.594629,0.303546,-0.050850,8.970869,-30.776967,-12.219418,-0.087489,-0.572400,29.624006,3.600000
1470,0.010000,0.000000,0.000000,0.000000,0.000000,0.835174,-0.001406,11.605447,-28.312725,0.834842,11.605552,-28.312820,0.834854,25.318887,25.310701,0.000281,25.318102,25.310058,0.000271,0.000332,nan,nan,0.000014,0.000105,-0.000095,0.000012,42.975536,46.575536,-3.595048,0.298675,-0.049456,8.970869,-30.776967,-12.219426,-0.085611,-0.563215,29.208536,3.600000
1480,0.010000,-0.760799,-0.815462,-0.788130,-0.003744,0.833642,-0.001598,11.076491,-28.896981,0.833256,11.076617,-28.897094,0.833270,25.321096,25.312531,0.000281,25.320267,25.311851,0.000271,0.000386,nan,nan,0.000019,0.000125,-0.000113,0.000014,43.763523,47.363523,-3.595260,0.307876,-0.047871,8.431081,-31.351034,-11.195916,-0.081810,-0.531937,28.356221,3.600000
1490,0.010000,0.000000,0.000000,0.000000,0.000000,0.832003,-0.001651,11.076617,-28.897094,0.831618,11.076737,-28.897203,0.831632,25.320367,25.311951,0.000281,25.319596,25.311319,0.000271,0.000385,nan,nan,0.000019,0.000120,-0.000109,0.000014,43.763523,47.363523,-3.595759,0.302151,-0.046234,8.431081,-31.351034,-11.195926,-0.079676,-0.522046,27.940750,3.600000
1500,0.010000,-0.844259,-0.812358,-0.828308,0.002185,0.830544,-0.001422,10.518730,-29.509349,0.830210,10.518838,-29.509447,0.830222,25.322708,25.313906,0.000281,25.321887,25.313232,0.000271,0.000334,nan,nan,0.000014,0.000108,-0.000098,0.000012,44.591726,48.191726,-3.595997,0.310036,-0.044824,7.863744,-31.954399,-10.120293,-0.075492,-0.484206,26.959701,3.600000
1510,0.010000,0.000000,0.000000,0.000000,0.000000,0.829055,-0.001534,10.518838,-29.509447,0.828688,10.518952,-29.509550,0.828701,25.321987,25.313332,0.000281,25.321224,25.312706,0.000271,0.000367,nan,nan,0.000017,0.000114,-0.000103,0.000013,44.591726,48.191726,-3.596465,0.304721,-0.043303,7.863744,-31.954399,-10.120303,-0.073581,-0.475905,26.544230,3.600000
1520,0.010000,-0.747176,-0.722862,-0.735019,0.001665,0.827394,-0.001662,10.022201,-30.051299,0.827039,10.022314,-30.051402,0.827052,25.323966,25.315002,0.000281,25.323166,25.314343,0.000271,0.000355,nan,nan,0.000016,0.000113,-0.000103,0.000013,45.326682,48.926682,-3.596858,0.308156,-0.041653,7.360283,-32.489831,-9.165900,-0.069027,-0.435884,25.657013,3.600000
1530,0.010000,0.000000,0.000000,0.000000,0.000000,0.825732,-0.001646,10.022314,-30.051402,0.825406,10.022414,-30.051493,0.825417,25.323266,25.314443,0.000281,25.322521,25.313831,0.000271,0.000326,nan,nan,0.000013,0.000100,-0.000091,0.000012,45.326682,48.926682,-3.597358,0.302413,-0.040019,7.360283,-32.489831,-9.165910,-0.067037,-0.427761,25.241542,3.600000
1540,0.010000,-0.660784,-0.697169,-0.678977,-0.002492,0.823789,-0.002045,9.561898,-30.550426,0.823372,9.562029,-30.550545,0.823387,25.325019,25.315940,0.000281,25.324245,25.315301,0.000271,0.000417,nan,nan,0.000022,0.000131,-0.000119,0.000015,46.005624,49.605624,-3.597915,0.301568,-0.037989,6.895193,-32.984456,-8.284353,-0.061994,-0.385539,24.392023,3.600000
1550,0.010000,0.000000,0.000000,0.000000,0.000000,0.821509,-0.002253,9.562029,-30.550545,0.821134,9.562142,-30.550647,0.821147,25.324345,25.315401,0.000281,25.323624,25.314808,0.000271,0.000375,nan,nan,0.000018,0.000113,-0.000103,0.000013,46.005624,49.605624,-3.598584,0.293661,-0.035749,6.895193,-32.984456,-8.284365,-0.059349,-0.375432,23.976552,3.600000
1560,0.010000,-0.592499,-0.592671,-0.592585,-0.000012,0.819480,-0.001907,9.158366,-30.984377,0.819240,9.158439,-30.984444,0.819249,25.325768,25.316636,0.000281,25.325028,25.316025,0.000271,0.000240,nan,nan,0.000007,0.000074,-0.000067,0.000009,46.598198,50.198198,-3.599123,0.289882,-0.033851,6.489268,-33.416159,-7.515002,-0.054652,-0.336183,23.231811,3.600000
1570,0.010000,0.000000,0.000000,0.000000,0.000000,0.817543,-0.001918,9.158439,-30.984444,0.817331,9.158502,-30.984501,0.817339,25.325128,25.316125,0.000281,25.324439,25.315556,0.000271,0.000212,nan,nan,0.000006,0.000063,-0.000057,0.000008,46.598198,50.198198,-3.599671,0.283092,-0.031941,6.489268,-33.416159,-7.515009,-0.052456,-0.328309,22.816341,3.600000
1580,0.010000,-0.477482,-0.489553,-0.483518,-0.000827,0.815353,-0.002189,8.827696,-31.337143,0.815150,8.827757,-31.337199,0.815157,25.326158,25.317036,0.000281,25.325461,25.316460,0.000271,0.000204,nan,nan,0.000005,0.000061,-0.000055,0.000007,47.081712,50.681712,-3.600279,0.275888,-0.029759,6.158050,-33.768410,-6.887281,-0.047860,-0.293228,22.240392,3.600000
1590,0.010000,0.000000,0.000000,0.000000,0.000000,0.813003,-0.002290,8.827757,-31.337199,0.812866,8.827796,-31.337234,0.812871,25.325561,25.316560,0.000281,25.324914,25.316024,0.000271,0.000137,nan,nan,0.000002,0.000039,-0.000036,0.000005,47.081712,50.681712,-3.600902,0.267711,-0.027473,6.158050,-33.768410,-6.887286,-0.045291,-0.284538,21.824921,3.600000
1600,0.010000,-0.359189,-0.368156,-0.363673,-0.000614,0.810452,-0.002493,8.577801,-31.601357,0.810379,8.577822,-31.601376,0.810381,25.326184,25.317132,0.000281,25.325541,25.316599,0.000271,0.000074,nan,nan,0.000001,0.000021,-0.000019,0.000003,47.445382,51.045382,-3.601549,0.257575,-0.024983,5.908928,-34.033352,-6.415136,-0.040886,-0.254997,21.358100,3.600000
1610,0.010000,0.000000,0.000000,0.000000,0.000000,0.807771,-0.002578,8.577822,-31.601376,0.807803,8.577814,-31.601368,0.807802,25.325641,25.316699,0.000281,25.325044,25.316203,0.000271,-0.000032,nan,nan,0.000000,-0.000009,0.000008,-0.000001,47.445382,51.045382,-3.602202,0.248273,-0.022404,5.908928,-34.033352,-6.415135,-0.038034,-0.245788,20.942630,3.600000
1620,0.010000,-0.195545,-0.168300,-0.181923,0.001866,0.805262,-0.002306,8.452089,-31.732856,0.805496,8.452026,-31.732798,0.805487,25.325699,25.316787,0.000281,25.325125,25.316309,0.000271,-0.000234,nan,nan,0.000007,-0.000063,0.000058,-0.000008,47.627299,51.227299,-3.602750,0.238328,-0.020089,5.784311,-34.165883,-6.178911,-0.034653,-0.227254,20.578509,3.600000
1630,0.010000,0.000000,0.000000,0.000000,0.000000,0.802872,-0.002274,8.452026,-31.732798,0.803213,8.451937,-31.732718,0.803201,25.325225,25.316409,0.000281,25.324690,25.315965,0.000271,-0.000341,nan,nan,0.000015,-0.000089,0.000081,-0.000012,47.627301,51.227301,-3.603284,0.229970,-0.017803,5.784309,-34.165884,-6.178899,-0.032141,-0.219284,20.265739,3.600000
1640,0.010000,-0.028797,-0.062078,-0.045438,-0.002279,0.800493,-0.002200,8.420385,-31.765414,0.801001,8.420257,-31.765297,0.800983,25.324920,25.316179,0.000281,25.324419,25.315762,0.000271,-0.000507,nan,nan,0.000033,-0.000128,0.000117,-0.000018,47.672738,51.272738,-3.603773,0.221215,-0.015585,5.753184,-34.198986,-6.119875,-0.029493,-0.208921,20.004319,3.600000
1650,0.010000,0.000000,0.000000,0.000000,0.000000,0.798240,-0.002099,8.420257,-31.765297,0.798884,8.420100,-31.765154,0.798861,25.324519,25.315862,0.000281,25.324052,25.315474,0.000271,-0.000644,nan,nan,0.000053,-0.000157,0.000143,-0.000023,47.672741,51.272741,-3.604231,0.213357,-0.013463,5.753182,-34.198988,-6.119855,-0.027160,-0.201499,19.794250,3.600000
1660,0.010000,0.000000,-0.015175,-0.007587,-0.001039,0.796066,-0.002008,8.414808,-31.770591,0.796853,8.414623,-31.770422,0.796825,25.324172,25.315592,0.000281,25.323738,25.315231,0.000271,-0.000787,nan,nan,0.000079,-0.000185,0.000169,-0.000028,47.680331,51.280331,-3.604650,0.205637,-0.011427,5.747983,-34.204518,-6.109976,-0.024882,-0.193894,19.635531,3.600000
1670,0.010000,0.000000,0.000000,0.000000,0.000000,0.793942,-0.001981,8.414623,-31.770422,0.794844,8.414419,-31.770236,0.794812,25.323838,25.315331,0.000281,25.323434,25.314994,0.000271,-0.000902,nan,nan,0.000103,-0.000204,0.000186,-0.000032,47.680335,51.280335,-3.605051,0.198102,-0.009413,5.747980,-34.204521,-6.109949,-0.022662,-0.186789,19.528162,3.600000
1680,0.010000,0.095531,-0.003104,0.046214,-0.006756,0.791987,-0.001779,8.446788,-31.737252,0.793033,8.446561,-31.737045,0.792995,25.323421,25.314993,0.000281,25.323049,25.314684,0.000271,-0.001046,nan,nan,0.000139,-0.000227,0.000207,-0.000037,47.680335,51.280335,-3.651607,0.191163,-0.007597,5.747980,-34.204521,-6.169956,-0.020791,-0.182016,19.472143,3.600000
1690,0.010000,0.000000,0.000000,0.000000,0.000000,0.790385,-0.001449,8.446561,-31.737045,0.791546,8.446317,-31.736823,0.791505,25.323149,25.314784,0.000281,25.322803,25.314497,0.000271,-0.001161,nan,nan,0.000171,-0.000243,0.000222,-0.000041,47.680335,51.280335,-3.651874,0.185392,-0.006107,5.747980,-34.204521,-6.169925,-0.019129,-0.176521,19.467475,3.600000
1700,0.010000,0.103118,0.024314,0.063716,-0.005398,0.788870,-0.001300,8.491095,-31.691495,0.790205,8.490828,-31.691251,0.790158,25.322759,25.314467,0.000281,25.322443,25.314204,0.000271,-0.001336,nan,nan,0.000226,-0.000268,0.000244,-0.000048,47.680335,51.280335,-3.715822,0.180024,-0.004760,5.747980,-34.204521,-6.252676,-0.017800,-0.173708,19.514157,3.600000
1710,0.010000,0.000000,0.000000,0.000000,0.000000,0.787445,-0.001214,8.490828,-31.691251,0.788943,8.490538,-31.690987,0.788890,25.322543,25.314304,0.000281,25.322248,25.314060,0.000271,-0.001498,nan,nan,0.000285,-0.000290,0.000264,-0.000053,47.680335,51.280335,-3.716030,0.174921,-0.003492,5.747980,-34.204521,-6.252638,-0.016366,-0.168784,19.612190,3.600000
1720,0.010000,0.006035,-0.012071,-0.003018,-0.001240,0.786155,-0.001092,8.488412,-31.693128,0.787798,8.488105,-31.692849,0.787740,25.322354,25.314165,0.000281,25.322080,25.313938,0.000271,-0.001643,nan,nan,0.000343,-0.000306,0.000279,-0.000059,47.680335,51.280335,-3.713193,0.170235,-0.002341,5.747980,-34.204521,-6.248678,-0.015053,-0.164158,19.761572,3.600000
1730,0.010000,0.000000,0.000000,0.000000,0.000000,0.784968,-0.001033,8.488105,-31.692849,0.786706,8.487793,-31.692564,0.786644,25.322180,25.314038,0.000281,25.321925,25.313826,0.000271,-0.001738,nan,nan,0.000383,-0.000313,0.000285,-0.000062,47.680335,51.280335,-3.713358,0.165746,-0.001246,5.747980,-34.204521,-6.248638,-0.013808,-0.159828,19.962305,3.600000
1740,0.010000,-0.016727,-0.131915,-0.074321,-0.007890,0.784058,-0.000868,8.435305,-31.745182,0.785776,8.435004,-31.744908,0.785715,25.322170,25.314058,0.000281,25.321928,25.313856,0.000271,-0.001718,nan,nan,0.000375,-0.000301,0.000275,-0.000061,47.680335,51.280335,-3.639171,0.161957,-0.000317,5.747980,-34.204521,-6.152020,-0.012560,-0.153759,20.214389,3.600000
1750,0.010000,0.000000,0.000000,0.000000,0.000000,0.783504,-0.000639,8.435004,-31.744908,0.785076,8.434738,-31.744665,0.785020,25.322028,25.313956,0.000281,25.321803,25.313769,0.000271,-0.001571,nan,nan,0.000313,-0.000266,0.000242,-0.000056,47.680335,51.280335,-3.639266,0.159068,0.000378,5.747980,-34.204521,-6.151986,-0.011771,-0.151016,20.517822,3.600000
1760,0.010000,-0.209168,-0.239517,-0.224343,-0.002079,0.783403,-0.000357,8.276044,-31.903239,0.784663,8.275832,-31.903045,0.784618,25.322317,25.314248,0.000281,25.322093,25.314060,0.000271,-0.001260,nan,nan,0.000201,-0.000212,0.000194,-0.000045,47.872025,51.472025,-3.606568,0.151363,0.000780,5.616669,-34.344171,-5.860420,-0.010311,-0.136890,20.515538,3.600000
1770,0.010000,0.000000,0.000000,0.000000,0.000000,0.783497,-0.000197,8.275832,-31.903045,0.784421,8.275682,-31.902908,0.784388,25.322193,25.314160,0.000281,25.321985,25.313986,0.000271,-0.000924,nan,nan,0.000108,-0.000150,0.000137,-0.000033,47.872027,51.472027,-3.606596,0.150330,0.001010,5.616667,-34.344173,-5.860401,-0.010048,-0.135956,20.515505,3.600000
1780,0.010000,-0.327288,-0.345567,-0.336428,-0.001252,0.783857,0.000064,8.037552,-32.140558,0.784452,8.037454,-32.140468,0.784431,25.322688,25.314640,0.000281,25.322473,25.314459,0.000271,-0.000595,nan,nan,0.000045,-0.000098,0.000090,-0.000021,48.208287,51.808287,-3.606247,0.139668,0.000967,5.386322,-34.589145,-5.423205,-0.008558,-0.116890,19.735428,3.600000
1790,0.010000,0.000000,0.000000,0.000000,0.000000,0.784308,0.000112,8.037454,-32.140468,0.784543,8.037416,-32.140433,0.784534,25.322573,25.314559,0.000281,25.322374,25.314391,0.000271,-0.000234,nan,nan,0.000007,-0.000037,0.000034,-0.000008,48.208287,51.808287,-3.606231,0.139991,0.000864,5.386321,-34.589146,-5.423200,-0.008664,-0.117160,19.735419,3.600000
1800,0.010000,-0.354706,-0.298491,-0.326599,0.003850,0.784704,-0.000000,7.806277,-32.371174,0.784534,7.806304,-32.371199,0.784540,25.323046,25.315018,0.000281,25.322841,25.314844,0.000271,0.000170,nan,nan,0.000004,0.000027,-0.000025,0.000006,48.534722,52.134722,-3.605904,0.129727,0.000858,5.162707,-34.826961,-4.998823,-0.007302,-0.100074,18.947522,3.600000
1810,0.010000,0.000000,0.000000,0.000000,0.000000,0.784876,-0.000485,7.806304,-32.371199,0.784056,7.806432,-32.371317,0.784085,25.322941,25.314944,0.000281,25.322751,25.314781,0.000271,0.000821,nan,nan,0.000085,0.000128,-0.000118,0.000029,48.534722,52.134722,-3.605970,0.128258,0.001313,5.162707,-34.826961,-4.998840,-0.006838,-0.098941,18.947553,3.600000
1820,0.010000,-0.218135,-0.077252,-0.147694,0.009649,0.784236,-0.000916,7.701860,-32.475615,0.783169,7.702024,-32.475766,0.783207,25.323100,25.315112,0.000281,25.322915,25.314953,0.000271,0.001068,nan,nan,0.000145,0.000164,-0.000152,0.000038,48.682336,52.282336,-3.605931,0.120580,0.002191,5.061588,-34.934501,-4.806957,-0.005359,-0.089448,18.580340,3.600000
1830,0.010000,0.000000,0.000000,0.000000,0.000000,0.784593,0.000666,7.702024,-32.475766,0.783873,7.702130,-32.475865,0.783898,25.323015,25.315053,0.000281,25.322842,25.314906,0.000271,0.000721,nan,nan,0.000066,0.000107,-0.000099,0.000026,48.682336,52.282336,-3.605853,0.123219,0.001500,5.061588,-34.934501,-4.806971,-0.006082,-0.091406,18.580367,3.600000
1840,0.010000,-0.003104,0.074149,0.035522,0.005291,0.786107,0.001497,7.727286,-32.450785,0.785395,7.727387,-32.450878,0.785420,25.322886,25.314953,0.000281,25.322727,25.314818,0.000271,0.000712,nan,nan,0.000064,0.000101,-0.000093,0.000025,48.682336,52.282336,-3.641189,0.128899,-0.000022,5.061588,-34.934501,-4.853139,-0.007741,-0.096537,18.669380,3.600000
1850,0.010000,0.000000,0.000000,0.000000,0.000000,0.787445,0.001252,7.727387,-32.450878,0.786672,7.727493,-32.450976,0.786700,25.322827,25.314918,0.000281,25.322679,25.314792,0.000271,0.000773,nan,nan,0.000076,0.000106,-0.000098,0.000028,48.682336,52.282336,-3.641026,0.133700,-0.001301,5.061588,-34.934501,-4.853153,-0.009078,-0.100134,18.669406,3.600000
1860,0.010000,0.000000,0.075873,0.037936,0.005197,0.788641,0.001257,7.754283,-32.424116,0.787957,7.754373,-32.424199,0.787981,25.322724,25.314840,0.000281,25.322588,25.314725,0.000271,0.000685,nan,nan,0.000059,0.000090,-0.000083,0.000024,48.682336,52.282336,-3.678793,0.138537,-0.002583,5.061588,-34.934501,-4.902451,-0.010503,-0.104810,18.763990,3.600000
1870,0.010000,0.012071,0.000000,0.006035,-0.000827,0.789997,0.001433,7.758629,-32.419920,0.789414,7.758703,-32.419988,0.789435,25.322680,25.314817,0.000281,25.322554,25.314709,0.000271,0.000583,nan,nan,0.000043,0.000074,-0.000068,0.000021,48.682336,52.282336,-3.684627,0.143993,-0.004036,5.061588,-34.934501,-4.910302,-0.012039,-0.109112,18.779007,3.600000
1880,0.010000,0.000000,0.024141,0.012071,0.001654,0.791367,0.001380,7.767204,-32.411419,0.790814,7.767271,-32.411481,0.790834,25.322638,25.314794,0.000281,25.322522,25.314695,0.000271,0.000553,nan,nan,0.000039,0.000067,-0.000062,0.000020,48.682336,52.282336,-3.696495,0.149257,-0.005436,5.061588,-34.934501,-4.925991,-0.013534,-0.113463,18.808985,3.600000
1890,0.010000,0.003104,0.000000,0.001552,-0.000213,0.792456,0.001060,7.768362,-32.410377,0.791894,7.768428,-32.410438,0.791914,25.322619,25.314793,0.000281,25.322511,25.314701,0.000271,0.000562,nan,nan,0.000040,0.000066,-0.000061,0.000020,48.682336,52.282336,-3.697887,0.153340,-0.006516,5.061588,-34.934501,-4.928016,-0.014672,-0.116614,18.812849,3.600000
1900,0.010000,0.000000,0.000000,0.000000,0.000000,0.793044,0.000581,7.768428,-32.410438,0.792494,7.768490,-32.410495,0.792514,25.322611,25.314801,0.000281,25.322511,25.314715,0.000271,0.000550,nan,nan,0.000038,0.000062,-0.000057,0.000020,48.682336,52.282336,-3.697797,0.155644,-0.007116,5.061588,-34.934501,-4.928024,-0.015304,-0.118367,18.812865,3.600000
1910,0.010000,0.000000,0.000000,0.000000,0.000000,0.793377,0.000469,7.768490,-32.410495,0.792983,7.768533,-32.410535,0.792997,25.322611,25.314815,0.000281,25.322518,25.314736,0.000271,0.000394,nan,nan,0.000020,0.000043,-0.000040,0.000014,48.682336,52.282336,-3.697723,0.157487,-0.007599,5.061588,-34.934501,-4.928029,-0.015812,-0.119769,18.812875,3.600000
1920,0.010000,0.000000,-0.008967,-0.004483,-0.000614,0.793772,0.000554,7.765387,-32.413729,0.793551,7.765410,-32.413751,0.793559,25.322623,25.314840,0.000281,25.322536,25.314766,0.000271,0.000221,nan,nan,0.000006,0.000023,-0.000021,0.000008,48.682336,52.282336,-3.693152,0.159594,-0.008160,5.061588,-34.934501,-4.922209,-0.016390,-0.121228,18.801762,3.600000
1930,0.010000,0.000000,0.000000,0.000000,0.000000,0.793915,0.000101,7.765410,-32.413751,0.793660,7.765436,-32.413775,0.793669,25.322636,25.314866,0.000281,25.322555,25.314797,0.000271,0.000256,nan,nan,0.000008,0.000026,-0.000024,0.000009,48.682336,52.282336,-3.693135,0.160037,-0.008271,5.061588,-34.934501,-4.922212,-0.016507,-0.121564,18.801768,3.600000
1940,0.010000,0.000000,-0.060698,-0.030349,-0.004157,0.793257,-0.000714,7.744154,-32.435412,0.792955,7.744184,-32.435439,0.792966,25.322688,25.314927,0.000281,25.322612,25.314862,0.000271,0.000302,nan,nan,0.000012,0.000030,-0.000028,0.000011,48.682336,52.282336,-3.662899,0.157502,-0.007568,5.061588,-34.934501,-4.882797,-0.015700,-0.118681,18.726338,3.600000
1950,0.010000,-0.036385,0.000000,-0.018192,0.002492,0.792354,-0.000783,7.731418,-32.448400,0.792183,7.731434,-32.448415,0.792189,25.322731,25.314980,0.000281,25.322659,25.314918,0.000271,0.000171,nan,nan,0.000004,0.000016,-0.000015,0.000006,48.682336,52.282336,-3.644829,0.154693,-0.006791,5.061588,-34.934501,-4.859169,-0.014848,-0.116000,18.680975,3.600000
1960,0.010000,0.000000,-0.150022,-0.075011,-0.010275,0.791870,-0.000362,7.678755,-32.501815,0.791827,7.678759,-32.501818,0.791828,25.322838,25.315090,0.000281,25.322768,25.315030,0.000271,0.000043,nan,nan,0.000000,0.000004,-0.000004,0.000002,48.717252,52.317252,-3.604779,0.152561,-0.006430,5.037669,-34.959939,-4.761739,-0.014241,-0.112108,18.492742,3.600000
1970,0.010000,-0.204512,0.000000,-0.102256,0.014008,0.791554,-0.000437,7.606919,-32.574588,0.791392,7.606934,-32.574602,0.791397,25.322973,25.315226,0.000281,25.322905,25.315168,0.000271,0.000162,nan,nan,0.000003,0.000015,-0.000014,0.000006,48.819478,52.419478,-3.557562,0.149711,-0.005999,5.000000,-35.000000,-4.628924,-0.013475,-0.106944,18.233019,3.600000
1980,0.010000,0.000000,-0.224343,-0.112171,-0.015366,0.791073,-0.000586,7.528095,-32.654393,0.790811,7.528119,-32.654416,0.790821,25.323120,25.315373,0.000281,25.323052,25.315315,0.000271,0.000262,nan,nan,0.000009,0.000024,-0.000023,0.000009,48.931615,52.531615,-3.445478,0.147757,-0.005423,5.000000,-35.000000,-4.483238,-0.012625,-0.102227,17.943801,3.600000
10,4.018000,0.000000,0.000000,0.000000,nan,0.790500,0.000000,7.366032,-32.818248,0.790212,7.366058,-32.818273,0.790222,25.323419,25.315672,0.000281,25.323353,25.315614,0.000271,0.000288,nan,nan,0.000011,0.000026,-0.000025,0.000010,0.000000,3.600000,3.600000,-0.000000,0.000000,9.899332,-30.260437,0.051350,0.000000,-0.000000,0.051350,3.600000
20,0.010000,0.000000,0.000000,0.000000,0.000000,0.799517,-0.000117,7.366058,-32.818273,0.790105,7.366889,-32.819048,0.790441,25.323453,25.315714,0.000281,25.323392,25.315661,0.000271,0.009412,nan,nan,0.011240,0.000831,-0.000775,0.000335,0.000034,3.600034,3.600000,0.000350,-0.000218,9.899356,-30.260413,0.154051,-0.000178,0.000008,0.154051,3.600000
30,0.010000,0.000000,0.000000,0.000000,0.000000,0.799445,-0.000048,7.366889,-32.819048,0.790393,7.367659,-32.819767,0.790715,25.323492,25.315761,0.000281,25.323434,25.315711,0.000271,0.009053,nan,nan,0.010399,0.000771,-0.000719,0.000322,0.000065,3.600065,3.600001,0.000415,-0.000493,9.899378,-30.260391,0.308102,-0.000402,0.000020,0.308102,3.600000
40,0.010000,0.000000,0.000000,0.000000,0.000000,0.799539,0.000133,7.367659,-32.819767,0.790848,7.368373,-32.820432,0.791158,25.323534,25.315811,0.000281,25.323481,25.315765,0.000271,0.008690,nan,nan,0.009583,0.000713,-0.000666,0.000310,0.000094,3.600094,3.600001,-0.000203,-0.000935,9.899399,-30.260370,0.513502,-0.000768,-0.000016,0.513503,3.600000
50,0.010000,0.000000,0.000000,0.000000,0.000000,0.799591,-0.000000,7.368373,-32.820432,0.791158,7.369040,-32.821055,0.791458,25.323581,25.315865,0.000281,25.323532,25.315822,0.000271,0.008433,nan,nan,0.009024,0.000668,-0.000623,0.000300,0.000122,3.600122,3.600002,-0.000372,-0.001236,9.899418,-30.260351,0.770253,-0.001017,-0.000044,0.770255,3.600000
60,0.010000,0.000000,0.000000,0.000000,0.000000,0.799593,-0.000000,7.369040,-32.821055,0.791458,7.369661,-32.821634,0.791748,25.323632,25.315922,0.000281,25.323586,25.315882,0.000271,0.008135,nan,nan,0.008397,0.000621,-0.000579,0.000290,0.000147,3.600147,3.600003,-0.000566,-0.001526,9.899436,-30.260333,1.078352,-0.001258,-0.000094,1.078357,3.600000
70,0.010000,0.000000,0.000000,0.000000,0.000000,0.799637,0.000069,7.369661,-32.821634,0.791817,7.370237,-32.822172,0.792096,25.323686,25.315982,0.000281,25.323643,25.315945,0.000271,0.007820,nan,nan,0.007760,0.000576,-0.000537,0.000279,0.000170,3.600170,3.600004,-0.001031,-0.001873,9.899452,-30.260316,1.437799,-0.001554,-0.000229,1.437809,3.600000
80,0.010000,0.000000,0.000000,0.000000,0.000000,0.799750,0.000096,7.370237,-32.822172,0.792192,7.370774,-32.822672,0.792461,25.323743,25.316045,0.000281,25.323704,25.316010,0.000271,0.007559,nan,nan,0.007250,0.000537,-0.000501,0.000269,0.000192,3.600192,3.600005,-0.001612,-0.002238,9.899468,-30.260301,1.848593,-0.001872,-0.000460,1.848611,3.600000
90,0.010000,0.000000,0.000000,0.000000,0.000000,0.799812,0.000064,7.370774,-32.822672,0.792525,7.371273,-32.823138,0.792784,25.323804,25.316110,0.000281,25.323767,25.316078,0.000271,0.007287,nan,nan,0.006738,0.000499,-0.000465,0.000260,0.000213,3.600213,3.600006,-0.002095,-0.002562,9.899482,-30.260286,2.310733,-0.002161,-0.000747,2.310764,3.600000
100,0.010000,0.000000,0.000000,0.000000,0.000000,0.799829,-0.000000,7.371273,-32.823138,0.792784,7.371738,-32.823572,0.793035,25.323867,25.316178,0.000281,25.323832,25.316148,0.000271,0.007045,nan,nan,0.006297,0.000465,-0.000434,0.000251,0.000232,3.600232,3.600008,-0.002362,-0.002813,9.899495,-30.260273,2.824221,-0.002389,-0.001030,2.824267,3.600000
110,0.010000,0.000000,0.000000,0.000000,0.000000,0.799768,-0.000117,7.371738,-32.823572,0.792918,7.372174,-32.823979,0.793162,25.323932,25.316248,0.000281,25.323900,25.316220,0.000271,0.006850,nan,nan,0.005954,0.000436,-0.000407,0.000244,0.000249,3.600249,3.600009,-0.002223,-0.002940,9.899508,-30.260260,3.389061,-0.002504,-0.001162,3.389121,3.600000
120,0.010000,0.000000,0.000000,0.000000,0.000000,0.799666,-0.000123,7.372174,-32.823979,0.793040,7.372581,-32.824358,0.793276,25.324000,25.316320,0.000281,25.323971,25.316295,0.000271,0.006627,nan,nan,0.005572,0.000407,-0.000380,0.000236,0.000266,3.600266,3.600010,-0.002075,-0.003053,9.899520,-30.260248,3.995914,-0.002606,-0.001280,3.995988,3.600000
130,0.010000,0.000000,0.000000,0.000000,0.000000,0.799585,-0.000059,7.372581,-32.824358,0.793217,7.372958,-32.824710,0.793444,25.324071,25.316395,0.000281,25.324043,25.316370,0.000271,0.006367,nan,nan,0.005145,0.000377,-0.000352,0.000227,0.000281,3.600281,3.600012,-0.002165,-0.003222,9.899530,-30.260237,4.602761,-0.002765,-0.001538,4.602855,3.600000
140,0.010000,0.000000,0.000000,0.000000,0.000000,0.799571,-0.000000,7.372958,-32.824710,0.793444,7.373308,-32.825037,0.793662,25.324143,25.316470,0.000281,25.324117,25.316448,0.000271,0.006127,nan,nan,0.004763,0.000350,-0.000326,0.000218,0.000296,3.600296,3.600013,-0.002472,-0.003440,9.899540,-30.260227,5.209599,-0.002980,-0.001988,5.209723,3.600000
150,0.010000,0.000000,0.000000,0.000000,0.000000,0.799692,0.000149,7.373308,-32.825037,0.793811,7.373632,-32.825339,0.794021,25.324217,25.316548,0.000281,25.324193,25.316527,0.000271,0.005880,nan,nan,0.004388,0.000324,-0.000302,0.000209,0.000309,3.600309,3.600013,-0.003321,-0.003798,9.899550,-30.260218,5.816413,-0.003353,-0.002981,5.816590,3.600000
160,0.010000,0.000000,0.000000,0.000000,0.000000,0.799800,0.000085,7.373632,-32.825339,0.794106,7.373934,-32.825621,0.794309,25.324293,25.316627,0.000281,25.324271,25.316608,0.000271,0.005694,nan,nan,0.004114,0.000302,-0.000282,0.000203,0.000321,3.600321,3.600014,-0.003944,-0.004086,9.899558,-30.260209,6.423224,-0.003664,-0.003910,6.423457,3.600000
170,0.010000,0.000000,0.000000,0.000000,0.000000,0.799775,-0.000064,7.373934,-32.825621,0.794245,7.374217,-32.825885,0.794442,25.324371,25.316708,0.000281,25.324350,25.316690,0.000271,0.005530,nan,nan,0.003880,0.000283,-0.000264,0.000197,0.000333,3.600333,3.600015,-0.004036,-0.004219,9.899567,-30.260201,7.030054,-0.003810,-0.004379,7.030325,3.600000
180,0.010000,0.000000,0.000000,0.000000,0.000000,0.799685,-0.000107,7.374217,-32.825885,0.794335,7.374482,-32.826132,0.794526,25.324450,25.316790,0.000281,25.324431,25.316773,0.000271,0.005350,nan,nan,0.003631,0.000264,-0.000247,0.000191,0.000344,3.600344,3.600016,-0.003977,-0.004304,9.899574,-30.260193,7.636889,-0.003904,-0.004687,7.637192,3.600000
190,0.010000,0.000000,0.000000,0.000000,0.000000,0.799583,-0.000091,7.374482,-32.826132,0.794435,7.374727,-32.826361,0.794619,25.324531,25.316873,0.000281,25.324513,25.316858,0.000271,0.005148,nan,nan,0.003362,0.000245,-0.000229,0.000183,0.000354,3.600354,3.600017,-0.003976,-0.004396,9.899581,-30.260186,8.243721,-0.004010,-0.005058,8.244059,3.600000
200,0.010000,0.000000,0.000000,0.000000,0.000000,0.799494,-0.000085,7.374727,-32.826361,0.794534,7.374955,-32.826573,0.794710,25.324613,25.316958,0.000281,25.324597,25.316943,0.000271,0.004960,nan,nan,0.003122,0.000228,-0.000213,0.000177,0.000363,3.600363,3.600018,-0.003994,-0.004488,9.899588,-30.260179,8.850549,-0.004116,-0.005455,8.850927,3.600000
210,0.010000,0.000000,0.000000,0.000000,0.000000,0.799422,-0.000064,7.374955,-32.826573,0.794646,7.375166,-32.826771,0.794816,25.324697,25.317043,0.000281,25.324681,25.317030,0.000271,0.004776,nan,nan,0.002894,0.000212,-0.000197,0.000170,0.000371,3.600371,3.600019,-0.004087,-0.004594,9.899594,-30.260173,9.457372,-0.004244,-0.005965,9.457794,3.600000
220,0.010000,0.000000,0.000000,0.000000,0.000000,0.799393,-0.000000,7.375166,-32.826771,0.794816,7.375362,-32.826953,0.794980,25.324781,25.317130,0.000281,25.324767,25.317117,0.000271,0.004577,nan,nan,0.002658,0.000196,-0.000182,0.000163,0.000379,3.600379,3.600020,-0.004407,-0.004757,9.899599,-30.260168,10.064173,-0.004448,-0.006844,10.064661,3.600000
230,0.010000,0.000000,0.018106,0.009053,0.001240,0.799439,0.000048,7.381702,-32.820491,0.795027,7.381883,-32.820659,0.795185,25.324863,25.317213,0.000281,25.324849,25.317202,0.000271,0.004411,nan,nan,0.002469,0.000181,-0.000169,0.000157,0.009440,3.609440,3.600020,-0.004941,-0.004962,9.905975,-30.253730,10.670952,-0.004720,-0.008136,10.671529,3.600000
240,0.010000,0.003104,0.000000,0.001552,-0.000213,0.799483,0.000059,7.382969,-32.819551,0.795243,7.383137,-32.819707,0.795394,25.324949,25.317301,0.000281,25.324936,25.317290,0.000271,0.004240,nan,nan,0.002281,0.000167,-0.000156,0.000151,0.010999,3.610999,3.600020,-0.005474,-0.005172,9.907072,-30.252623,11.277718,-0.005003,-0.009528,11.278396,3.600000
250,0.010000,0.000000,0.021210,0.010605,0.001453,0.799498,-0.000000,7.390560,-32.812134,0.795394,7.390715,-32.812279,0.795540,25.325032,25.317386,0.000281,25.325021,25.317377,0.000271,0.004103,nan,nan,0.002137,0.000155,-0.000145,0.000146,0.021610,3.621610,3.600020,-0.005843,-0.005318,9.914539,-30.245083,11.884496,-0.005218,-0.010717,11.885264,3.600000
260,0.010000,0.030349,0.000000,0.015175,-0.002079,0.799411,-0.000091,7.401336,-32.801440,0.795450,7.401479,-32.801574,0.795591,25.325114,25.317471,0.000281,25.325104,25.317462,0.000271,0.003961,nan,nan,0.001991,0.000143,-0.000133,0.000141,0.036790,3.636790,3.600020,-0.005911,-0.005368,9.925221,-30.234298,12.491308,-0.005314,-0.011394,12.492131,3.600000
270,0.010000,0.000000,0.045524,0.022762,0.003118,0.799309,-0.000096,7.417409,-32.785315,0.795495,7.417540,-32.785437,0.795631,25.325195,25.317554,0.000281,25.325186,25.317546,0.000271,0.003814,nan,nan,0.001846,0.000131,-0.000122,0.000136,0.059557,3.659557,3.600020,-0.005998,-0.005408,9.941242,-30.218121,13.098120,-0.005405,-0.012125,13.098998,3.600000
280,0.010000,0.066561,0.000000,0.033281,-0.004559,0.799183,-0.000096,7.440831,-32.761664,0.795535,7.440948,-32.761774,0.795665,25.325274,25.317635,0.000281,25.325266,25.317628,0.000271,0.003648,nan,nan,0.001689,0.000118,-0.000109,0.000130,0.092842,3.692842,3.600020,-0.006141,-0.005443,9.964664,-30.194472,13.704928,-0.005502,-0.012987,13.705866,3.600000
290,0.010000,0.091048,0.084840,0.087944,-0.000425,0.799106,-0.000043,7.502492,-32.698953,0.795622,7.502593,-32.699046,0.795746,25.325336,25.317701,0.000281,25.325329,25.317695,0.000271,0.003484,nan,nan,0.001540,0.000101,-0.000093,0.000124,0.180789,3.780789,3.600017,-0.006775,-0.005524,10.026551,-30.131985,14.311684,-0.005727,-0.014964,14.312733,3.600000
300,0.010000,0.000000,0.000000,0.000000,0.000000,0.799064,-0.000000,7.502593,-32.699046,0.795746,7.502685,-32.699132,0.795865,25.325429,25.317795,0.000281,25.325423,25.317790,0.000271,0.003317,nan,nan,0.001397,0.000092,-0.000086,0.000118,0.180793,3.780793,3.600017,-0.007075,-0.005642,10.026554,-30.131982,14.918447,-0.005930,-0.016288,14.919600,3.600000
310,0.010000,0.136399,0.110706,0.123552,-0.001760,0.799044,-0.000000,7.589131,-32.610858,0.795865,7.589207,-32.610927,0.795978,25.325488,25.317858,0.000281,25.325484,25.317854,0.000271,0.003180,nan,nan,0.001283,0.000076,-0.000070,0.000113,0.304348,3.904348,3.600013,-0.008077,-0.005755,10.113498,-30.044195,15.525137,-0.006267,-0.019351,15.526468,3.600000
320,0.010000,0.000000,0.000000,0.000000,0.000000,0.799089,0.000091,7.589207,-32.610927,0.796068,7.589276,-32.610991,0.796176,25.325584,25.317954,0.000281,25.325579,25.317950,0.000271,0.003021,nan,nan,0.001158,0.000069,-0.000064,0.000108,0.304351,3.904351,3.600012,-0.008696,-0.005954,10.113500,-30.044193,16.131818,-0.006614,-0.021648,16.133335,3.600000
330,0.010000,0.189338,0.146918,0.168128,-0.002905,0.799202,0.000154,7.706872,-32.490833,0.796331,7.706924,-32.490880,0.796433,25.325641,25.318016,0.000281,25.325639,25.318014,0.000271,0.002872,nan,nan,0.001046,0.000052,-0.000047,0.000102,0.472479,4.072479,3.600004,-0.010551,-0.006210,10.231810,-29.924736,16.738295,-0.007273,-0.027254,16.740202,3.600000
340,0.010000,0.000000,0.000000,0.000000,0.000000,0.799377,0.000229,7.706924,-32.490880,0.796662,7.706971,-32.490923,0.796759,25.325739,25.318114,0.000281,25.325736,25.318112,0.000271,0.002715,nan,nan,0.000936,0.000047,-0.000043,0.000097,0.472482,4.072482,3.600001,-0.011660,-0.006536,10.231812,-29.924734,17.344792,-0.007856,-0.031210,17.347070,3.600000
350,0.010000,0.195545,0.203133,0.199339,0.000520,0.799622,0.000272,7.846315,-32.348377,0.797030,7.846346,-32.348404,0.797123,25.325804,25.318184,0.000281,25.325803,25.318183,0.000271,0.002592,nan,nan,0.000853,0.000031,-0.000027,0.000092,0.671819,4.271819,3.599987,-0.014232,-0.006900,10.372083,-29.783103,17.950944,-0.008812,-0.039427,17.953937,3.600000
360,0.010000,0.000000,0.000000,0.000000,0.000000,0.799865,0.000256,7.846346,-32.348404,0.797378,7.846374,-32.348429,0.797467,25.325903,25.318283,0.000281,25.325902,25.318283,0.000271,0.002487,nan,nan,0.000785,0.000029,-0.000025,0.000089,0.671821,4.271821,3.599983,-0.015434,-0.007244,10.372084,-29.783102,18.557283,-0.009476,-0.044199,18.560804,3.600000
370,0.010000,0.219859,0.248484,0.234172,0.001961,0.800117,0.000261,8.009948,-32.180858,0.797728,8.009961,-32.180868,0.797813,25.325980,25.318365,0.000281,25.325980,25.318365,0.000271,0.002390,nan,nan,0.000725,0.000013,-0.000010,0.000085,0.905988,4.505988,3.599964,-0.018360,-0.007590,10.536865,-29.616724,19.163100,-0.010568,-0.054296,19.167672,3.600000
380,0.010000,0.000000,0.000000,0.000000,0.000000,0.800336,0.000213,8.009961,-32.180868,0.798026,8.009973,-32.180877,0.798108,25.326080,25.318465,0.000281,25.326080,25.318465,0.000271,0.002310,nan,nan,0.000677,0.000012,-0.000009,0.000082,0.905990,4.505990,3.599959,-0.019409,-0.007886,10.536866,-29.616722,19.769347,-0.011203,-0.059213,19.774539,3.600000
390,0.010000,0.304526,0.283489,0.294008,-0.001441,0.800452,0.000064,8.215208,-31.970356,0.798172,8.215203,-31.970349,0.798253,25.326175,25.318564,0.000281,25.326175,25.318564,0.000271,0.002280,nan,nan,0.000659,-0.000005,0.000007,0.000081,1.199991,4.799991,3.599937,-0.022259,-0.008031,10.743750,-29.407832,20.375003,-0.012184,-0.069987,20.381406,3.600000
400,0.010000,0.000000,0.000000,0.000000,0.000000,0.800420,-0.000069,8.215203,-31.970349,0.798184,8.215198,-31.970342,0.798264,25.326275,25.318664,0.000281,25.326275,25.318664,0.000271,0.002236,nan,nan,0.000635,-0.000005,0.000007,0.000080,1.199992,4.799992,3.599937,-0.022305,-0.008041,10.743751,-29.407831,20.981656,-0.012372,-0.072220,20.988274,3.600000
410,0.010000,0.324357,0.331944,0.328151,0.000520,0.800411,-0.000000,8.444231,-31.735339,0.798264,8.444209,-31.735315,0.798340,25.326398,25.318789,0.000281,25.326397,25.318788,0.000271,0.002147,nan,nan,0.000585,-0.000022,0.000023,0.000076,1.528133,5.128133,3.597845,-0.007445,0.023603,10.960464,-29.163739,21.573030,0.017371,-0.024786,21.595141,3.600000
420,0.010000,0.000000,0.000000,0.000000,0.000000,0.800398,-0.000043,8.444209,-31.735315,0.798298,8.444189,-31.735293,0.798373,25.326497,25.318888,0.000281,25.326497,25.318887,0.000271,0.002101,nan,nan,0.000560,-0.000021,0.000022,0.000075,1.528134,5.128134,3.597844,-0.007591,0.023571,10.960465,-29.163738,22.179316,0.017249,-0.025982,22.202008,3.600000
430,0.010000,0.369708,0.346946,0.358327,-0.001559,0.800355,-0.000053,8.694256,-31.478651,0.798319,8.694218,-31.478613,0.798392,25.326653,25.319044,0.000281,25.326650,25.319041,0.000271,0.002036,nan,nan,0.000526,-0.000037,0.000038,0.000073,1.886450,5.486450,3.592038,0.039158,0.112256,11.172910,-28.878544,22.289317,0.102825,0.134692,22.808876,3.600000
440,0.010000,0.000000,0.000000,0.000000,0.000000,0.800243,-0.000197,8.694218,-31.478613,0.798195,8.694182,-31.478576,0.798268,25.326750,25.319141,0.000281,25.326748,25.319138,0.000271,0.002049,nan,nan,0.000533,-0.000036,0.000037,0.000073,1.886451,5.486451,3.592032,0.039552,0.112380,11.172910,-28.878544,22.880952,0.103325,0.139659,23.415743,3.600000
450,0.010000,0.371433,0.339531,0.355482,-0.002185,0.800113,-0.000144,8.942290,-31.223999,0.798124,8.942239,-31.223947,0.798195,25.326934,25.319323,0.000281,25.326928,25.319318,0.000271,0.001990,nan,nan,0.000502,-0.000051,0.000052,0.000071,2.241922,5.841922,3.586260,0.086277,0.200453,11.383668,-28.595615,22.335818,0.188163,0.297387,24.022610,3.600000
460,0.010000,0.000000,0.000000,0.000000,0.000000,0.799936,-0.000186,8.942239,-31.223947,0.798008,8.942191,-31.223899,0.798077,25.327028,25.319418,0.000281,25.327024,25.319413,0.000271,0.001928,nan,nan,0.000472,-0.000048,0.000048,0.000069,2.241923,5.841923,3.586249,0.086632,0.200571,11.383668,-28.595614,22.897696,0.188958,0.306121,24.629478,3.600000
470,0.010000,0.459204,0.421440,0.440322,-0.002587,0.799708,-0.000234,9.249573,-30.908622,0.797843,9.249508,-30.908557,0.797909,25.327270,25.319655,0.000281,25.327260,25.319646,0.000271,0.001865,nan,nan,0.000442,-0.000065,0.000065,0.000066,2.682231,6.282231,3.575574,0.174871,0.239873,11.620802,-28.226716,22.591580,0.245468,0.609661,25.236345,3.600000
480,0.010000,0.000000,0.000000,0.000000,0.000000,0.799460,-0.000240,9.249508,-30.908557,0.797669,9.249448,-30.908497,0.797733,25.327360,25.319746,0.000281,25.327351,25.319737,0.000271,0.001790,nan,nan,0.000407,-0.000060,0.000060,0.000064,2.682232,6.282232,3.575542,0.175415,0.240048,11.620803,-28.226716,23.129920,0.246930,0.626131,25.843212,3.600000
490,0.010000,0.454720,0.472826,0.463773,0.001240,0.799269,-0.000304,9.573315,-30.576540,0.797430,9.573235,-30.576460,0.797495,25.327650,25.320030,0.000281,25.327635,25.320015,0.000271,0.001839,nan,nan,0.000429,-0.000080,0.000080,0.000066,3.145992,6.745992,3.562162,0.286408,0.240287,11.856454,-27.827289,23.198778,0.279064,1.025359,26.450080,3.600000
500,0.010000,0.000000,0.000000,0.000000,0.000000,0.799115,-0.000138,9.573235,-30.576460,0.797357,9.573161,-30.576386,0.797419,25.327735,25.320115,0.000281,25.327721,25.320102,0.000271,0.001758,nan,nan,0.000392,-0.000074,0.000074,0.000063,3.145992,6.745992,3.562140,0.286574,0.240362,11.856454,-27.827289,23.728764,0.281048,1.049391,27.056947,3.600000
510,0.010000,0.477310,0.460756,0.469033,-0.001134,0.799067,-0.000165,9.900806,-30.240767,0.797254,9.900712,-30.240674,0.797319,25.328067,25.320439,0.000281,25.328045,25.320418,0.000271,0.001813,nan,nan,0.000417,-0.000095,0.000094,0.000065,3.615013,7.215013,3.548603,0.398450,0.240463,12.094779,-27.423331,23.559811,0.313074,1.448675,27.663814,3.600000
520,0.010000,0.000000,0.444029,0.222015,0.030413,0.798921,-0.000170,10.055817,-30.081826,0.797148,10.055718,-30.081728,0.797211,25.328278,25.320646,0.000281,25.328254,25.320622,0.000271,0.001773,nan,nan,0.000399,-0.000099,0.000098,0.000063,3.837021,7.437021,3.542161,0.451563,0.240570,12.207588,-27.232120,23.672652,0.329239,1.649645,28.270682,3.600000
530,0.010000,0.489553,0.000000,0.244776,-0.033531,0.798918,-0.000101,10.226745,-29.906612,0.797110,10.226636,-29.906506,0.797175,25.328511,25.320873,0.000281,25.328483,25.320846,0.000271,0.001808,nan,nan,0.000415,-0.000108,0.000107,0.000064,4.081792,7.681792,3.535086,0.509859,0.240607,12.331964,-27.021304,23.689086,0.346410,1.863905,28.877549,3.600000
540,0.010000,0.000000,0.512315,0.256157,0.035090,0.798921,-0.000000,10.405621,-29.723254,0.797175,10.405510,-29.723144,0.797237,25.328758,25.321115,0.000281,25.328726,25.321084,0.000271,0.001747,nan,nan,0.000387,-0.000112,0.000110,0.000062,4.337942,7.937942,3.527735,0.570522,0.240545,12.462122,-26.800687,23.627045,0.363663,2.080207,29.484416,3.600000
550,0.010000,0.513867,0.000000,0.256933,-0.035196,0.798949,-0.000000,10.585025,-29.539327,0.797237,10.584909,-29.539212,0.797298,25.329014,25.321365,0.000281,25.328978,25.321329,0.000271,0.001712,nan,nan,0.000372,-0.000117,0.000115,0.000061,4.594869,8.194869,3.520369,0.631352,0.240484,12.592675,-26.579402,23.506280,0.380416,2.290236,30.091284,3.600000
560,0.010000,0.000000,0.490932,0.245466,0.033626,0.799090,0.000192,10.756402,-29.363588,0.797490,10.756287,-29.363476,0.797547,25.329268,25.321612,0.000281,25.329227,25.321573,0.000271,0.001600,nan,nan,0.000325,-0.000115,0.000113,0.000057,4.840328,8.440328,3.513470,0.688779,0.240235,12.717401,-26.367992,23.373697,0.395750,2.484460,30.698151,3.600000
570,0.010000,0.536456,0.000000,0.268228,-0.036744,0.799370,0.000384,10.943635,-29.171519,0.797930,10.943526,-29.171412,0.797981,25.329546,25.321883,0.000281,25.329501,25.321839,0.000271,0.001440,nan,nan,0.000263,-0.000109,0.000107,0.000051,5.111738,8.711738,3.509183,0.751677,0.239800,12.855313,-26.134233,23.139060,0.411366,2.684119,31.305018,3.600000
580,0.010000,0.000000,0.521454,0.260727,0.035716,0.799734,0.000447,11.125554,-28.984745,0.798429,11.125450,-28.984643,0.798475,25.329825,25.322154,0.000281,25.329776,25.322106,0.000271,0.001305,nan,nan,0.000216,-0.000104,0.000102,0.000046,5.372153,8.972153,3.501821,0.811653,0.239306,12.987638,-25.909943,22.896308,0.425661,2.867878,31.911886,3.600000
590,0.010000,0.525938,0.000000,0.262969,-0.036023,0.800437,0.000756,11.308950,-28.796281,0.799232,11.308849,-28.796182,0.799275,25.330113,25.322433,0.000281,25.330058,25.322380,0.000271,0.001205,nan,nan,0.000184,-0.000100,0.000098,0.000043,5.634825,9.234825,3.494734,0.870980,0.238507,13.121110,-25.683710,22.631072,0.438924,3.041854,32.518753,3.600000
600,0.010000,0.000000,0.544044,0.272022,0.037263,0.801490,0.001113,11.498510,-28.601184,0.800388,11.498415,-28.601090,0.800427,25.330415,25.322725,0.000281,25.330355,25.322668,0.000271,0.001102,nan,nan,0.000154,-0.000096,0.000094,0.000039,5.906566,9.506566,3.487836,0.931026,0.237355,13.259190,-25.449665,22.332514,0.451324,3.208666,33.125621,3.600000
610,0.010000,0.500072,0.000000,0.250036,-0.034251,0.802682,0.001252,11.672540,-28.421651,0.801679,11.672450,-28.421562,0.801715,25.330701,25.323002,0.000281,25.330637,25.322940,0.000271,0.001003,nan,nan,0.000128,-0.000090,0.000088,0.000036,6.140658,9.740658,3.466596,0.981481,0.236067,13.378140,-25.248045,22.130070,0.461726,3.351888,33.732488,3.600000
620,0.010000,0.000000,0.538008,0.269004,0.036850,0.803999,0.001364,11.859535,-28.228269,0.803078,11.859449,-28.228185,0.803111,25.331011,25.323300,0.000281,25.330943,25.323235,0.000271,0.000921,nan,nan,0.000108,-0.000086,0.000084,0.000033,6.402231,10.002231,3.453361,1.037716,0.234671,13.511054,-25.022759,21.836511,0.472184,3.496927,34.339355,3.600000
630,0.010000,0.515246,0.000000,0.257623,-0.035291,0.805666,0.001758,12.038361,-28.042820,0.804869,12.038285,-28.042745,0.804897,25.331315,25.323592,0.000281,25.331242,25.323522,0.000271,0.000797,nan,nan,0.000081,-0.000077,0.000075,0.000028,6.652818,10.252818,3.441408,1.089730,0.232885,13.638385,-24.806933,21.585067,0.481359,3.629924,34.946223,3.600000
640,0.010000,0.000000,0.507659,0.253830,0.034771,0.807601,0.001997,12.214235,-27.859795,0.806895,12.214165,-27.859727,0.806920,25.331619,25.323882,0.000281,25.331541,25.323808,0.000271,0.000706,nan,nan,0.000063,-0.000070,0.000068,0.000025,6.899819,10.499819,3.430223,1.139701,0.230862,13.763894,-24.594196,21.348757,0.489692,3.754815,35.553090,3.600000
650,0.010000,0.495588,0.000000,0.247794,-0.033944,0.809767,0.002189,12.385571,-27.680780,0.809109,12.385504,-27.680714,0.809132,25.331920,25.324169,0.000281,25.331838,25.324091,0.000271,0.000658,nan,nan,0.000055,-0.000067,0.000065,0.000023,7.141061,10.741061,3.419905,1.187244,0.228649,13.886477,-24.386419,21.134037,0.497261,3.872106,36.159957,3.600000
660,0.010000,0.000000,0.600259,0.300129,0.041114,0.812151,0.002408,12.592631,-27.463514,0.811540,12.592567,-27.463451,0.811562,25.332287,25.324515,0.000281,25.332199,25.324432,0.000271,0.000612,nan,nan,0.000047,-0.000065,0.000063,0.000022,7.433401,11.033401,3.407541,1.245141,0.226220,14.035024,-24.134634,20.779353,0.504923,3.992782,36.766825,3.600000
670,0.010000,0.465412,0.000000,0.232706,-0.031878,0.814673,0.002589,12.752754,-27.294655,0.814150,12.752697,-27.294600,0.814169,25.332578,25.324789,0.000281,25.332486,25.324703,0.000271,0.000523,nan,nan,0.000035,-0.000056,0.000055,0.000019,7.660196,11.260196,3.399218,1.287073,0.223613,14.150266,-23.939300,20.622619,0.511052,4.096115,37.373692,3.600000
680,0.010000,0.000000,0.516798,0.258399,0.035397,0.817390,0.002812,12.930081,-27.106704,0.816981,12.930036,-27.106660,0.816996,25.332903,25.325094,0.000281,25.332808,25.325003,0.000271,0.000408,nan,nan,0.000021,-0.000045,0.000044,0.000015,7.912176,11.512176,3.390308,1.333309,0.220786,14.278306,-23.722274,20.406249,0.516944,4.198741,37.980559,3.600000
690,0.010000,0.525765,0.000000,0.262883,-0.036011,0.820288,0.002972,13.109957,-26.914994,0.819968,13.109921,-26.914959,0.819979,25.333239,25.325405,0.000281,25.333138,25.325311,0.000271,0.000320,nan,nan,0.000013,-0.000036,0.000035,0.000011,8.168689,11.768689,3.381841,1.379350,0.217802,14.408648,-23.501345,20.187885,0.522378,4.297248,38.587427,3.600000
700,0.010000,0.000000,0.542492,0.271246,0.037157,0.823359,0.003095,13.294974,-26.716643,0.823074,13.294941,-26.716611,0.823084,25.333590,25.325728,0.000281,25.333484,25.325629,0.000271,0.000285,nan,nan,0.000010,-0.000033,0.000032,0.000010,8.433538,12.033538,3.373630,1.426066,0.214697,14.543226,-23.273236,19.957062,0.527411,4.391990,39.194294,3.600000
710,0.010000,0.474378,0.000000,0.237189,-0.032492,0.826573,0.003244,13.456221,-26.542693,0.826328,13.456192,-26.542665,0.826337,25.333898,25.326011,0.000281,25.333789,25.325909,0.000271,0.000245,nan,nan,0.000008,-0.000029,0.000028,0.000009,8.665291,12.265291,3.367653,1.464456,0.211445,14.660987,-23.073632,19.605087,0.527839,4.430677,39.354566,3.600000
720,0.010000,0.000000,0.573013,0.286507,0.039247,0.829978,0.003468,13.650322,-26.331952,0.829804,13.650301,-26.331932,0.829811,25.334278,25.326354,0.000281,25.334163,25.326248,0.000271,0.000174,nan,nan,0.000004,-0.000021,0.000020,0.000006,8.945423,12.545423,3.360310,1.511555,0.207971,14.803331,-22.832360,18.915305,0.523518,4.412273,39.020860,3.600000
730,0.010000,0.459204,0.000000,0.229602,-0.031452,0.833503,0.003563,13.805286,-26.162531,0.833374,13.805270,-26.162516,0.833379,25.334582,25.326628,0.000281,25.334464,25.326520,0.000271,0.000129,nan,nan,0.000002,-0.000016,0.000015,0.000005,9.170083,12.770083,3.356063,1.545955,0.204403,14.917488,-22.638866,18.425807,0.519283,4.395907,38.751160,3.600000
740,0.010000,0.000000,0.521282,0.260641,0.035704,0.837077,0.003601,13.980519,-25.969588,0.836979,13.980507,-25.969576,0.836983,25.334932,25.326941,0.000281,25.334810,25.326829,0.000271,0.000097,nan,nan,0.000001,-0.000012,0.000012,0.000003,9.425301,13.025301,3.351065,1.585676,0.200799,15.047173,-22.419051,17.869275,0.514468,4.372667,38.442477,3.600000
750,0.010000,0.463860,0.000000,0.231930,-0.031771,0.840736,0.003670,14.135832,-25.797339,0.840653,14.135822,-25.797329,0.840656,25.335244,25.327217,0.000281,25.335119,25.327103,0.000271,0.000084,nan,nan,0.000001,-0.000011,0.000010,0.000003,9.652574,13.252574,3.347809,1.618706,0.197126,15.162658,-22.223306,17.416523,0.509696,4.350654,38.165494,3.600000
760,0.010000,0.000000,0.498692,0.249346,0.034157,0.844499,0.003824,14.302129,-25.611546,0.844480,14.302127,-25.611544,0.844481,25.335584,25.327514,0.000281,25.335455,25.327397,0.000271,0.000018,nan,nan,0.000000,-0.000002,0.000002,0.000001,9.897092,13.497092,3.344596,1.653811,0.193301,15.286905,-22.012707,16.942879,0.504437,4.324124,37.865231,3.600000
770,0.010000,0.424371,0.000000,0.212186,-0.029067,0.848301,0.003814,14.443043,-25.452908,0.848295,14.443043,-25.452907,0.848295,25.335870,25.327764,0.000281,25.335740,25.327646,0.000271,0.000006,nan,nan,0.000000,-0.000001,0.000001,0.000000,10.105326,13.705326,3.343201,1.681073,0.189487,15.392716,-21.833360,16.581196,0.499505,4.301574,37.607633,3.600000
780,0.010000,0.000000,0.489553,0.244776,0.033531,0.852181,0.003963,14.604904,-25.269287,0.852258,14.604914,-25.269297,0.852255,25.336208,25.328054,0.000281,25.336074,25.327934,0.000271,-0.000077,nan,nan,0.000001,0.000010,-0.000009,-0.000003,10.345718,13.945718,3.341325,1.713147,0.185527,15.514867,-21.626315,16.160189,0.493919,4.272343,37.308043,3.600000
790,0.010000,0.430407,0.000000,0.215203,-0.029480,0.856467,0.004426,14.746580,-25.107299,0.856681,14.746608,-25.107325,0.856674,25.336502,25.328305,0.000281,25.336366,25.328184,0.000271,-0.000214,nan,nan,0.000006,0.000028,-0.000027,-0.000008,10.557220,14.157220,3.341706,1.737451,0.181108,15.622337,-21.444153,15.844830,0.488380,4.248398,37.042454,3.600000
800,0.010000,0.000000,0.475758,0.237879,0.032586,0.861059,0.004634,14.902408,-24.927568,0.861308,14.902441,-24.927599,0.861299,25.336834,25.328584,0.000281,25.336695,25.328461,0.000271,-0.000249,nan,nan,0.000008,0.000033,-0.000031,-0.000009,10.791199,14.391199,3.342176,1.764202,0.176483,15.741229,-21.242632,15.499433,0.482298,4.219772,36.746403,3.600000
810,0.010000,0.366777,0.000000,0.183388,-0.025122,0.865763,0.004757,15.021910,-24.788464,0.866055,15.021949,-24.788500,0.866045,25.337081,25.328791,0.000281,25.336942,25.328669,0.000271,-0.000292,nan,nan,0.000011,0.000039,-0.000036,-0.000010,10.971727,14.571727,3.345000,1.780094,0.171737,15.832961,-21.087147,15.292425,0.476898,4.200919,36.516343,3.600000
820,0.010000,0.000000,0.488001,0.244001,0.033425,0.870597,0.004868,15.180023,-24.602628,0.870913,15.180066,-24.602667,0.870902,25.337427,25.329075,0.000281,25.337284,25.328951,0.000271,-0.000316,nan,nan,0.000013,0.000043,-0.000040,-0.000011,11.212125,14.812125,3.346671,1.805001,0.166880,15.955116,-20.880097,14.970118,0.470435,4.169919,36.207715,3.600000
830,0.010000,0.404713,0.000000,0.202357,-0.027720,0.875626,0.005108,15.310411,-24.447883,0.876010,15.310463,-24.447931,0.875996,25.337707,25.329304,0.000281,25.337563,25.329180,0.000271,-0.000384,nan,nan,0.000019,0.000052,-0.000048,-0.000014,11.411656,15.011656,3.350397,1.821170,0.161785,16.056504,-20.708246,14.755900,0.464429,4.147069,35.949543,3.600000
840,0.010000,0.000000,0.454720,0.227360,0.031145,0.880987,0.005465,15.456026,-24.273277,0.881461,15.456091,-24.273337,0.881445,25.338030,25.329564,0.000281,25.337884,25.329438,0.000271,-0.000474,nan,nan,0.000029,0.000065,-0.000060,-0.000017,11.636028,15.236028,3.354554,1.839151,0.156337,16.170514,-20.514998,14.515310,0.457775,4.119730,35.656995,3.600000
850,0.010000,0.333324,0.000000,0.166662,-0.022830,0.886661,0.005763,15.562094,-24.144730,0.887208,15.562168,-24.144799,0.887188,25.338255,25.329745,0.000281,25.338109,25.329621,0.000271,-0.000546,nan,nan,0.000038,0.000074,-0.000068,-0.000019,11.800636,15.400636,3.361154,1.845607,0.150593,16.254157,-20.373225,14.413022,0.451891,4.105057,35.440835,3.600000
860,0.010000,0.000000,0.447133,0.223567,0.030626,0.892590,0.006014,15.703371,-23.971468,0.893202,15.703455,-23.971545,0.893180,25.338575,25.329995,0.000281,25.338428,25.329871,0.000271,-0.000612,nan,nan,0.000047,0.000084,-0.000077,-0.000022,12.021649,15.621649,3.367303,1.858735,0.144601,16.366461,-20.182871,14.220909,0.444905,4.079151,35.148515,3.600000
870,0.010000,0.344015,0.000000,0.172007,-0.023563,0.898649,0.006083,15.811293,-23.837539,0.899263,15.811377,-23.837616,0.899241,25.338811,25.330180,0.000281,25.338664,25.330057,0.000271,-0.000614,nan,nan,0.000048,0.000084,-0.000077,-0.000022,12.191838,15.791838,3.375069,1.862950,0.138540,16.452939,-20.036291,14.134111,0.438679,4.063448,34.921749,3.600000
880,0.010000,0.000000,0.404713,0.202357,0.027720,0.904709,0.006115,15.937284,-23.679200,0.905356,15.937373,-23.679280,0.905333,25.339100,25.330400,0.000281,25.338952,25.330278,0.000271,-0.000647,nan,nan,0.000053,0.000089,-0.000081,-0.000023,12.392231,15.992231,3.382649,1.870172,0.132449,16.554766,-19.863696,14.002440,0.431904,4.041200,34.652835,3.600000
890,0.010000,0.278833,0.000000,0.139417,-0.019098,0.910986,0.006360,16.023452,-23.569611,0.911693,16.023548,-23.569698,0.911668,25.339284,25.330543,0.000281,25.339138,25.330423,0.000271,-0.000707,nan,nan,0.000063,0.000096,-0.000087,-0.000025,12.530401,16.130401,3.392096,1.867099,0.126114,16.624974,-19.744694,13.940637,0.424754,4.016751,34.335397,3.600000
900,0.010000,0.000000,0.406093,0.203046,0.027815,0.917406,0.006456,16.147900,-23.409185,0.918123,16.147998,-23.409273,0.918098,25.339577,25.330760,0.000281,25.339429,25.330641,0.000271,-0.000717,nan,nan,0.000065,0.000098,-0.000088,-0.000026,12.731808,16.331808,3.400966,1.870733,0.119684,16.727316,-19.571226,13.797836,0.416808,3.983345,33.966609,3.600000
10,0.016000,0.027245,-0.028797,-0.000776,-0.003839,-1.324608,-0.004730,16.016535,-22.819954,-1.327969,16.016529,-22.819956,-1.327847,25.363270,25.354621,0.000287,25.363270,25.354621,0.000276,0.003361,nan,nan,0.001432,-0.000006,-0.000002,0.000122,0.000000,3.600000,3.585993,-0.325895,-0.090653,16.562875,-26.379037,0.048540,-0.074531,-0.002441,0.051350,3.600000
20,0.010000,0.000000,0.000000,0.000000,0.000000,-1.327545,-0.002930,16.016529,-22.819956,-1.330776,16.016524,-22.819958,-1.330659,25.363370,25.354721,0.000286,25.363370,25.354721,0.000276,0.003231,nan,nan,0.001324,-0.000005,-0.000002,0.000117,0.000000,3.600000,3.586895,-0.315804,-0.087841,16.562875,-26.379037,0.146112,-0.072599,-0.007121,0.154051,3.600000
30,0.010000,0.021210,-0.027418,-0.003104,-0.003331,-1.330356,-0.002727,16.015786,-22.816943,-1.333386,16.015781,-22.816944,-1.333276,25.363470,25.354821,0.000286,25.363470,25.354821,0.000276,0.003030,nan,nan,0.001164,-0.000005,-0.000002,0.000110,0.000000,3.600000,3.590813,-0.306401,-0.085224,16.562875,-26.379037,0.293118,-0.070992,-0.013860,0.308102,3.600000
40,0.010000,0.000000,0.000000,0.000000,0.000000,-1.332573,-0.002067,16.015781,-22.816944,-1.335343,16.015777,-22.816946,-1.335243,25.363570,25.354921,0.000286,25.363570,25.354921,0.000275,0.002770,nan,nan,0.000973,-0.000004,-0.000001,0.000100,0.000000,3.600000,3.591408,-0.299335,-0.083257,16.562875,-26.379037,0.489626,-0.070080,-0.022618,0.513503,3.600000
50,0.010000,0.016727,-0.008967,0.003880,-0.001760,-1.334185,-0.001459,16.016682,-22.820719,-1.336702,16.016679,-22.820720,-1.336611,25.363670,25.355021,0.000285,25.363670,25.355021,0.000275,0.002518,nan,nan,0.000804,-0.000003,-0.000001,0.000091,0.000006,3.600006,3.587940,-0.294423,-0.081889,16.562876,-26.379044,0.735563,-0.069823,-0.033421,0.770255,3.600000
60,0.010000,0.000000,0.000000,0.000000,0.000000,-1.335117,-0.000762,16.016679,-22.820720,-1.337373,16.016676,-22.820721,-1.337291,25.363770,25.355121,0.000285,25.363770,25.355121,0.000275,0.002256,nan,nan,0.000645,-0.000003,-0.000001,0.000082,0.000007,3.600007,3.588140,-0.291979,-0.081209,16.562876,-26.379044,1.030563,-0.070306,-0.046436,1.078357,3.600000
70,0.010000,0.006035,-0.003104,0.001466,-0.000626,-1.335298,-0.000000,16.017015,-22.822147,-1.337291,16.017012,-22.822148,-1.337219,25.363870,25.355221,0.000285,25.363870,25.355221,0.000274,0.001993,nan,nan,0.000504,-0.000002,-0.000001,0.000072,0.001468,3.601468,3.588109,-0.292353,-0.081281,16.563097,-26.380489,1.373939,-0.071609,-0.061987,1.437809,3.600000
80,0.010000,0.000000,0.000000,0.000000,0.000000,-1.334846,0.000565,16.017012,-22.822148,-1.336655,16.017010,-22.822148,-1.336590,25.363970,25.355321,0.000284,25.363970,25.355321,0.000274,0.001809,nan,nan,0.000415,-0.000002,-0.000001,0.000065,0.001469,3.601469,3.587925,-0.294611,-0.081910,16.563098,-26.380489,1.765266,-0.073587,-0.080257,1.848611,3.600000
90,0.010000,0.000000,0.000000,0.000000,0.000000,-1.334041,0.000858,16.017010,-22.822148,-1.335732,16.017008,-22.822149,-1.335671,25.364070,25.355421,0.000284,25.364070,25.355421,0.000274,0.001691,nan,nan,0.000363,-0.000002,-0.000001,0.000061,0.001469,3.601469,3.587653,-0.297904,-0.082829,16.563098,-26.380489,2.204325,-0.076027,-0.101339,2.310764,3.600000
100,0.010000,0.000000,0.000000,0.000000,0.000000,-1.333088,0.000959,16.017008,-22.822149,-1.334712,16.017007,-22.822150,-1.334654,25.364170,25.355521,0.000284,25.364170,25.355521,0.000274,0.001624,nan,nan,0.000335,-0.000002,-0.000001,0.000058,0.001469,3.601469,3.587348,-0.301552,-0.083846,16.563098,-26.380490,2.691091,-0.078772,-0.125232,2.824267,3.600000
110,0.010000,0.000000,0.000000,0.000000,0.000000,-1.332202,0.000847,16.017007,-22.822150,-1.333807,16.017005,-22.822150,-1.333749,25.364270,25.355621,0.000284,25.364270,25.355621,0.000273,0.001605,nan,nan,0.000327,-0.000002,-0.000001,0.000058,0.001470,3.601470,3.587074,-0.304795,-0.084751,16.563098,-26.380490,3.225985,-0.081635,-0.151738,3.389121,3.600000
120,0.010000,0.000000,0.000000,0.000000,0.000000,-1.331591,0.000522,16.017005,-22.822150,-1.333227,16.017003,-22.822151,-1.333168,25.364370,25.355721,0.000283,25.364370,25.355721,0.000273,0.001636,nan,nan,0.000340,-0.000002,-0.000001,0.000059,0.001470,3.601470,3.586897,-0.306877,-0.085332,16.563098,-26.380490,3.801107,-0.084373,-0.180011,3.995988,3.600000
130,0.010000,0.000000,0.000000,0.000000,0.000000,-1.331364,0.000133,16.017003,-22.822151,-1.333035,16.017001,-22.822151,-1.332975,25.364470,25.355821,0.000283,25.364470,25.355821,0.000273,0.001672,nan,nan,0.000354,-0.000002,-0.000001,0.000060,0.001470,3.601470,3.586837,-0.307568,-0.085525,16.563098,-26.380491,4.377404,-0.086752,-0.207770,4.602855,3.600000
140,0.010000,0.000000,0.000000,0.000000,0.000000,-1.331431,-0.000138,16.017001,-22.822151,-1.333114,16.017000,-22.822152,-1.333053,25.364570,25.355921,0.000283,25.364570,25.355921,0.000273,0.001682,nan,nan,0.000359,-0.000002,-0.000001,0.000060,0.001470,3.601470,3.586861,-0.307286,-0.085447,16.563098,-26.380491,4.954995,-0.088864,-0.234969,5.209723,3.600000
150,0.010000,0.000000,-0.001552,-0.000776,-0.000106,-1.331675,-0.000261,16.016817,-22.821398,-1.333314,16.016816,-22.821398,-1.333255,25.364670,25.356021,0.000283,25.364670,25.356021,0.000273,0.001639,nan,nan,0.000341,-0.000002,-0.000001,0.000059,0.001470,3.601470,3.587699,-0.306559,-0.085245,16.563098,-26.380491,5.533480,-0.090843,-0.261781,5.816590,3.600000
160,0.010000,0.000000,0.000000,0.000000,0.000000,-1.331925,-0.000229,16.016816,-22.821398,-1.333485,16.016814,-22.821399,-1.333429,25.364770,25.356121,0.000283,25.364770,25.356121,0.000273,0.001559,nan,nan,0.000308,-0.000001,-0.000000,0.000056,0.001470,3.601470,3.587752,-0.305937,-0.085071,16.563098,-26.380491,6.112028,-0.092844,-0.288564,6.423457,3.600000
170,0.010000,0.000000,0.000000,0.000000,0.000000,-1.332080,-0.000117,16.016814,-22.821399,-1.333546,16.016813,-22.821399,-1.333493,25.364870,25.356221,0.000283,25.364870,25.356221,0.000272,0.001466,nan,nan,0.000272,-0.000001,-0.000000,0.000053,0.001470,3.601470,3.587772,-0.305703,-0.085007,16.563098,-26.380491,6.689972,-0.094954,-0.315609,7.030325,3.600000
180,0.010000,0.000000,0.000000,0.000000,0.000000,-1.332109,-0.000000,16.016813,-22.821399,-1.333493,16.016812,-22.821400,-1.333444,25.364970,25.356321,0.000282,25.364970,25.356321,0.000272,0.001384,nan,nan,0.000243,-0.000001,-0.000000,0.000050,0.001470,3.601470,3.587757,-0.305880,-0.085056,16.563098,-26.380491,7.267048,-0.097189,-0.343032,7.637192,3.600000
190,0.010000,0.000000,0.000000,0.000000,0.000000,-1.332110,-0.000000,16.016812,-22.821400,-1.333444,16.016811,-22.821400,-1.333396,25.365070,25.356421,0.000282,25.365070,25.356421,0.000272,0.001334,nan,nan,0.000226,-0.000001,-0.000000,0.000048,0.001470,3.601470,3.587742,-0.306050,-0.085104,16.563098,-26.380491,7.844074,-0.099423,-0.370475,8.244059,3.600000
200,0.010000,0.000000,0.000000,0.000000,0.000000,-1.332227,-0.000160,16.016811,-22.821400,-1.333556,16.016810,-22.821400,-1.333508,25.365170,25.356521,0.000282,25.365170,25.356521,0.000272,0.001329,nan,nan,0.000224,-0.000001,-0.000000,0.000048,0.001470,3.601470,3.587776,-0.305647,-0.084992,16.563098,-26.380491,8.422585,-0.101475,-0.397274,8.850927,3.600000
210,0.010000,0.002931,0.000000,0.001466,-0.000201,-1.332549,-0.000373,16.017154,-22.822825,-1.333881,16.017153,-22.822825,-1.333833,25.365270,25.356621,0.000282,25.365270,25.356621,0.000272,0.001332,nan,nan,0.000225,-0.000001,-0.000000,0.000048,0.002159,3.602159,3.587096,-0.304538,-0.084667,16.563202,-26.381172,9.003314,-0.103277,-0.423125,9.457794,3.600000
220,0.010000,0.000000,0.000000,0.000000,0.000000,-1.333040,-0.000522,16.017153,-22.822825,-1.334355,16.017152,-22.822826,-1.334308,25.365370,25.356721,0.000282,25.365370,25.356721,0.000272,0.001315,nan,nan,0.000219,-0.000001,-0.000000,0.000047,0.002160,3.602160,3.587240,-0.302833,-0.084192,16.563202,-26.381172,9.586213,-0.104877,-0.447997,10.064661,3.600000
230,0.010000,0.018278,0.000000,0.009139,-0.001252,-1.333653,-0.000645,16.019293,-22.831710,-1.334953,16.019293,-22.831711,-1.334906,25.365470,25.356821,0.000282,25.365470,25.356821,0.000272,0.001299,nan,nan,0.000214,-0.000000,-0.000000,0.000046,0.011267,3.611267,3.587357,-0.301453,-0.083594,16.564584,-26.390174,10.169317,-0.106393,-0.473082,10.671529,3.600000
240,0.010000,0.000000,0.000000,0.000000,0.000000,-1.334383,-0.000762,16.019293,-22.831711,-1.335668,16.019293,-22.831711,-1.335622,25.365570,25.356921,0.000282,25.365570,25.356921,0.000272,0.001285,nan,nan,0.000209,-0.000000,-0.000000,0.000046,0.011267,3.611267,3.587571,-0.298885,-0.082878,16.564584,-26.390174,10.756302,-0.107650,-0.496126,11.278396,3.600000
250,0.010000,0.034833,0.015175,0.025004,-0.001346,-1.335284,-0.000932,16.025119,-22.856026,-1.336554,16.025119,-22.856026,-1.336509,25.365670,25.357021,0.000282,25.365670,25.357021,0.000272,0.001270,nan,nan,0.000205,0.000001,0.000000,0.000045,0.036184,3.636184,3.587665,-0.297767,-0.081991,16.568364,-26.414803,11.340945,-0.108924,-0.521136,11.885264,3.600000
260,0.010000,0.000000,0.000000,0.000000,0.000000,-1.336353,-0.001103,16.025119,-22.856026,-1.337611,16.025120,-22.856026,-1.337566,25.365770,25.357121,0.000282,25.365770,25.357121,0.000272,0.001258,nan,nan,0.000201,0.000001,0.000000,0.000045,0.036184,3.636184,3.587978,-0.293973,-0.080934,16.568364,-26.414803,11.934023,-0.109678,-0.541401,12.492131,3.600000
270,0.010000,0.059146,0.030349,0.044748,-0.001972,-1.337514,-0.001156,16.035462,-22.899562,-1.338722,16.035464,-22.899562,-1.338679,25.365871,25.357221,0.000282,25.365871,25.357221,0.000272,0.001208,nan,nan,0.000185,0.000002,0.000000,0.000043,0.080786,3.680786,3.588015,-0.293589,-0.079821,16.575131,-26.458888,12.518853,-0.110829,-0.567191,13.098998,3.600000
280,0.010000,0.000000,0.000000,0.000000,0.000000,-1.338796,-0.001316,16.035464,-22.899562,-1.339995,16.035467,-22.899561,-1.339952,25.365971,25.357321,0.000282,25.365971,25.357321,0.000272,0.001198,nan,nan,0.000182,0.000002,0.000000,0.000043,0.080786,3.680786,3.588385,-0.289024,-0.078548,16.575131,-26.458888,13.117032,-0.111214,-0.585053,13.705866,3.600000
290,0.010000,0.098462,0.057594,0.078028,-0.002799,-1.340303,-0.001561,16.053320,-22.975520,-1.341513,16.053325,-22.975519,-1.341469,25.366074,25.357421,0.000282,25.366074,25.357421,0.000271,0.001210,nan,nan,0.000186,0.000005,0.000001,0.000043,0.158573,3.758573,3.588348,-0.289689,-0.077031,16.586932,-26.535775,13.701547,-0.112167,-0.612528,14.312733,3.600000
300,0.010000,0.000000,0.000000,0.000000,0.000000,-1.342016,-0.001736,16.053325,-22.975519,-1.343206,16.053330,-22.975518,-1.343163,25.366174,25.357521,0.000281,25.366174,25.357521,0.000271,0.001190,nan,nan,0.000180,0.000005,0.000001,0.000042,0.158573,3.758573,3.588834,-0.283615,-0.075337,16.586932,-26.535775,14.308350,-0.111876,-0.626245,14.919600,3.600000
310,0.010000,0.124328,0.083288,0.103808,-0.002811,-1.343861,-0.001870,16.076757,-23.076648,-1.345033,16.076766,-23.076646,-1.344991,25.366284,25.357622,0.000281,25.366283,25.357622,0.000271,0.001172,nan,nan,0.000174,0.000009,0.000002,0.000042,0.262086,3.862086,3.588771,-0.284856,-0.073509,16.602635,-26.638089,14.893503,-0.112654,-0.654708,15.526468,3.600000
320,0.010000,0.000000,0.000000,0.000000,0.000000,-1.345828,-0.001992,16.076766,-23.076646,-1.346983,16.076774,-23.076644,-1.346942,25.366383,25.357722,0.000281,25.366383,25.357722,0.000271,0.001155,nan,nan,0.000169,0.000008,0.000002,0.000041,0.262086,3.862086,3.589320,-0.277863,-0.071558,16.602635,-26.638089,15.507084,-0.111873,-0.664946,16.133335,3.600000
330,0.010000,0.165196,0.109154,0.137175,-0.003839,-1.347977,-0.002189,16.107225,-23.210396,-1.349131,16.107239,-23.210393,-1.349090,25.366502,25.357823,0.000281,25.366501,25.357823,0.000271,0.001154,nan,nan,0.000169,0.000013,0.000003,0.000041,0.398908,3.998908,3.589227,-0.279950,-0.069410,16.623392,-26.773328,16.091819,-0.112533,-0.695202,16.740202,3.600000
340,0.010000,0.000000,0.000000,0.000000,0.000000,-1.350279,-0.002322,16.107239,-23.210393,-1.351412,16.107252,-23.210390,-1.351372,25.366601,25.357923,0.000281,25.366600,25.357923,0.000271,0.001133,nan,nan,0.000163,0.000013,0.000003,0.000040,0.398908,3.998908,3.589856,-0.271772,-0.067128,16.623392,-26.773328,16.713705,-0.111123,-0.700976,17.347070,3.600000
350,0.010000,0.204512,0.142434,0.173473,-0.004252,-1.352694,-0.002456,16.145011,-23.379704,-1.353827,16.145030,-23.379699,-1.353787,25.366737,25.358024,0.000281,25.366735,25.358024,0.000271,0.001133,nan,nan,0.000163,0.000019,0.000004,0.000040,0.571988,4.171988,3.589748,-0.274733,-0.064713,16.649650,-26.944405,17.297382,-0.111733,-0.733358,17.953937,3.600000
360,0.010000,0.000000,0.000000,0.000000,0.000000,-1.355274,-0.002610,16.145030,-23.379699,-1.356397,16.145048,-23.379695,-1.356357,25.366835,25.358124,0.000281,25.366833,25.358124,0.000271,0.001123,nan,nan,0.000160,0.000018,0.000004,0.000040,0.571988,4.171988,3.590442,-0.265525,-0.062143,16.649650,-26.944405,17.927104,-0.109724,-0.734583,18.560804,3.600000
370,0.010000,0.233482,0.186406,0.209944,-0.003224,-1.357933,-0.002669,16.189724,-23.584831,-1.359025,16.189749,-23.584825,-1.358986,25.366995,25.358227,0.000281,25.366991,25.358227,0.000271,0.001092,nan,nan,0.000151,0.000025,0.000006,0.000039,0.781524,4.381524,3.590349,-0.269123,-0.059514,16.681438,-27.151515,18.509994,-0.110301,-0.768745,19.167672,3.600000
380,0.010000,0.000000,0.000000,0.000000,0.000000,-1.360632,-0.002701,16.189749,-23.584825,-1.361687,16.189772,-23.584820,-1.361649,25.367091,25.358327,0.000281,25.367087,25.358327,0.000271,0.001055,nan,nan,0.000141,0.000023,0.000005,0.000038,0.781524,4.381524,3.591054,-0.259585,-0.056851,16.681438,-27.151515,19.144157,-0.107970,-0.766904,19.774539,3.600000
390,0.010000,0.289524,0.207788,0.248656,-0.005598,-1.363295,-0.002637,16.241399,-23.828058,-1.364286,16.241428,-23.828051,-1.364251,25.367283,25.358431,0.000281,25.367277,25.358431,0.000271,0.000991,nan,nan,0.000125,0.000029,0.000006,0.000035,1.029775,4.629775,3.590947,-0.264380,-0.054249,16.719100,-27.396893,19.722587,-0.108858,-0.804671,20.381406,3.600000
400,0.010000,0.000000,0.000000,0.000000,0.000000,-1.365899,-0.002562,16.241428,-23.828051,-1.366813,16.241454,-23.828046,-1.366780,25.367377,25.358531,0.000281,25.367370,25.358531,0.000271,0.000914,nan,nan,0.000106,0.000026,0.000006,0.000033,1.029775,4.629775,3.591605,-0.255323,-0.051720,16.719100,-27.396893,20.356877,-0.106578,-0.802095,20.988274,3.600000
410,0.010000,0.324184,0.236413,0.280299,-0.006012,-1.368410,-0.002493,16.298244,-24.102531,-1.369273,16.298276,-24.102524,-1.369242,25.367609,25.358637,0.000281,25.367598,25.358636,0.000271,0.000863,nan,nan,0.000094,0.000032,0.000007,0.000031,1.309695,4.909695,3.591506,-0.260985,-0.049258,16.761566,-27.673573,20.930967,-0.107832,-0.843004,21.595141,3.600000
420,0.010000,0.000000,0.000000,0.000000,0.000000,-1.370983,-0.002599,16.298276,-24.102524,-1.371841,16.298306,-24.102518,-1.371811,25.367698,25.358736,0.000281,25.367688,25.358736,0.000271,0.000858,nan,nan,0.000093,0.000030,0.000007,0.000031,1.309695,4.909695,3.592165,-0.251790,-0.046689,16.761566,-27.673573,21.568279,-0.105330,-0.838066,22.202008,3.600000
430,0.010000,0.307803,0.268142,0.287972,-0.002716,-1.373623,-0.002658,16.355231,-24.384808,-1.374469,16.355268,-24.384800,-1.374439,25.367962,25.358844,0.000281,25.367947,25.358843,0.000271,0.000846,nan,nan,0.000091,0.000037,0.000008,0.000030,1.597349,5.197349,3.592219,-0.255814,-0.044062,16.805206,-27.957898,22.149648,-0.106084,-0.874414,22.808876,3.600000
440,0.010000,0.000000,0.000000,0.000000,0.000000,-1.376193,-0.002541,16.355268,-24.384800,-1.376979,16.355301,-24.384793,-1.376951,25.368047,25.358943,0.000281,25.368033,25.358942,0.000271,0.000786,nan,nan,0.000078,0.000033,0.000007,0.000028,1.597349,5.197349,3.592851,-0.246822,-0.041549,16.805206,-27.957898,22.787904,-0.103509,-0.867985,23.415743,3.600000
450,0.010000,0.378847,0.313838,0.346343,-0.004453,-1.378583,-0.002354,16.422019,-24.724649,-1.379306,16.422057,-24.724641,-1.379280,25.368383,25.359053,0.000281,25.368361,25.359052,0.000271,0.000722,nan,nan,0.000066,0.000038,0.000008,0.000026,1.943389,5.543389,3.592848,-0.252868,-0.039220,16.857703,-28.299933,23.358832,-0.105083,-0.911529,24.022610,3.600000
460,0.010000,0.000000,0.000000,0.000000,0.000000,-1.380639,-0.001971,16.422057,-24.724641,-1.381251,16.422088,-24.724634,-1.381229,25.368461,25.359152,0.000281,25.368441,25.359151,0.000271,0.000612,nan,nan,0.000048,0.000031,0.000006,0.000022,1.943389,5.543389,3.593334,-0.245897,-0.037271,16.857703,-28.299933,23.987872,-0.103384,-0.910270,24.629478,3.600000
470,0.010000,0.381951,0.359189,0.370570,-0.001559,-1.382446,-0.001742,16.491916,-25.088566,-1.382971,16.491948,-25.088560,-1.382952,25.368857,25.359263,0.000281,25.368827,25.359262,0.000271,0.000524,nan,nan,0.000035,0.000032,0.000007,0.000019,2.313699,5.913699,3.593259,-0.253538,-0.035548,16.913882,-28.665956,24.547884,-0.105987,-0.960465,25.236345,3.600000
480,0.010000,0.000000,0.000000,0.000000,0.000000,-1.383997,-0.001502,16.491948,-25.088560,-1.384454,16.491975,-25.088554,-1.384438,25.368927,25.359362,0.000281,25.368899,25.359361,0.000271,0.000457,nan,nan,0.000026,0.000027,0.000006,0.000016,2.313699,5.913699,3.593632,-0.248226,-0.034062,16.913882,-28.665956,25.169025,-0.105062,-0.964137,25.843212,3.600000
490,0.010000,0.445581,0.394022,0.419802,-0.003531,-1.385308,-0.001214,16.569757,-25.501087,-1.385652,16.569781,-25.501082,-1.385640,25.369416,25.359477,0.000281,25.369376,25.359475,0.000271,0.000344,nan,nan,0.000015,0.000024,0.000005,0.000012,2.733254,6.333254,3.593456,-0.258220,-0.032860,16.977532,-29.080655,25.712981,-0.108916,-1.024629,26.450080,3.600000
500,0.010000,0.000000,0.457652,0.228826,0.031346,-1.386145,-0.000719,16.611908,-25.725997,-1.386359,16.611924,-25.725994,-1.386351,25.369734,25.359585,0.000281,25.369688,25.359583,0.000271,0.000214,nan,nan,0.000006,0.000016,0.000003,0.000008,2.961956,6.561956,3.593397,-0.263194,-0.032149,17.012228,-29.306710,26.278568,-0.111749,-1.067338,27.056947,3.600000
510,0.010000,0.440925,0.000000,0.220463,-0.030200,-1.386596,-0.000410,16.652357,-25.942717,-1.386761,16.652371,-25.942714,-1.386755,25.370052,25.359693,0.000281,25.370000,25.359691,0.000271,0.000165,nan,nan,0.000003,0.000013,0.000003,0.000006,3.182304,6.782304,3.593278,-0.268837,-0.031745,17.045656,-29.524508,26.837859,-0.115105,-1.113429,27.663814,3.600000
520,0.010000,0.000000,0.497140,0.248570,0.034051,-1.386895,-0.000293,16.697860,-26.187086,-1.387048,16.697873,-26.187084,-1.387043,25.370418,25.359803,0.000281,25.370358,25.359800,0.000271,0.000153,nan,nan,0.000003,0.000013,0.000003,0.000005,3.430748,7.030748,3.593106,-0.275703,-0.031457,17.083347,-29.770076,27.387694,-0.119016,-1.165260,28.270682,3.600000
530,0.010000,0.516798,0.000000,0.258399,-0.035397,-1.386985,-0.000133,16.745088,-26.441133,-1.387176,16.745106,-26.441129,-1.387169,25.370811,25.359913,0.000281,25.370743,25.359911,0.000271,0.000191,nan,nan,0.000005,0.000018,0.000003,0.000007,3.689019,7.289019,3.592886,-0.283391,-0.031331,17.122529,-30.025357,27.929408,-0.123406,-1.221440,28.877549,3.600000
540,0.010000,0.000000,0.533525,0.266762,0.036543,-1.386992,0.000059,16.793816,-26.703407,-1.387111,16.793828,-26.703405,-1.387106,25.371230,25.360025,0.000281,25.371154,25.360022,0.000271,0.000119,nan,nan,0.000002,0.000012,0.000002,0.000004,3.955650,7.555650,3.592605,-0.291981,-0.031394,17.162979,-30.288902,28.461631,-0.128338,-1.282445,29.484416,3.600000
550,0.010000,0.523006,0.000000,0.261503,-0.035822,-1.386913,0.000043,16.841593,-26.960508,-1.387064,16.841609,-26.960505,-1.387059,25.371655,25.360136,0.000281,25.371571,25.360133,0.000271,0.000151,nan,nan,0.000003,0.000016,0.000003,0.000005,4.217024,7.817024,3.592333,-0.300373,-0.031442,17.202632,-30.547250,28.991542,-0.133292,-1.343870,30.091284,3.600000
560,0.010000,0.000000,0.507659,0.253830,0.034771,-1.386947,-0.000000,16.887985,-27.210062,-1.387059,16.887997,-27.210060,-1.387055,25.372080,25.360248,0.000281,25.371988,25.360245,0.000271,0.000111,nan,nan,0.000002,0.000012,0.000002,0.000004,4.470727,8.070727,3.592080,-0.308375,-0.031446,17.241121,-30.798017,29.520699,-0.138174,-1.404853,30.698151,3.600000
570,0.010000,0.522834,0.000000,0.261417,-0.035811,-1.386864,0.000096,16.935760,-27.467076,-1.386959,16.935771,-27.467074,-1.386955,25.372528,25.360361,0.000281,25.372427,25.360357,0.000271,0.000095,nan,nan,0.000001,0.000011,0.000002,0.000003,4.732014,8.332014,3.591790,-0.316957,-0.031545,17.280760,-31.056280,30.041823,-0.143422,-1.469441,31.305018,3.600000
580,0.010000,0.000000,0.541112,0.270556,0.037062,-1.386740,0.000059,16.985231,-27.733071,-1.386897,16.985249,-27.733067,-1.386891,25.373004,25.360474,0.000281,25.372894,25.360470,0.000271,0.000157,nan,nan,0.000003,0.000019,0.000004,0.000006,5.002435,8.602435,3.591500,-0.325736,-0.031609,17.321785,-31.323571,30.557684,-0.148805,-1.536069,31.911886,3.600000
590,0.010000,0.515246,0.000000,0.257623,-0.035291,-1.386639,-0.000064,17.032361,-27.986346,-1.386955,17.032400,-27.986339,-1.386944,25.373467,25.360587,0.000281,25.373348,25.360582,0.000271,0.000316,nan,nan,0.000013,0.000039,0.000007,0.000011,5.259928,8.859928,3.591259,-0.333724,-0.031556,17.360849,-31.578084,30.779433,-0.152689,-1.585158,32.208241,3.600000
600,0.010000,0.000000,0.527317,0.263659,0.036118,-1.386854,-0.000218,17.080601,-28.245554,-1.387162,17.080641,-28.245546,-1.387151,25.373950,25.360700,0.000281,25.373822,25.360696,0.000271,0.000308,nan,nan,0.000012,0.000039,0.000008,0.000011,5.523454,9.123454,3.591066,-0.341333,-0.031349,17.400828,-31.838559,30.353555,-0.153616,-1.598871,31.824331,3.600000
610,0.010000,0.550251,0.000000,0.275126,-0.037688,-1.387214,-0.000389,17.130883,-28.516045,-1.387540,17.130926,-28.516037,-1.387528,25.374466,25.360815,0.000281,25.374328,25.360810,0.000271,0.000326,nan,nan,0.000013,0.000043,0.000008,0.000012,5.798443,9.398443,3.590926,-0.348642,-0.030972,17.442546,-32.110365,29.910336,-0.154137,-1.609259,31.418746,3.600000
620,0.010000,0.000000,0.550251,0.275126,0.037688,-1.387590,-0.000591,17.181066,-28.786555,-1.388120,17.181138,-28.786542,-1.388101,25.374991,25.360930,0.000281,25.374844,25.360924,0.000271,0.000530,nan,nan,0.000036,0.000072,0.000014,0.000019,6.073434,9.673434,3.590864,-0.355176,-0.030399,17.484264,-32.382173,29.469365,-0.154147,-1.615249,31.007882,3.600000
630,0.010000,0.578876,0.000000,0.289438,-0.039649,-1.388310,-0.000671,17.233723,-29.071163,-1.388772,17.233789,-29.071150,-1.388755,25.375557,25.361046,0.000281,25.375399,25.361040,0.000271,0.000462,nan,nan,0.000027,0.000065,0.000012,0.000016,6.362736,9.962736,3.590832,-0.361685,-0.029745,17.528154,-32.668126,29.003452,-0.153898,-1.618845,30.569706,3.600000
640,0.010000,0.000000,0.574393,0.287196,0.039342,-1.389174,-0.000746,17.285782,-29.353601,-1.389501,17.285830,-29.353592,-1.389489,25.376129,25.361162,0.000281,25.375960,25.361156,0.000271,0.000327,nan,nan,0.000014,0.000048,0.000009,0.000012,6.649803,10.249803,3.590847,-0.367636,-0.029011,17.571704,-32.951871,12.639276,-0.081155,-0.717075,30.128647,3.600000
650,0.010000,0.603190,0.000000,0.301595,-0.041314,-1.389953,-0.000921,17.340212,-29.650243,-1.390411,17.340281,-29.650230,-1.390395,25.376744,25.361280,0.000281,25.376563,25.361274,0.000271,0.000458,nan,nan,0.000027,0.000069,0.000013,0.000016,6.951269,10.551269,3.590931,-0.373200,-0.028105,17.617439,-33.249848,12.247845,-0.079477,-0.705386,29.658445,3.600000
660,0.010000,0.000000,0.636471,0.318235,0.043594,-1.391017,-0.001007,17.397381,-29.963301,-1.391401,17.397441,-29.963290,-1.391388,25.377410,25.361399,0.000281,25.377216,25.361393,0.000271,0.000385,nan,nan,0.000019,0.000060,0.000011,0.000014,7.269376,10.869376,3.591055,-0.378635,-0.027112,17.665699,-33.564273,11.834840,-0.077554,-0.691526,29.154105,3.600000
670,0.010000,0.648714,0.000000,0.324357,-0.044432,-1.392077,-0.001065,17.455322,-30.282440,-1.392453,17.455383,-30.282429,-1.392440,25.378104,25.361520,0.000281,25.377897,25.361512,0.000271,0.000376,nan,nan,0.000018,0.000061,0.000012,0.000013,7.593612,11.193612,3.591221,-0.383710,-0.026061,17.714888,-33.884756,11.413916,-0.075439,-0.675869,28.630958,3.600000
680,0.010000,0.000000,0.580428,0.290214,0.039755,-1.393424,-0.001278,17.506870,-30.568039,-1.393718,17.506919,-30.568030,-1.393707,25.378722,25.361637,0.000281,25.378505,25.361629,0.000271,0.000294,nan,nan,0.000011,0.000049,0.000009,0.000010,7.883726,11.483726,3.591516,-0.386766,-0.024793,17.758901,-34.171511,11.037324,-0.073032,-0.658774,28.154669,3.600000
690,0.010000,0.610777,0.000000,0.305389,-0.041834,-1.394890,-0.001433,17.560718,-30.868643,-1.395140,17.560761,-30.868635,-1.395131,25.379388,25.361755,0.000281,25.379159,25.361747,0.000271,0.000251,nan,nan,0.000008,0.000043,0.000008,0.000009,8.189019,11.789019,3.591885,-0.389263,-0.023369,17.805216,-34.473271,10.641060,-0.070300,-0.639225,27.644642,3.600000
700,0.010000,0.000000,0.612329,0.306165,0.041940,-1.396428,-0.001406,17.614267,-31.170087,-1.396538,17.614286,-31.170084,-1.396534,25.380065,25.361874,0.000281,25.379824,25.361866,0.000271,0.000110,nan,nan,0.000002,0.000019,0.000004,0.000004,8.495099,12.095099,3.592270,-0.391398,-0.021966,17.851651,-34.775809,10.243808,-0.067511,-0.618735,27.123720,3.600000
710,0.010000,0.588015,0.000000,0.294008,-0.040275,-1.397706,-0.001316,17.665262,-31.459639,-1.397849,17.665287,-31.459634,-1.397844,25.380716,25.361992,0.000281,25.380465,25.361983,0.000271,0.000144,nan,nan,0.000003,0.000026,0.000005,0.000005,8.789035,12.389035,3.592646,-0.393172,-0.020656,17.896244,-35.066342,9.862354,-0.064810,-0.598396,26.613919,3.600000
720,0.010000,0.000000,0.594051,0.297025,0.040688,-1.398975,-0.001348,17.716403,-31.752228,-1.399192,17.716442,-31.752221,-1.399184,25.381382,25.362110,0.000281,25.381120,25.362101,0.000271,0.000217,nan,nan,0.000006,0.000039,0.000007,0.000008,9.085996,12.685996,3.593050,-0.394532,-0.019316,17.941295,-35.359866,9.477015,-0.062000,-0.577004,26.088813,3.600000
730,0.010000,0.636471,0.000000,0.318235,-0.043594,-1.400223,-0.001236,17.770788,-32.065781,-1.400420,17.770824,-32.065775,-1.400413,25.382115,25.362229,0.000281,25.381841,25.362220,0.000271,0.000196,nan,nan,0.000005,0.000037,0.000007,0.000007,9.404171,13.004171,3.593420,-0.396300,-0.018087,17.989565,-35.674358,9.064196,-0.059179,-0.554342,25.514272,3.600000
740,0.010000,0.000000,0.609398,0.304699,0.041740,-1.401331,-0.001156,17.822489,-32.366061,-1.401569,17.822534,-32.366053,-1.401560,25.382816,25.362348,0.000281,25.382532,25.362338,0.000271,0.000238,nan,nan,0.000007,0.000045,0.000008,0.000008,9.708818,13.308818,3.593778,-0.397733,-0.016940,18.035782,-35.975479,8.668984,-0.056458,-0.532089,24.951843,3.600000
750,0.010000,0.610777,0.000000,0.305389,-0.041834,-1.402390,-0.001023,17.873971,-32.667079,-1.402583,17.874008,-32.667072,-1.402576,25.383526,25.362466,0.000281,25.383230,25.362456,0.000271,0.000193,nan,nan,0.000005,0.000037,0.000007,0.000007,10.014162,13.614162,3.594098,-0.399292,-0.015924,18.082105,-36.277289,8.272929,-0.053839,-0.509771,24.375200,3.600000
760,0.010000,0.000000,0.597155,0.298577,0.040901,-1.403209,-0.000788,17.923998,-32.961435,-1.403364,17.924029,-32.961429,-1.403359,25.384221,25.362584,0.000281,25.383915,25.362574,0.000271,0.000155,nan,nan,0.000003,0.000031,0.000006,0.000006,10.312701,13.912701,3.594337,-0.401263,-0.015141,18.127396,-36.572372,7.885771,-0.051481,-0.488314,23.798008,3.600000
770,0.010000,0.610777,0.000000,0.305389,-0.041834,-1.404028,-0.000863,17.974924,-33.262547,-1.404222,17.974963,-33.262540,-1.404215,25.384941,25.362702,0.000281,25.384625,25.362692,0.000271,0.000194,nan,nan,0.000005,0.000039,0.000007,0.000007,10.618053,14.218053,3.594612,-0.402849,-0.014285,18.173721,-36.874190,7.489864,-0.048964,-0.465631,23.192923,3.600000
780,0.010000,0.000000,0.534904,0.267452,0.036637,-1.405287,-0.001443,18.019310,-33.526290,-1.405658,18.019385,-33.526276,-1.405645,25.385546,25.362817,0.000281,25.385224,25.362806,0.000271,0.000372,nan,nan,0.000018,0.000075,0.000014,0.000013,10.885476,14.485476,3.595135,-0.401604,-0.012855,18.214291,-37.138518,7.143219,-0.045958,-0.442708,22.649859,3.600000
790,0.010000,0.560770,0.000000,0.280385,-0.038409,-1.407119,-0.001976,18.065480,-33.802846,-1.407621,18.065583,-33.802827,-1.407603,25.386195,25.362933,0.000281,25.385865,25.362922,0.000271,0.000502,nan,nan,0.000032,0.000103,0.000019,0.000018,11.165835,14.765835,3.595874,-0.398272,-0.010897,18.256824,-37.415632,6.779886,-0.042272,-0.416703,22.066311,3.600000
800,0.010000,0.000000,0.448685,0.224343,0.030732,-1.409211,-0.002216,18.102032,-34.024189,-1.409819,18.102156,-34.024167,-1.409797,25.386667,25.363043,0.000281,25.386336,25.363032,0.000271,0.000608,nan,nan,0.000047,0.000124,0.000022,0.000022,11.390161,14.990161,3.596716,-0.392952,-0.008703,18.290856,-37.637361,6.489227,-0.038617,-0.393511,21.588129,3.600000
810,0.010000,0.460756,0.000000,0.230378,-0.031559,-1.411421,-0.002280,18.139087,-34.251565,-1.412077,18.139222,-34.251541,-1.412054,25.387158,25.363153,0.000281,25.386826,25.363142,0.000271,0.000656,nan,nan,0.000055,0.000135,0.000024,0.000023,11.620527,15.220527,3.597580,-0.386977,-0.006446,18.325804,-37.865060,6.190788,-0.034862,-0.369706,21.085869,3.600000
820,0.010000,0.000000,0.354534,0.177267,0.024283,-1.413506,-0.002072,18.167244,-34.426579,-1.414126,18.167370,-34.426556,-1.414104,25.387480,25.363258,0.000281,25.387152,25.363248,0.000271,0.000620,nan,nan,0.000049,0.000126,0.000023,0.000022,11.797787,15.397787,3.598360,-0.380873,-0.004396,18.352696,-38.040268,5.961181,-0.031635,-0.350378,20.619048,3.600000
830,0.010000,0.357638,0.000000,0.178819,-0.024496,-1.415102,-0.001593,18.195275,-34.603184,-1.415696,18.195395,-34.603163,-1.415675,25.387808,25.363364,0.000281,25.387484,25.363353,0.000271,0.000594,nan,nan,0.000045,0.000120,0.000021,0.000021,11.976601,15.576601,3.598952,-0.376126,-0.002825,18.379823,-38.217013,5.729588,-0.028922,-0.332569,20.152227,3.600000
840,0.010000,0.000000,0.248656,0.124328,0.017031,-1.416373,-0.001284,18.214604,-34.725998,-1.416959,18.214721,-34.725977,-1.416938,25.387967,25.363464,0.000281,25.387652,25.363454,0.000271,0.000586,nan,nan,0.000044,0.000117,0.000021,0.000021,12.100925,15.700925,3.599423,-0.372051,-0.001562,18.398685,-38.339899,5.568593,-0.026859,-0.319722,19.685406,3.600000
850,0.010000,0.274350,0.000000,0.137175,-0.018791,-1.417636,-0.001342,18.235744,-34.861532,-1.418280,18.235871,-34.861509,-1.418257,25.388169,25.363565,0.000281,25.387862,25.363556,0.000271,0.000644,nan,nan,0.000053,0.000127,0.000023,0.000023,12.238097,15.838097,3.599911,-0.367645,-0.000243,18.419495,-38.475483,5.390984,-0.024668,-0.305860,19.218585,3.600000
860,0.010000,0.000000,0.136399,0.068199,0.009342,-1.419004,-0.001534,18.246234,-34.928917,-1.419791,18.246385,-34.928890,-1.419763,25.388166,25.363661,0.000281,25.387873,25.363652,0.000271,0.000787,nan,nan,0.000079,0.000152,0.000027,0.000028,12.306293,15.906293,3.600461,-0.362394,0.001263,18.429840,-38.542889,5.302703,-0.022689,-0.296554,18.803114,3.600000
870,0.010000,0.183475,0.000000,0.091737,-0.012567,-1.420624,-0.001747,18.260188,-35.019583,-1.421510,18.260355,-35.019553,-1.421479,25.388241,25.363759,0.000281,25.387960,25.363750,0.000271,0.000886,nan,nan,0.000100,0.000167,0.000030,0.000032,12.398026,15.998026,3.601077,-0.356271,0.002979,18.443757,-38.633561,5.183950,-0.020359,-0.285014,18.438994,3.600000
880,0.010000,0.000000,0.066561,0.033281,0.004559,-1.422436,-0.001870,18.265306,-35.052464,-1.423348,18.265473,-35.052434,-1.423316,25.388155,25.363853,0.000281,25.387890,25.363845,0.000271,0.000913,nan,nan,0.000106,0.000167,0.000030,0.000033,12.431303,16.031303,3.601726,-0.349725,-0.008112,18.448805,-38.666452,5.140884,-0.028848,-0.277453,18.126224,3.600000
890,0.010000,0.092427,0.000000,0.046214,-0.006331,-1.424239,-0.001811,18.272264,-35.098146,-1.425127,18.272423,-35.098118,-1.425095,25.388118,25.363948,0.000281,25.387867,25.363940,0.000271,0.000888,nan,nan,0.000100,0.000158,0.000028,0.000032,12.477512,16.077512,3.602342,-0.343254,-0.025417,18.455816,-38.712127,5.081067,-0.042374,-0.269151,17.864804,3.600000
900,0.010000,0.000000,0.012243,0.006122,0.000839,-1.425916,-0.001619,18.273311,-35.104175,-1.426714,18.273449,-35.104150,-1.426686,25.387984,25.364041,0.000281,25.387750,25.364033,0.000271,0.000798,nan,nan,0.000081,0.000137,0.000024,0.000028,12.483631,16.083631,3.602884,-0.337622,-0.026353,18.456744,-38.718174,5.073160,-0.042756,-0.264323,17.654735,3.600000
910,0.010000,0.033281,0.000000,0.016640,-0.002279,-1.427320,-0.001278,18.275839,-35.120618,-1.427964,18.275946,-35.120599,-1.427941,25.387893,25.364135,0.000281,25.387675,25.364128,0.000271,0.000645,nan,nan,0.000053,0.000107,0.000019,0.000023,12.500268,16.100268,3.603305,-0.333072,-0.031969,18.459268,-38.734619,5.051625,-0.046987,-0.259653,17.496015,3.600000
920,0.010000,0.000000,0.000000,0.000000,0.000000,-1.428281,-0.000751,18.275946,-35.120599,-1.428692,18.276012,-35.120588,-1.428678,25.387775,25.364228,0.000281,25.387571,25.364221,0.000271,0.000411,nan,nan,0.000021,0.000066,0.000012,0.000015,12.500268,16.100268,3.603552,-0.330485,-0.031233,18.459268,-38.734619,5.051635,-0.046222,-0.257637,17.388647,3.600000
930,0.010000,0.006035,0.000000,0.003018,-0.000413,-1.428889,-0.000399,18.276440,-35.123575,-1.429077,18.276469,-35.123570,-1.429071,25.387678,25.364322,0.000281,25.387489,25.364316,0.000271,0.000188,nan,nan,0.000004,0.000029,0.000005,0.000007,12.503283,16.103283,3.603680,-0.329069,-0.032085,18.459726,-38.737600,5.047731,-0.046817,-0.256335,17.332628,3.600000
940,0.010000,0.000000,0.002931,0.001466,0.000201,-1.429187,-0.000000,18.276676,-35.125021,-1.429071,18.276658,-35.125024,-1.429075,25.387592,25.364416,0.000281,25.387416,25.364410,0.000271,-0.000116,nan,nan,0.000002,-0.000017,-0.000003,-0.000004,12.504750,16.104750,3.603681,-0.329021,-0.032687,18.459948,-38.739049,5.045829,-0.047299,-0.256201,17.327960,3.600000
950,0.010000,0.010691,0.000000,0.005346,-0.000732,-1.428714,0.000868,18.277413,-35.130316,-1.428206,18.277340,-35.130329,-1.428225,25.387528,25.364511,0.000281,25.387364,25.364506,0.000271,-0.000508,nan,nan,0.000033,-0.000073,-0.000013,-0.000018,12.510096,16.110096,3.603398,-0.331953,-0.035745,18.460759,-38.744334,5.038893,-0.049961,-0.258129,17.374642,3.600000
960,0.010000,0.000000,0.015175,0.007587,0.001039,-1.427776,0.001204,18.278418,-35.137839,-1.427021,18.278313,-35.137858,-1.427048,25.387480,25.364606,0.000281,25.387327,25.364601,0.000271,-0.000755,nan,nan,0.000072,-0.000105,-0.000019,-0.000027,12.517686,16.117686,3.603004,-0.336013,-0.040057,18.461910,-38.751835,5.029049,-0.053708,-0.260776,17.472674,3.600000
970,0.010000,0.022762,0.000000,0.011381,-0.001559,-1.426893,0.001087,18.279943,-35.149121,-1.425961,18.279817,-35.149143,-1.425994,25.387451,25.364702,0.000281,25.387307,25.364697,0.000271,-0.000932,nan,nan,0.000110,-0.000126,-0.000022,-0.000033,12.529069,16.129069,3.602646,-0.339583,-0.045811,18.463637,-38.763087,5.014290,-0.058587,-0.262773,17.622057,3.600000
980,0.010000,0.000000,0.051559,0.025780,0.003531,-1.426121,0.000815,18.283537,-35.174653,-1.425179,18.283414,-35.174675,-1.425213,25.387460,25.364799,0.000281,25.387324,25.364795,0.000271,-0.000942,nan,nan,0.000113,-0.000123,-0.000022,-0.000034,12.554851,16.154851,3.602377,-0.342080,-0.057240,18.467549,-38.788570,4.980887,-0.067972,-0.262941,17.822790,3.600000
990,0.010000,0.025693,0.000000,0.012847,-0.001760,-1.425837,0.000176,18.285278,-35.187386,-1.425037,18.285176,-35.187403,-1.425066,25.387450,25.364895,0.000281,25.387323,25.364891,0.000271,-0.000800,nan,nan,0.000081,-0.000101,-0.000018,-0.000028,12.567699,16.167699,3.602326,-0.342421,-0.062694,18.469498,-38.801270,4.964237,-0.072395,-0.262324,18.074873,3.600000
1000,0.010000,0.000000,0.006035,0.003018,0.000413,-1.425391,0.000517,18.285614,-35.190389,-1.424549,18.285511,-35.190407,-1.424579,25.387429,25.364991,0.000281,25.387311,25.364988,0.000271,-0.000842,nan,nan,0.000090,-0.000103,-0.000018,-0.000030,12.570719,16.170719,3.602158,-0.344050,-0.064428,18.469956,-38.804255,4.960314,-0.073900,-0.263364,18.378307,3.600000
1010,0.010000,0.003104,0.000000,0.001552,-0.000213,-1.424344,0.001182,18.285737,-35.191943,-1.423396,18.285625,-35.191962,-1.423430,25.387414,25.365088,0.000281,25.387304,25.365085,0.000271,-0.000948,nan,nan,0.000114,-0.000112,-0.000020,-0.000034,12.572273,16.172273,3.601760,-0.348064,-0.066219,18.470192,-38.805791,4.958287,-0.075606,-0.266328,18.733091,3.600000
1020,0.010000,0.000000,-0.012071,-0.006035,-0.000827,-1.423052,0.001241,18.284739,-35.185992,-1.422189,18.284641,-35.186010,-1.422220,25.387393,25.365184,0.000281,25.387291,25.365181,0.000271,-0.000862,nan,nan,0.000094,-0.000098,-0.000017,-0.000031,12.572273,16.172273,3.607369,-0.352331,-0.067429,18.470192,-38.805791,4.966085,-0.076893,-0.270017,18.885375,3.600000
1030,0.010000,-0.006208,0.000000,-0.003104,0.000425,-1.422206,0.000740,18.284182,-35.182940,-1.421479,18.284102,-35.182954,-1.421505,25.387386,25.365281,0.000281,25.387291,25.365278,0.000271,-0.000727,nan,nan,0.000067,-0.000080,-0.000014,-0.000026,12.572273,16.172273,3.610218,-0.354830,-0.068144,18.470192,-38.805791,4.970091,-0.077650,-0.272151,18.892990,3.600000
1040,0.010000,-0.006035,-0.019658,-0.012847,-0.000933,-1.421976,0.000096,18.282191,-35.170250,-1.421409,18.282132,-35.170261,-1.421430,25.387370,25.365377,0.000281,25.387283,25.365375,0.000271,-0.000567,nan,nan,0.000041,-0.000060,-0.000010,-0.000020,12.572273,16.172273,3.623036,-0.355044,-0.068219,18.470192,-38.805791,4.986711,-0.077798,-0.273226,18.924553,3.600000
1050,0.010000,0.000000,0.000000,0.000000,0.000000,-1.422317,-0.000463,18.282132,-35.170261,-1.421893,18.282089,-35.170268,-1.421908,25.387383,25.365475,0.000281,25.387302,25.365472,0.000271,-0.000423,nan,nan,0.000023,-0.000043,-0.000008,-0.000015,12.572273,16.172273,3.623205,-0.353267,-0.067741,18.470192,-38.805791,4.986704,-0.077296,-0.271858,18.924540,3.600000
1060,0.010000,0.000000,0.000000,0.000000,0.000000,-1.422725,-0.000533,18.282089,-35.170268,-1.422441,18.282061,-35.170273,-1.422451,25.387402,25.365572,0.000281,25.387327,25.365570,0.000271,-0.000284,nan,nan,0.000010,-0.000028,-0.000005,-0.000010,12.572273,16.172273,3.623395,-0.351272,-0.067198,18.470192,-38.805791,4.986700,-0.076728,-0.270322,18.924532,3.600000
1070,0.010000,0.000000,0.000000,0.000000,0.000000,-1.423163,-0.000581,18.282061,-35.170273,-1.423032,18.282049,-35.170275,-1.423036,25.387427,25.365670,0.000281,25.387357,25.365668,0.000271,-0.000131,nan,nan,0.000002,-0.000012,-0.000002,-0.000005,12.572273,16.172273,3.623600,-0.349139,-0.066613,18.470192,-38.805791,4.986698,-0.076117,-0.268680,18.924529,3.600000
1080,0.010000,0.003104,-0.001552,0.000776,-0.000319,-1.423595,-0.000533,18.282163,-35.171043,-1.423569,18.282161,-35.171043,-1.423570,25.387458,25.365768,0.000281,25.387392,25.365766,0.000271,-0.000026,nan,nan,0.000000,-0.000002,-0.000000,-0.000001,12.572273,16.172273,3.623009,-0.347203,-0.066079,18.470192,-38.805791,4.985693,-0.075556,-0.267137,18.922622,3.600000
1090,0.010000,0.000000,0.000000,0.000000,0.000000,-1.424096,-0.000586,18.282161,-35.171043,-1.424156,18.282166,-35.171042,-1.424154,25.387492,25.365866,0.000281,25.387432,25.365864,0.000271,0.000059,nan,nan,0.000000,0.000005,0.000001,0.000002,12.572273,16.172273,3.623212,-0.345093,-0.065495,18.470192,-38.805791,4.985694,-0.074947,-0.265514,18.922623,3.600000
1100,0.010000,0.081908,0.090875,0.086392,0.000614,-1.424648,-0.000549,18.294789,-35.256507,-1.424702,18.294794,-35.256506,-1.424700,25.387648,25.365967,0.000281,25.387587,25.365965,0.000271,0.000054,nan,nan,0.000000,0.000005,0.000001,0.000002,12.637461,16.237461,3.602194,-0.342760,-0.091871,18.480081,-38.870224,4.873849,-0.095958,-0.257803,18.709171,3.600000
1110,0.010000,0.000000,0.000000,0.000000,0.000000,-1.425096,-0.000399,18.294794,-35.256506,-1.425100,18.294794,-35.256506,-1.425100,25.387687,25.366065,0.000281,25.387631,25.366063,0.000271,0.000003,nan,nan,0.000000,0.000000,0.000000,0.000000,12.637461,16.237461,3.602331,-0.341322,-0.091472,18.480081,-38.870224,4.873849,-0.095544,-0.256721,18.709171,3.600000
1120,0.010000,0.150022,0.139503,0.144762,-0.000720,-1.425512,-0.000373,18.315811,-35.399734,-1.425473,18.315807,-35.399735,-1.425474,25.387920,25.366168,0.000281,25.387862,25.366166,0.000271,-0.000040,nan,nan,0.000000,-0.000003,-0.000001,-0.000001,12.782220,16.382220,3.588989,-0.339109,-0.145322,18.500000,-39.000000,4.686466,-0.138784,-0.245250,18.345995,3.600000
1130,0.010000,0.000000,0.000000,0.000000,0.000000,-1.425757,-0.000160,18.315807,-35.399735,-1.425634,18.315797,-35.399737,-1.425638,25.387962,25.366266,0.000281,25.387907,25.366265,0.000271,-0.000124,nan,nan,0.000002,-0.000010,-0.000002,-0.000004,12.782220,16.382220,3.589044,-0.338509,-0.145158,18.500000,-39.000000,4.686464,-0.138615,-0.244816,18.345991,3.600000
1140,0.010000,0.195373,0.189338,0.192355,-0.000413,-1.425896,-0.000069,18.343621,-35.590069,-1.425707,18.343605,-35.590072,-1.425714,25.388258,25.366371,0.000281,25.388198,25.366369,0.000271,-0.000189,nan,nan,0.000005,-0.000016,-0.000003,-0.000007,12.974571,16.574571,3.396714,-0.338234,-0.145082,18.500000,-39.000000,4.437567,-0.137498,-0.231626,17.852169,3.600000
10,0.016000,0.018278,-0.024314,-0.003018,-0.002917,-1.533208,-0.003307,18.407329,-35.979285,-1.534750,18.407335,-35.979284,-1.534694,25.395530,25.374115,0.000287,25.395530,25.374115,0.000276,0.001543,nan,nan,0.000302,0.000006,0.000001,0.000056,0.000000,3.600000,3.601308,-0.110960,-0.030828,18.426435,-39.582251,0.051011,-0.025349,-0.000873,0.051350,3.600000
20,0.010000,0.000000,0.000000,0.000000,0.000000,-1.535130,-0.001886,18.407335,-35.979284,-1.536580,18.407341,-35.979283,-1.536527,25.395630,25.374215,0.000286,25.395630,25.374215,0.000276,0.001450,nan,nan,0.000266,0.000006,0.000001,0.000053,0.000000,3.600000,3.601507,-0.104364,-0.028995,18.426435,-39.582251,0.153151,-0.023973,-0.002467,0.154051,3.600000
30,0.010000,0.010519,-0.018106,-0.003794,-0.001961,-1.536680,-0.001427,18.407211,-35.975491,-1.537955,18.407216,-35.975490,-1.537908,25.395730,25.374315,0.000286,25.395730,25.374315,0.000276,0.001274,nan,nan,0.000206,0.000005,0.000001,0.000046,0.000000,3.600000,3.605442,-0.099389,-0.027614,18.426435,-39.582251,0.306469,-0.023019,-0.004701,0.308102,3.600000
40,0.010000,0.000000,0.000000,0.000000,0.000000,-1.537612,-0.000783,18.407216,-35.975490,-1.538691,18.407219,-35.975489,-1.538652,25.395830,25.374415,0.000286,25.395830,25.374415,0.000275,0.001079,nan,nan,0.000148,0.000004,0.000001,0.000039,0.000000,3.600000,3.605516,-0.096710,-0.026870,18.426435,-39.582251,0.510925,-0.022643,-0.007625,0.513503,3.600000
50,0.010000,0.000000,-0.006035,-0.003018,-0.000413,-1.537943,-0.000181,18.407122,-35.972473,-1.538833,18.407125,-35.972473,-1.538801,25.395929,25.374515,0.000285,25.395929,25.374515,0.000275,0.000890,nan,nan,0.000101,0.000003,0.000001,0.000032,0.000000,3.600000,3.608548,-0.096176,-0.026721,18.426435,-39.582251,0.766430,-0.022821,-0.011375,0.770255,3.600000
60,0.010000,0.000000,0.000000,0.000000,0.000000,-1.537705,0.000378,18.407125,-35.972473,-1.538423,18.407128,-35.972472,-1.538397,25.396029,25.374615,0.000285,25.396029,25.374615,0.000275,0.000718,nan,nan,0.000065,0.000002,0.000001,0.000026,0.000000,3.600000,3.608509,-0.097637,-0.027125,18.426435,-39.582251,1.072839,-0.023536,-0.016165,1.078357,3.600000
70,0.010000,0.000000,0.000000,0.000000,0.000000,-1.537113,0.000650,18.407128,-35.972472,-1.537747,18.407130,-35.972472,-1.537724,25.396129,25.374715,0.000285,25.396129,25.374715,0.000274,0.000634,nan,nan,0.000051,0.000002,0.000000,0.000023,0.000000,3.600000,3.608443,-0.100066,-0.027798,18.426435,-39.582251,1.430084,-0.024561,-0.022084,1.437809,3.600000
80,0.010000,0.000000,0.000000,0.000000,0.000000,-1.536456,0.000639,18.407130,-35.972472,-1.537085,18.407131,-35.972471,-1.537062,25.396229,25.374815,0.000284,25.396229,25.374815,0.000274,0.000629,nan,nan,0.000050,0.000002,0.000000,0.000023,0.000000,3.600000,3.608377,-0.102456,-0.028460,18.426435,-39.582251,1.838202,-0.025662,-0.029064,1.848611,3.600000
90,0.010000,0.000000,0.000000,0.000000,0.000000,-1.535951,0.000469,18.407131,-35.972471,-1.536594,18.407133,-35.972471,-1.536571,25.396329,25.374915,0.000284,25.396329,25.374915,0.000274,0.000643,nan,nan,0.000052,0.000002,0.000000,0.000023,0.000000,3.600000,3.608326,-0.104233,-0.028952,18.426435,-39.582251,2.297299,-0.026696,-0.036953,2.310764,3.600000
100,0.010000,0.000000,0.000000,0.000000,0.000000,-1.535734,0.000160,18.407133,-35.972471,-1.536411,18.407135,-35.972470,-1.536386,25.396429,25.375015,0.000284,25.396429,25.375015,0.000274,0.000677,nan,nan,0.000058,0.000002,0.000000,0.000024,0.000000,3.600000,3.608307,-0.104900,-0.029136,18.426435,-39.582251,2.807601,-0.027527,-0.045450,2.824267,3.600000
110,0.010000,0.003104,0.000000,0.001552,-0.000213,-1.535793,-0.000091,18.407189,-35.974021,-1.536477,18.407190,-35.974021,-1.536452,25.396529,25.375115,0.000284,25.396529,25.375115,0.000273,0.000683,nan,nan,0.000059,0.000002,0.000000,0.000025,0.000000,3.600000,3.606763,-0.104663,-0.029070,18.426435,-39.582251,3.369210,-0.028191,-0.054419,3.389121,3.600000
120,0.010000,0.000000,0.000000,0.000000,0.000000,-1.536021,-0.000250,18.407190,-35.974021,-1.536703,18.407192,-35.974021,-1.536678,25.396629,25.375215,0.000283,25.396629,25.375215,0.000273,0.000682,nan,nan,0.000059,0.000002,0.000000,0.000025,0.000000,3.600000,3.606787,-0.103851,-0.028844,18.426435,-39.582251,3.972874,-0.028746,-0.063671,3.995988,3.600000
130,0.010000,0.000000,0.000000,0.000000,0.000000,-1.536247,-0.000213,18.407192,-35.974021,-1.536891,18.407194,-35.974020,-1.536868,25.396729,25.375315,0.000283,25.396729,25.375315,0.000273,0.000644,nan,nan,0.000053,0.000002,0.000000,0.000023,0.000000,3.600000,3.606807,-0.103167,-0.028654,18.426435,-39.582251,4.576579,-0.029325,-0.072863,4.602855,3.600000
140,0.010000,0.000000,0.000000,0.000000,0.000000,-1.536357,-0.000091,18.407194,-35.974020,-1.536959,18.407195,-35.974020,-1.536937,25.396829,25.375415,0.000283,25.396829,25.375415,0.000273,0.000602,nan,nan,0.000046,0.000001,0.000000,0.000022,0.000000,3.600000,3.606814,-0.102920,-0.028585,18.426435,-39.582251,5.180123,-0.030022,-0.082275,5.209723,3.600000
150,0.010000,0.000000,0.000000,0.000000,0.000000,-1.536352,-0.000000,18.407195,-35.974020,-1.536937,18.407197,-35.974020,-1.536916,25.396929,25.375515,0.000283,25.396929,25.375515,0.000273,0.000585,nan,nan,0.000043,0.000001,0.000000,0.000021,0.000000,3.600000,3.606812,-0.102997,-0.028606,18.426435,-39.582251,5.783494,-0.030811,-0.091927,5.816590,3.600000
160,0.010000,0.000000,0.000000,0.000000,0.000000,-1.536254,0.000112,18.407197,-35.974020,-1.536804,18.407198,-35.974019,-1.536784,25.397029,25.375615,0.000283,25.397029,25.375615,0.000273,0.000551,nan,nan,0.000038,0.000001,0.000000,0.000020,0.000000,3.600000,3.606799,-0.103473,-0.028738,18.426435,-39.582251,6.386571,-0.031723,-0.101981,6.423457,3.600000
170,0.010000,0.000000,0.000000,0.000000,0.000000,-1.536136,0.000107,18.407198,-35.974019,-1.536678,18.407199,-35.974019,-1.536658,25.397129,25.375715,0.000283,25.397129,25.375715,0.000272,0.000542,nan,nan,0.000037,0.000001,0.000000,0.000019,0.000000,3.600000,3.606786,-0.103929,-0.028864,18.426435,-39.582251,6.989600,-0.032636,-0.112102,7.030325,3.600000
180,0.010000,0.000000,0.000000,0.000000,0.000000,-1.536102,-0.000000,18.407199,-35.974019,-1.536658,18.407200,-35.974019,-1.536639,25.397229,25.375815,0.000282,25.397229,25.375815,0.000272,0.000556,nan,nan,0.000039,0.000001,0.000000,0.000020,0.000000,3.600000,3.606784,-0.104002,-0.028884,18.426435,-39.582251,7.592890,-0.033434,-0.121863,7.637192,3.600000
190,0.010000,0.000000,0.000000,0.000000,0.000000,-1.536125,-0.000043,18.407200,-35.974019,-1.536681,18.407201,-35.974019,-1.536661,25.397329,25.375915,0.000282,25.397329,25.375915,0.000272,0.000556,nan,nan,0.000039,0.000001,0.000000,0.000020,0.000000,3.600000,3.606787,-0.103921,-0.028861,18.426435,-39.582251,8.196311,-0.034182,-0.131446,8.244059,3.600000
200,0.010000,0.000000,0.000000,0.000000,0.000000,-1.536203,-0.000085,18.407201,-35.974019,-1.536746,18.407202,-35.974018,-1.536727,25.397429,25.376015,0.000282,25.397429,25.376015,0.000272,0.000543,nan,nan,0.000037,0.000001,0.000000,0.000019,0.000000,3.600000,3.606794,-0.103685,-0.028795,18.426435,-39.582251,8.799895,-0.034876,-0.140805,8.850927,3.600000
210,0.010000,0.012071,0.000000,0.006035,-0.000827,-1.536344,-0.000149,18.407408,-35.980050,-1.536876,18.407409,-35.980050,-1.536857,25.397529,25.376115,0.000282,25.397529,25.376115,0.000272,0.000532,nan,nan,0.000036,0.000001,0.000000,0.000019,0.000000,3.600000,3.600772,-0.103218,-0.028665,18.426435,-39.582251,9.403752,-0.035488,-0.149789,9.457794,3.600000
220,0.010000,0.000000,0.000000,0.000000,0.000000,-1.536570,-0.000229,18.407409,-35.980050,-1.537086,18.407410,-35.980050,-1.537068,25.397629,25.376215,0.000282,25.397629,25.376215,0.000272,0.000516,nan,nan,0.000034,0.000001,0.000000,0.000018,0.000000,3.600000,3.600794,-0.102461,-0.028454,18.426435,-39.582251,10.007989,-0.035992,-0.158244,10.064661,3.600000
230,0.010000,0.022762,0.006035,0.014399,-0.001146,-1.536823,-0.000245,18.407896,-35.994440,-1.537313,18.407897,-35.994440,-1.537295,25.397729,25.376315,0.000282,25.397729,25.376315,0.000272,0.000490,nan,nan,0.000030,0.000001,0.000000,0.000018,0.012141,3.612141,3.598555,-0.101988,-0.028227,18.426499,-39.594392,10.612093,-0.036508,-0.167023,10.671529,3.600000
240,0.010000,0.000000,0.000000,0.000000,0.000000,-1.537070,-0.000245,18.407897,-35.994440,-1.537540,18.407898,-35.994440,-1.537523,25.397829,25.376415,0.000282,25.397829,25.376415,0.000272,0.000470,nan,nan,0.000028,0.000001,0.000000,0.000017,0.012141,3.612141,3.598578,-0.101168,-0.027999,18.426499,-39.594392,11.216583,-0.036968,-0.175118,11.278396,3.600000
250,0.010000,0.040868,0.018106,0.029487,-0.001559,-1.537358,-0.000277,18.408879,-36.023910,-1.537800,18.408880,-36.023910,-1.537785,25.397930,25.376515,0.000282,25.397930,25.376515,0.000272,0.000442,nan,nan,0.000025,0.000001,0.000000,0.000016,0.041617,3.641617,3.598582,-0.101055,-0.027738,18.426654,-39.623867,11.820542,-0.037492,-0.184340,11.885264,3.600000
260,0.010000,0.000000,0.041040,0.020520,0.002811,-1.537686,-0.000341,18.409558,-36.044419,-1.538125,18.409559,-36.044419,-1.538110,25.398031,25.376615,0.000282,25.398031,25.376615,0.000272,0.000439,nan,nan,0.000024,0.000002,0.000000,0.000016,0.062129,3.662129,3.598599,-0.100455,-0.027412,18.426763,-39.644378,12.425103,-0.037888,-0.192619,12.492131,3.600000
270,0.010000,0.071217,0.000000,0.035609,-0.004878,-1.538136,-0.000469,18.410723,-36.080009,-1.538578,18.410725,-36.080008,-1.538563,25.398134,25.376715,0.000282,25.398134,25.376715,0.000272,0.000442,nan,nan,0.000025,0.000002,0.000000,0.000016,0.097724,3.697724,3.598617,-0.099803,-0.026959,18.426950,-39.679973,13.029969,-0.038161,-0.200684,13.098998,3.600000
280,0.010000,0.000000,0.078804,0.039402,0.005398,-1.538730,-0.000623,18.411995,-36.119390,-1.539186,18.411998,-36.119390,-1.539170,25.398237,25.376815,0.000282,25.398237,25.376815,0.000272,0.000456,nan,nan,0.000026,0.000003,0.000000,0.000016,0.137111,3.737111,3.598649,-0.098684,-0.026352,18.427158,-39.719360,13.635638,-0.038222,-0.207657,13.705866,3.600000
290,0.010000,0.095531,0.000000,0.047765,-0.006543,-1.539507,-0.000810,18.413508,-36.167131,-1.539979,18.413512,-36.167131,-1.539962,25.398342,25.376915,0.000282,25.398341,25.376915,0.000271,0.000472,nan,nan,0.000028,0.000004,0.000000,0.000017,0.184860,3.784860,3.598694,-0.097093,-0.025560,18.427410,-39.767108,14.242217,-0.038031,-0.213397,14.312733,3.600000
300,0.010000,0.000000,0.104498,0.052249,0.007157,-1.540450,-0.000975,18.415123,-36.219355,-1.540937,18.415127,-36.219355,-1.540920,25.398448,25.377015,0.000281,25.398447,25.377015,0.000271,0.000487,nan,nan,0.000030,0.000004,0.000000,0.000017,0.237092,3.837092,3.598752,-0.094987,-0.024602,18.427685,-39.819339,14.849770,-0.037588,-0.217675,14.919600,3.600000
310,0.010000,0.128812,0.000000,0.064406,-0.008823,-1.541557,-0.001135,18.417051,-36.283732,-1.542054,18.417057,-36.283732,-1.542036,25.398557,25.377115,0.000281,25.398556,25.377115,0.000271,0.000497,nan,nan,0.000031,0.000005,0.000000,0.000018,0.301478,3.901478,3.598819,-0.092557,-0.023486,18.428025,-39.883724,15.458097,-0.036922,-0.220796,15.526468,3.600000
320,0.010000,0.000000,0.150022,0.075011,0.010275,-1.542738,-0.001172,18.419214,-36.358711,-1.543208,18.419220,-36.358711,-1.543192,25.398671,25.377215,0.000281,25.398669,25.377215,0.000271,0.000470,nan,nan,0.000028,0.000006,0.000000,0.000017,0.376467,3.976467,3.598884,-0.090168,-0.022331,18.428420,-39.958713,16.066617,-0.036196,-0.223563,16.133335,3.600000
330,0.010000,0.197097,0.000000,0.098549,-0.013500,-1.543966,-0.001241,18.421940,-36.457222,-1.544433,18.421947,-36.457222,-1.544416,25.398792,25.377315,0.000281,25.398789,25.377315,0.000271,0.000466,nan,nan,0.000028,0.000008,0.000000,0.000017,0.474991,4.074991,3.598945,-0.087968,-0.021106,18.428940,-40.057235,16.675174,-0.035417,-0.226372,16.740202,3.600000
340,0.010000,0.000000,0.187958,0.093979,0.012874,-1.545225,-0.001252,18.424426,-36.551168,-1.545668,18.424435,-36.551168,-1.545652,25.398915,25.377415,0.000281,25.398912,25.377415,0.000271,0.000443,nan,nan,0.000025,0.000008,0.000000,0.000016,0.568949,4.168949,3.599011,-0.085512,-0.019870,18.429436,-40.151192,17.284196,-0.034540,-0.228086,17.347070,3.600000
350,0.010000,0.227274,0.000000,0.113637,-0.015567,-1.546483,-0.001236,18.427292,-36.664769,-1.546888,18.427300,-36.664769,-1.546873,25.399048,25.377515,0.000281,25.399044,25.377515,0.000271,0.000405,nan,nan,0.000021,0.000009,0.000000,0.000014,0.682563,4.282563,3.599071,-0.083382,-0.018649,18.430035,-40.264804,17.892944,-0.033711,-0.230240,17.953937,3.600000
360,0.010000,0.000000,0.206064,0.103032,0.014114,-1.547767,-0.001289,18.429765,-36.767771,-1.548162,18.429775,-36.767771,-1.548148,25.399181,25.377615,0.000281,25.399177,25.377615,0.000271,0.000395,nan,nan,0.000020,0.000010,0.000000,0.000014,0.785577,4.385577,3.599141,-0.080725,-0.017374,18.430578,-40.367817,18.502497,-0.032686,-0.230495,18.560804,3.600000
370,0.010000,0.230378,0.000000,0.115189,-0.015779,-1.549132,-0.001369,18.432383,-36.882930,-1.549517,18.432394,-36.882930,-1.549503,25.399324,25.377715,0.000281,25.399317,25.377715,0.000271,0.000385,nan,nan,0.000019,0.000011,0.000000,0.000014,0.900748,4.500748,3.599215,-0.077859,-0.016019,18.431186,-40.482986,19.112479,-0.031507,-0.229641,19.167672,3.600000
380,0.010000,0.000000,0.244001,0.122000,0.016712,-1.550441,-0.001316,18.434992,-37.004902,-1.550819,18.435003,-37.004902,-1.550805,25.399473,25.377815,0.000281,25.399466,25.377815,0.000271,0.000378,nan,nan,0.000018,0.000012,0.000000,0.000013,1.022732,4.622732,3.599284,-0.075138,-0.014717,18.431829,-40.604969,19.722295,-0.030363,-0.228686,19.774539,3.600000
390,0.010000,0.316770,0.000000,0.158385,-0.021697,-1.551788,-0.001385,18.438170,-37.163255,-1.552190,18.438184,-37.163255,-1.552176,25.399647,25.377915,0.000281,25.399637,25.377915,0.000271,0.000402,nan,nan,0.000021,0.000014,0.000000,0.000014,1.181100,4.781100,3.599352,-0.072549,-0.013346,18.432664,-40.763334,20.332067,-0.029155,-0.227636,20.381406,3.600000
400,0.010000,0.000000,0.259175,0.129588,0.017752,-1.553242,-0.001475,18.440597,-37.292820,-1.553651,18.440612,-37.292819,-1.553637,25.399811,25.378015,0.000281,25.399800,25.378015,0.000271,0.000409,nan,nan,0.000021,0.000016,0.000000,0.000015,1.310675,4.910675,3.599434,-0.069036,-0.011885,18.433348,-40.892908,20.943013,-0.027596,-0.223122,20.988274,3.600000
410,0.010000,0.342463,0.000000,0.171231,-0.023456,-1.554749,-0.001539,18.443550,-37.464026,-1.555176,18.443569,-37.464025,-1.555161,25.400008,25.378115,0.000281,25.399993,25.378115,0.000271,0.000427,nan,nan,0.000023,0.000018,0.000001,0.000015,1.481894,5.081894,3.599513,-0.065604,-0.010361,18.434251,-41.064124,21.553863,-0.025953,-0.218212,21.595141,3.600000
420,0.010000,0.000000,0.336600,0.168300,0.023055,-1.556293,-0.001534,18.446200,-37.632305,-1.556695,18.446219,-37.632304,-1.556681,25.400211,25.378216,0.000281,25.400194,25.378215,0.000271,0.000402,nan,nan,0.000020,0.000019,0.000000,0.000014,1.650185,5.250185,3.599593,-0.061896,-0.008841,18.435138,-41.232413,22.164918,-0.024187,-0.211716,22.202008,3.600000
430,0.010000,0.350223,0.000000,0.175111,-0.023988,-1.557726,-0.001417,18.448691,-37.807398,-1.558097,18.448710,-37.807397,-1.558084,25.400428,25.378316,0.000281,25.400407,25.378316,0.000271,0.000372,nan,nan,0.000018,0.000019,0.000000,0.000013,1.825289,5.425289,3.599665,-0.058411,-0.007438,18.436062,-41.407514,22.775522,-0.022523,-0.205300,22.808876,3.600000
440,0.010000,0.000000,0.366777,0.183388,0.025122,-1.558870,-0.001076,18.451041,-37.990771,-1.559160,18.451058,-37.990771,-1.559150,25.400660,25.378416,0.000281,25.400635,25.378416,0.000271,0.000290,nan,nan,0.000011,0.000016,0.000000,0.000010,2.008672,5.608672,3.599717,-0.055955,-0.006372,18.437029,-41.590895,23.384745,-0.021380,-0.201930,23.415743,3.600000
450,0.010000,0.442477,0.000000,0.221239,-0.030307,-1.559717,-0.000772,18.453634,-38.211994,-1.559922,18.453647,-38.211994,-1.559915,25.400937,25.378516,0.000281,25.400907,25.378516,0.000271,0.000205,nan,nan,0.000005,0.000013,0.000000,0.000007,2.229906,5.829906,3.599750,-0.054624,-0.005607,18.438196,-41.812126,23.992616,-0.020778,-0.202249,24.022610,3.600000
460,0.010000,0.000000,0.430407,0.215203,0.029480,-1.560350,-0.000682,18.455989,-38.427184,-1.560597,18.456005,-38.427184,-1.560588,25.401222,25.378616,0.000281,25.401186,25.378616,0.000271,0.000247,nan,nan,0.000008,0.000017,0.000000,0.000009,2.445106,6.045106,3.599780,-0.053425,-0.004934,18.439331,-42.027322,24.600313,-0.020271,-0.202818,24.629478,3.600000
470,0.010000,0.442477,0.000000,0.221239,-0.030307,-1.560939,-0.000527,18.458264,-38.648411,-1.561115,18.458276,-38.648411,-1.561109,25.401525,25.378716,0.000281,25.401484,25.378716,0.000271,0.000176,nan,nan,0.000004,0.000013,0.000000,0.000006,2.666341,6.266341,3.599803,-0.052653,-0.004413,18.440498,-42.248555,25.207507,-0.020005,-0.204823,25.236345,3.600000
480,0.010000,0.000000,0.456100,0.228050,0.031240,-1.561246,-0.000229,18.460485,-38.876450,-1.561338,18.460493,-38.876450,-1.561335,25.401848,25.378816,0.000281,25.401801,25.378816,0.000271,0.000092,nan,nan,0.000001,0.000007,0.000000,0.000003,2.894389,6.494389,3.599810,-0.052854,-0.004187,18.441701,-42.476599,25.813552,-0.020277,-0.210547,25.843212,3.600000
490,0.010000,0.491105,0.000000,0.245552,-0.033637,-1.561483,-0.000266,18.462816,-39.121992,-1.561601,18.462826,-39.121991,-1.561597,25.402206,25.378916,0.000281,25.402151,25.378916,0.000271,0.000118,nan,nan,0.000002,0.000010,0.000000,0.000004,3.139939,6.739939,3.599820,-0.052948,-0.003925,18.442996,-42.722146,26.419719,-0.020489,-0.215876,26.450080,3.600000
500,0.010000,0.000000,0.494036,0.247018,0.033838,-1.561728,-0.000213,18.465098,-39.368999,-1.561810,18.465105,-39.368999,-1.561807,25.402580,25.379016,0.000281,25.402518,25.379016,0.000271,0.000082,nan,nan,0.000001,0.000007,0.000000,0.000003,3.386955,6.986955,3.599827,-0.053169,-0.003715,18.444299,-42.969159,27.025715,-0.020786,-0.221748,27.056947,3.600000
510,0.010000,0.478862,0.000000,0.239431,-0.032799,-1.561993,-0.000229,18.467258,-39.608420,-1.562036,18.467262,-39.608420,-1.562034,25.402956,25.379116,0.000281,25.402887,25.379116,0.000271,0.000042,nan,nan,0.000000,0.000004,0.000000,0.000002,3.626385,7.226385,3.599836,-0.053243,-0.003488,18.445561,-43.208585,27.631876,-0.021023,-0.227039,27.663814,3.600000
520,0.010000,0.000000,0.503176,0.251588,0.034464,-1.562345,-0.000298,18.469466,-39.859998,-1.562333,18.469465,-39.859998,-1.562333,25.403362,25.379216,0.000281,25.403285,25.379216,0.000271,-0.000012,nan,nan,0.000000,-0.000001,-0.000000,-0.000000,3.877971,7.477971,3.599849,-0.053044,-0.003189,18.446888,-43.460168,28.238383,-0.021107,-0.231155,28.270682,3.600000
530,0.010000,0.469895,0.000000,0.234947,-0.032185,-1.562538,-0.000256,18.471453,-40.094937,-1.562589,18.471458,-40.094937,-1.562587,25.403754,25.379316,0.000281,25.403669,25.379316,0.000271,0.000051,nan,nan,0.000000,0.000005,0.000000,0.000002,4.112917,7.712917,3.599860,-0.052885,-0.002935,18.448127,-43.695111,28.844832,-0.021240,-0.235410,28.877549,3.600000
540,0.010000,0.000000,0.501796,0.250898,0.034370,-1.562884,-0.000293,18.473518,-40.345827,-1.562880,18.473518,-40.345827,-1.562880,25.404181,25.379416,0.000281,25.404088,25.379416,0.000271,-0.000004,nan,nan,0.000000,-0.000000,-0.000000,-0.000000,4.363814,7.963814,3.599874,-0.052566,-0.002642,18.449451,-43.946004,29.451494,-0.021279,-0.238910,29.484416,3.600000
550,0.010000,0.572841,0.000000,0.286420,-0.039236,-1.563074,-0.000213,18.475785,-40.632238,-1.563093,18.475787,-40.632238,-1.563092,25.404683,25.379516,0.000281,25.404580,25.379516,0.000271,0.000019,nan,nan,0.000000,0.000002,0.000000,0.000001,4.650233,8.250233,3.599883,-0.052560,-0.002430,18.450961,-44.232419,30.057750,-0.021496,-0.243801,30.091284,3.600000
560,0.010000,0.000000,0.488001,0.244001,0.033425,-1.563300,-0.000272,18.477667,-40.876232,-1.563364,18.477674,-40.876232,-1.563362,25.405120,25.379616,0.000281,25.405009,25.379616,0.000271,0.000064,nan,nan,0.000001,0.000008,0.000000,0.000002,4.894233,8.494233,3.599896,-0.052191,-0.002160,18.452248,-44.476416,30.664483,-0.021529,-0.246975,30.698151,3.600000
570,0.010000,0.522834,0.000000,0.261417,-0.035811,-1.563493,-0.000208,18.479618,-41.137641,-1.563570,18.479627,-41.137641,-1.563567,25.405599,25.379716,0.000281,25.405479,25.379716,0.000271,0.000076,nan,nan,0.000001,0.000009,0.000000,0.000003,5.155649,8.755649,3.599905,-0.052027,-0.001955,18.453627,-44.737828,31.270946,-0.021689,-0.251068,31.305018,3.600000
580,0.010000,0.000000,0.586463,0.293232,0.040169,-1.563621,-0.000250,18.481747,-41.430865,-1.563817,18.481773,-41.430865,-1.563810,25.406153,25.379816,0.000281,25.406022,25.379816,0.000271,0.000196,nan,nan,0.000005,0.000025,0.000000,0.000007,5.448880,9.048880,3.599917,-0.051749,-0.001712,18.455174,-45.031055,31.877571,-0.021770,-0.254574,31.911886,3.600000
590,0.010000,0.545768,0.000000,0.272884,-0.037381,-1.563947,-0.000293,18.483679,-41.703742,-1.564103,18.483700,-41.703742,-1.564098,25.406678,25.379916,0.000281,25.406536,25.379916,0.000271,0.000156,nan,nan,0.000003,0.000021,0.000000,0.000006,5.721764,9.321764,3.599931,-0.051203,-0.001424,18.456613,-45.303935,32.484568,-0.021702,-0.256681,32.518753,3.600000
600,0.010000,0.000000,0.531973,0.265986,0.036436,-1.564267,-0.000399,18.485482,-41.969722,-1.564497,18.485513,-41.969722,-1.564489,25.407197,25.380016,0.000281,25.407046,25.380016,0.000271,0.000230,nan,nan,0.000007,0.000032,0.000000,0.000008,5.987750,9.587750,3.599950,-0.050205,-0.001033,18.458016,-45.569917,32.819809,-0.021189,-0.254276,32.852961,3.600000
610,0.010000,0.562150,0.000000,0.281075,-0.038503,-1.564728,-0.000447,18.487286,-42.250791,-1.564936,18.487316,-42.250791,-1.564929,25.407758,25.380116,0.000281,25.407597,25.380116,0.000271,0.000209,nan,nan,0.000006,0.000030,0.000000,0.000007,6.268824,9.868824,3.599972,-0.048941,-0.000593,18.459498,-45.850988,32.420036,-0.020075,-0.244857,32.451118,3.600000
620,0.010000,0.000000,0.598707,0.299353,0.041007,-1.565107,-0.000399,18.489073,-42.550139,-1.565328,18.489105,-42.550139,-1.565321,25.408372,25.380216,0.000281,25.408199,25.380216,0.000271,0.000222,nan,nan,0.000006,0.000033,0.000000,0.000008,6.568177,10.168177,3.599990,-0.047742,-0.000202,18.461077,-46.150336,31.988431,-0.019019,-0.235677,32.017598,3.600000
630,0.010000,0.568357,0.000000,0.284179,-0.038929,-1.565629,-0.000543,18.490662,-42.834313,-1.565864,18.490697,-42.834313,-1.565855,25.408961,25.380316,0.000281,25.408778,25.380316,0.000271,0.000235,nan,nan,0.000007,0.000036,0.000000,0.000008,6.852356,10.452356,3.600016,-0.045909,0.000333,18.462576,-46.434511,31.573925,-0.017622,-0.223694,31.600550,3.600000
640,0.010000,0.000000,0.597155,0.298577,0.040901,-1.566197,-0.000517,18.492173,-43.132886,-1.566372,18.492200,-43.132886,-1.566366,25.409595,25.380416,0.000281,25.409399,25.380416,0.000271,0.000175,nan,nan,0.000004,0.000028,0.000000,0.000006,7.150933,10.750933,3.600038,-0.044000,0.000844,18.464151,-46.733084,31.132208,-0.016219,-0.211391,31.156357,3.600000
650,0.010000,0.592671,0.000000,0.296336,-0.040594,-1.566701,-0.000607,18.493513,-43.429219,-1.566973,18.493557,-43.429218,-1.566963,25.410233,25.380516,0.000281,25.410026,25.380516,0.000271,0.000272,nan,nan,0.000009,0.000044,0.000000,0.000010,7.447268,11.047268,3.600064,-0.041643,0.001441,18.465714,-47.029415,30.687745,-0.014595,-0.197210,30.709146,3.600000
660,0.010000,0.000000,0.584911,0.292456,0.040062,-1.567291,-0.000714,18.494678,-43.721672,-1.567677,18.494742,-43.721671,-1.567663,25.410869,25.380616,0.000281,25.410651,25.380616,0.000271,0.000386,nan,nan,0.000019,0.000064,0.000001,0.000014,7.739723,11.339723,3.600091,-0.038765,0.002141,18.467256,-47.321866,12.750829,-0.004346,-0.076279,30.261311,3.600000
670,0.010000,0.621296,0.000000,0.310648,-0.042555,-1.568082,-0.000815,18.495716,-44.032318,-1.568478,18.495783,-44.032317,-1.568464,25.411563,25.380716,0.000281,25.411332,25.380716,0.000271,0.000396,nan,nan,0.000020,0.000068,0.000001,0.000014,8.050370,11.650370,3.600119,-0.035285,0.002942,18.468895,-47.632509,12.346989,-0.002966,-0.067231,29.778242,3.600000
680,0.010000,0.000000,0.600259,0.300129,0.041114,-1.568950,-0.000810,18.496483,-44.332446,-1.569274,18.496540,-44.332445,-1.569262,25.412237,25.380816,0.000281,25.411995,25.380816,0.000271,0.000323,nan,nan,0.000013,0.000057,0.000000,0.000012,8.350498,11.950498,3.600143,-0.031585,0.003740,18.470478,-47.932633,11.956822,-0.001595,-0.058280,29.303967,3.600000
690,0.010000,0.673028,0.000000,0.336514,-0.046098,-1.569641,-0.000847,18.497056,-44.668958,-1.570109,18.497141,-44.668958,-1.570093,25.413023,25.380916,0.000281,25.412765,25.380916,0.000271,0.000468,nan,nan,0.000028,0.000085,0.000001,0.000017,8.687009,12.287009,3.600163,-0.027422,0.004571,18.472252,-48.269139,11.519356,-0.000152,-0.048748,28.762897,3.600000
700,0.010000,0.000000,0.688030,0.344015,0.047125,-1.570586,-0.000794,18.497383,-45.012973,-1.570886,18.497439,-45.012972,-1.570876,25.413842,25.381016,0.000281,25.413569,25.381016,0.000271,0.000300,nan,nan,0.000011,0.000056,0.000000,0.000011,9.031020,12.631020,3.600175,-0.023087,0.005353,18.474067,-48.613145,11.072137,0.001234,-0.039447,28.199035,3.600000
710,0.010000,0.653197,0.000000,0.326599,-0.044740,-1.571259,-0.000666,18.497413,-45.339571,-1.571541,18.497467,-45.339570,-1.571531,25.414622,25.381116,0.000281,25.414335,25.381116,0.000271,0.000282,nan,nan,0.000010,0.000054,0.000000,0.000010,9.357614,12.957614,3.600179,-0.019031,0.006009,18.475789,-48.939735,10.647559,0.002426,-0.031271,27.653083,3.600000
720,0.010000,0.000000,0.678890,0.339445,0.046499,-1.571759,-0.000618,18.497217,-45.679015,-1.572149,18.497293,-45.679015,-1.572135,25.415450,25.381216,0.000281,25.415149,25.381216,0.000271,0.000390,nan,nan,0.000019,0.000076,0.000001,0.000014,9.697053,13.297053,3.600177,-0.014893,0.006613,18.477580,-49.279169,10.206281,0.003546,-0.023458,27.073992,3.600000
730,0.010000,0.672855,0.000000,0.336428,-0.046086,-1.572167,-0.000469,18.496843,-46.015442,-1.572604,18.496930,-46.015442,-1.572588,25.416279,25.381316,0.000281,25.415964,25.381316,0.000271,0.000437,nan,nan,0.000024,0.000087,0.000001,0.000016,10.033473,13.633473,3.600168,-0.011124,0.007066,18.479354,-49.615584,9.768927,0.004453,-0.016771,26.487560,3.600000
740,0.010000,0.000000,0.660784,0.330392,0.045259,-1.572331,-0.000208,18.496338,-46.345833,-1.572796,18.496433,-46.345833,-1.572780,25.417098,25.381416,0.000281,25.416769,25.381416,0.000271,0.000465,nan,nan,0.000027,0.000095,0.000001,0.000017,10.363857,13.963857,3.600154,-0.008197,0.007258,18.481097,-49.945964,9.339419,0.005006,-0.011813,25.898729,3.600000
750,0.010000,0.706308,0.000000,0.353154,-0.048377,-1.572567,-0.000277,18.495733,-46.698986,-1.573057,18.495835,-46.698986,-1.573039,25.418000,25.381516,0.000281,25.417655,25.381516,0.000271,0.000490,nan,nan,0.000030,0.000102,0.000001,0.000017,10.717002,14.317002,3.600138,-0.004802,0.007517,18.482959,-50.299104,8.880320,0.005638,-0.006580,25.254155,3.600000
760,0.010000,0.000000,0.603190,0.301595,0.041314,-1.572807,-0.000186,18.495159,-47.000580,-1.573226,18.495248,-47.000579,-1.573211,25.418739,25.381616,0.000281,25.418384,25.381616,0.000271,0.000419,nan,nan,0.000022,0.000089,0.000000,0.000015,11.018589,14.618589,3.600122,-0.002006,0.007689,18.484550,-50.600686,8.488249,0.006094,-0.002628,24.690369,3.600000
770,0.010000,0.622848,0.000000,0.311424,-0.042661,-1.572932,-0.000186,18.494496,-47.312002,-1.573397,18.494596,-47.312002,-1.573381,25.419514,25.381716,0.000281,25.419149,25.381716,0.000271,0.000465,nan,nan,0.000027,0.000100,0.000000,0.000017,11.330003,14.930003,3.600104,0.000900,0.007858,18.486192,-50.912096,8.083400,0.006534,0.001122,24.094370,3.600000
780,0.010000,0.000000,0.624400,0.312200,0.042767,-1.573146,-0.000218,18.493789,-47.624201,-1.573599,18.493888,-47.624200,-1.573583,25.420297,25.381816,0.000281,25.419922,25.381816,0.000271,0.000453,nan,nan,0.000026,0.000099,0.000000,0.000016,11.642194,15.242194,3.600085,0.003982,0.008061,18.487839,-51.224282,7.677544,0.006987,0.004718,23.481707,3.600000
790,0.010000,0.591119,0.000000,0.295560,-0.040488,-1.573418,-0.000288,18.493065,-47.919759,-1.573870,18.493164,-47.919759,-1.573854,25.421026,25.381916,0.000281,25.420642,25.381916,0.000271,0.000452,nan,nan,0.000026,0.000100,0.000000,0.000016,11.937744,15.537744,3.600065,0.007242,0.008332,18.489398,-51.519828,7.293319,0.007485,0.008151,22.886593,3.600000
800,0.010000,0.000000,0.580601,0.290300,0.039767,-1.573788,-0.000431,18.492277,-48.210057,-1.574286,18.492387,-48.210057,-1.574268,25.421739,25.382016,0.000281,25.421348,25.382016,0.000271,0.000498,nan,nan,0.000031,0.000111,0.000000,0.000018,12.228034,15.828034,3.600041,0.011040,0.008746,18.490929,-51.810115,6.915933,0.008114,0.011782,22.286605,3.600000
810,0.010000,0.544044,0.000000,0.272022,-0.037263,-1.574109,-0.000234,18.491443,-48.482077,-1.574502,18.491531,-48.482077,-1.574488,25.422389,25.382116,0.000281,25.421993,25.382116,0.000271,0.000394,nan,nan,0.000020,0.000088,0.000000,0.000014,12.500046,16.100046,3.600018,0.014123,0.008966,18.492363,-52.082123,6.562309,0.008497,0.014303,21.709353,3.600000
820,0.010000,0.000000,0.468171,0.234085,0.032066,-1.573858,0.000256,18.490667,-48.716161,-1.574233,18.490751,-48.716160,-1.574219,25.422905,25.382216,0.000281,25.422509,25.382216,0.000271,0.000374,nan,nan,0.000018,0.000084,0.000000,0.000013,12.734122,16.334122,3.600004,0.015170,0.008697,18.493598,-52.316195,6.258003,0.008304,0.014650,21.200027,3.600000
830,0.010000,0.407645,0.000000,0.203822,-0.027921,-1.573742,-0.000000,18.490053,-48.919981,-1.574219,18.490160,-48.919981,-1.574202,25.423315,25.382316,0.000281,25.422922,25.382316,0.000271,0.000477,nan,nan,0.000029,0.000106,0.000000,0.000017,12.937937,16.537937,3.599990,0.016775,0.008680,18.494673,-52.520007,5.993038,0.008359,0.015514,20.733206,3.600000
840,0.010000,0.000000,0.401782,0.200891,0.027519,-1.573680,0.000064,18.489476,-49.120871,-1.574138,18.489577,-49.120871,-1.574122,25.423715,25.382416,0.000281,25.423326,25.382416,0.000271,0.000459,nan,nan,0.000027,0.000102,0.000000,0.000016,13.138820,16.738820,3.599977,0.018128,0.008600,18.495732,-52.720888,5.731884,0.008335,0.016035,20.266385,3.600000
850,0.010000,0.286420,0.000000,0.143210,-0.019618,-1.573338,0.000352,18.489101,-49.264080,-1.573771,18.489196,-49.264080,-1.573755,25.423915,25.382516,0.000281,25.423536,25.382516,0.000271,0.000432,nan,nan,0.000024,0.000095,0.000000,0.000015,13.282026,16.882026,3.599974,0.017943,0.008233,18.496488,-52.864091,5.545714,0.007980,0.015356,19.799564,3.600000
860,0.010000,0.000000,0.256071,0.128036,0.017539,-1.572945,0.000304,18.488817,-49.392115,-1.573452,18.488926,-49.392115,-1.573433,25.424067,25.382616,0.000281,25.423700,25.382616,0.000271,0.000507,nan,nan,0.000033,0.000109,0.000000,0.000018,13.410057,17.010057,3.599972,0.017730,0.017425,18.497163,-52.992121,5.379270,0.015466,0.014719,19.332743,3.600000
870,0.010000,0.169852,0.000000,0.084926,-0.011634,-1.572649,0.000202,18.488703,-49.477040,-1.573231,18.488825,-49.477040,-1.573210,25.424081,25.382716,0.000281,25.423730,25.382716,0.000271,0.000582,nan,nan,0.000043,0.000123,0.000000,0.000021,13.494981,17.094981,3.599972,0.017476,0.097535,18.497611,-53.077044,5.268868,0.081115,0.014210,18.917272,3.600000
880,0.010000,0.000000,0.128812,0.064406,0.008823,-1.572483,0.000059,18.488670,-49.541446,-1.573152,18.488807,-49.541445,-1.573128,25.424037,25.382816,0.000281,25.423704,25.382816,0.000271,0.000669,nan,nan,0.000057,0.000138,0.000000,0.000024,13.559385,17.159385,3.599971,0.017537,0.158375,18.497951,-53.141447,5.185142,0.130990,0.014033,18.553152,3.600000
890,0.010000,0.092427,0.000000,0.046214,-0.006331,-1.572494,-0.000138,18.488700,-49.587659,-1.573266,18.488854,-49.587658,-1.573239,25.423949,25.382916,0.000281,25.423634,25.382916,0.000271,0.000772,nan,nan,0.000076,0.000154,0.000000,0.000028,13.605598,17.205598,3.599967,0.018134,0.202201,18.498194,-53.187659,5.125065,0.166952,0.014342,18.240382,3.600000
900,0.010000,0.000000,0.039488,0.019744,0.002705,-1.572650,-0.000192,18.488806,-49.607402,-1.573431,18.488957,-49.607402,-1.573403,25.423794,25.383016,0.000281,25.423499,25.383016,0.000271,0.000781,nan,nan,0.000077,0.000151,0.000000,0.000028,13.625342,17.225342,3.599964,0.018725,0.221042,18.498299,-53.207403,5.099398,0.182433,0.014735,17.978962,3.600000
910,0.010000,0.021210,0.000000,0.010605,-0.001453,-1.572798,-0.000197,18.488929,-49.618007,-1.573600,18.489079,-49.618007,-1.573571,25.423630,25.383116,0.000281,25.423354,25.383116,0.000271,0.000802,nan,nan,0.000082,0.000150,0.000000,0.000029,13.635947,17.235947,3.599962,0.019265,0.231242,18.498354,-53.218008,5.085611,0.190828,0.015120,17.768893,3.600000
920,0.010000,0.000000,0.002931,0.001466,0.000201,-1.573097,-0.000368,18.489075,-49.619472,-1.573939,18.489227,-49.619472,-1.573909,25.423458,25.383216,0.000281,25.423202,25.383216,0.000271,0.000842,nan,nan,0.000090,0.000152,0.000000,0.000030,13.637413,17.237413,3.599956,0.020340,0.232967,18.498362,-53.219474,5.083706,0.192309,0.015958,17.610173,3.600000
930,0.010000,0.000000,0.000000,0.000000,0.000000,-1.573543,-0.000447,18.489227,-49.619472,-1.574356,18.489369,-49.619472,-1.574327,25.423302,25.383316,0.000281,25.423063,25.383316,0.000271,0.000813,nan,nan,0.000084,0.000142,0.000000,0.000029,13.637413,17.237413,3.599948,0.021705,0.233385,18.498362,-53.219474,5.083706,0.192738,0.017028,17.502805,3.600000
940,0.010000,0.000000,0.000000,0.000000,0.000000,-1.573910,-0.000293,18.489369,-49.619472,-1.574620,18.489488,-49.619471,-1.574595,25.423163,25.383416,0.000281,25.422942,25.383416,0.000271,0.000711,nan,nan,0.000064,0.000119,0.000000,0.000025,13.637414,17.237414,3.599944,0.022550,0.233653,18.498362,-53.219475,5.083706,0.193011,0.017691,17.446786,3.600000
950,0.010000,0.000000,0.000000,0.000000,0.000000,-1.574187,-0.000213,18.489488,-49.619471,-1.574808,18.489588,-49.619471,-1.574786,25.423042,25.383516,0.000281,25.422835,25.383516,0.000271,0.000621,nan,nan,0.000049,0.000100,0.000000,0.000022,13.637414,17.237414,3.599940,0.023137,0.233845,18.498362,-53.219475,5.083706,0.193205,0.018151,17.442118,3.600000
960,0.010000,0.000000,-0.002931,-0.001466,-0.000201,-1.574541,-0.000277,18.489594,-49.618005,-1.575063,18.489675,-49.618005,-1.575044,25.422932,25.383616,0.000281,25.422740,25.383616,0.000271,0.000522,nan,nan,0.000035,0.000081,0.000000,0.000019,13.637414,17.237414,3.601400,0.023986,0.234103,18.498362,-53.219475,5.085611,0.193470,0.018824,17.488800,3.600000
970,0.010000,0.000000,0.000000,0.000000,0.000000,-1.574976,-0.000309,18.489675,-49.618005,-1.575353,18.489732,-49.618005,-1.575340,25.422840,25.383716,0.000281,25.422662,25.383716,0.000271,0.000377,nan,nan,0.000018,0.000057,0.000000,0.000013,13.637414,17.237414,3.601393,0.024993,0.234398,18.498362,-53.219475,5.085611,0.193776,0.019615,17.586832,3.600000
980,0.010000,0.000000,0.008967,0.004483,0.000614,-1.575398,-0.000234,18.489712,-49.622488,-1.575574,18.489737,-49.622488,-1.575568,25.422772,25.383816,0.000281,25.422606,25.383816,0.000271,0.000176,nan,nan,0.000004,0.000026,0.000000,0.000006,13.640432,17.240432,3.599922,0.025818,0.237481,18.498378,-53.222493,5.079783,0.196354,0.020240,17.736215,3.600000
990,0.010000,0.025693,0.000000,0.012847,-0.001760,-1.575581,0.000202,18.489676,-49.635335,-1.575366,18.489646,-49.635335,-1.575373,25.422734,25.383916,0.000281,25.422579,25.383916,0.000271,-0.000215,nan,nan,0.000006,-0.000030,-0.000000,-0.000008,13.653278,17.253278,3.599926,0.025277,0.249438,18.498446,-53.235339,5.063082,0.206119,0.019750,17.936948,3.600000
1000,0.010000,0.000000,0.010691,0.005346,0.000732,-1.574635,0.001406,18.489621,-49.640681,-1.573967,18.489531,-49.640681,-1.573991,25.422690,25.384016,0.000281,25.422545,25.384016,0.000271,-0.000668,nan,nan,0.000057,-0.000091,-0.000000,-0.000024,13.658623,17.258623,3.599956,0.020443,0.253112,18.498474,-53.240684,5.056133,0.208828,0.015951,18.189032,3.600000
1010,0.010000,0.083460,0.000000,0.041730,-0.005716,-1.573688,0.000815,18.489397,-49.682411,-1.573176,18.489330,-49.682411,-1.573194,25.422731,25.384116,0.000281,25.422594,25.384116,0.000271,-0.000512,nan,nan,0.000033,-0.000068,-0.000000,-0.000018,13.700351,17.300351,3.599968,0.017996,0.291788,18.498694,-53.282411,5.001885,0.240378,0.013891,18.492465,3.600000
1020,0.010000,0.000000,0.060526,0.030263,0.004146,-1.573767,-0.000192,18.489257,-49.712674,-1.573386,18.489208,-49.712674,-1.573399,25.422755,25.384216,0.000281,25.422624,25.384216,0.000271,-0.000381,nan,nan,0.000018,-0.000049,-0.000000,-0.000014,13.730613,17.330613,3.599962,0.019017,0.320620,18.498854,-53.312673,0.000000,0.262908,0.014564,18.847249,3.600000
1030,0.010000,0.043972,0.000000,0.021986,-0.003012,-1.573686,0.000277,18.489151,-49.734660,-1.573122,18.489081,-49.734660,-1.573143,25.422767,25.384316,0.000281,25.422645,25.384316,0.000271,-0.000564,nan,nan,0.000040,-0.000070,-0.000000,-0.000020,13.752598,17.352598,3.599965,0.018335,0.341159,18.498970,-53.334658,0.000000,0.279751,0.013961,18.824197,3.600000
1040,0.010000,0.000000,0.027418,0.013709,0.001878,-1.572406,0.001561,18.489048,-49.748369,-1.571582,18.488949,-49.748369,-1.571611,25.422771,25.384416,0.000281,25.422656,25.384416,0.000271,-0.000824,nan,nan,0.000086,-0.000100,-0.000000,-0.000029,13.766307,17.366307,3.599987,0.013027,0.352595,18.499042,-53.348366,0.000000,0.289128,0.009883,18.790170,3.600000
1050,0.010000,0.002931,0.000000,0.001466,-0.000201,-1.569743,0.002967,18.488948,-49.749835,-1.568644,18.488820,-49.749835,-1.568684,25.422758,25.384516,0.000281,25.422651,25.384516,0.000271,-0.001099,nan,nan,0.000153,-0.000128,-0.000000,-0.000039,13.767772,17.367772,3.600010,0.002624,0.351053,18.499050,-53.349831,0.000000,0.287864,0.001990,18.786529,3.600000
1060,0.010000,0.000000,0.012071,0.006035,0.000827,-1.566758,0.002962,18.488832,-49.755870,-1.565722,18.488716,-49.755870,-1.565759,25.422762,25.384616,0.000281,25.422662,25.384616,0.000271,-0.001036,nan,nan,0.000136,-0.000117,-0.000000,-0.000037,13.773807,17.373807,3.600002,-0.007769,0.353838,18.499082,-53.355866,0.000000,0.290147,-0.005882,18.771526,3.600000
1070,0.010000,-0.025693,0.000000,-0.012847,0.001760,-1.564201,0.002493,18.488651,-49.743024,-1.563266,18.488550,-49.743024,-1.563299,25.422740,25.384716,0.000281,25.422648,25.384716,0.000271,-0.000935,nan,nan,0.000111,-0.000101,-0.000000,-0.000033,13.773807,17.373807,3.612819,-0.016554,0.351378,18.499082,-53.355866,0.000000,0.288130,-0.012576,18.803447,3.600000
1080,0.010000,0.000000,-0.030349,-0.015175,-0.002079,-1.562111,0.002067,18.488436,-49.727850,-1.561233,18.488345,-49.727850,-1.561264,25.422723,25.384816,0.000281,25.422638,25.384816,0.000271,-0.000878,nan,nan,0.000098,-0.000091,-0.000000,-0.000031,13.773807,17.373807,3.627953,-0.023847,0.349343,18.499082,-53.355866,0.000000,0.286461,-0.018190,18.841082,3.600000
1090,0.010000,-0.022762,0.000000,-0.011381,0.001559,-1.560652,0.001262,18.488236,-49.716470,-1.560002,18.488172,-49.716470,-1.560025,25.422720,25.384916,0.000281,25.422642,25.384916,0.000271,-0.000650,nan,nan,0.000054,-0.000065,-0.000000,-0.000023,13.773807,17.373807,3.639302,-0.028292,0.348103,18.499082,-53.355866,0.000000,0.285445,-0.021645,18.869259,3.600000
1100,0.010000,0.000000,-0.009139,-0.004570,-0.000626,-1.559957,0.000485,18.488122,-49.711900,-1.559540,18.488082,-49.711901,-1.559555,25.422735,25.385016,0.000281,25.422663,25.385016,0.000271,-0.000417,nan,nan,0.000022,-0.000040,-0.000000,-0.000015,13.773807,17.373807,3.643859,-0.029964,0.347634,18.499082,-53.355866,0.000000,0.285060,-0.022952,18.880560,3.600000
1110,0.010000,-0.009139,0.000000,-0.004570,0.000626,-1.559282,0.000591,18.488031,-49.707331,-1.558964,18.488002,-49.707331,-1.558975,25.422756,25.385116,0.000281,25.422689,25.385116,0.000271,-0.000318,nan,nan,0.000013,-0.000029,-0.000000,-0.000011,13.773807,17.373807,3.648411,-0.032050,0.347054,18.499082,-53.355866,0.000000,0.284584,-0.024579,18.891855,3.600000
1120,0.010000,0.000000,-0.006035,-0.003018,-0.000413,-1.558274,0.000906,18.487966,-49.704314,-1.558070,18.487948,-49.704314,-1.558077,25.422784,25.385216,0.000281,25.422722,25.385216,0.000271,-0.000204,nan,nan,0.000005,-0.000018,-0.000000,-0.000007,13.773807,17.373807,3.651398,-0.035312,0.346156,18.499082,-53.355866,0.000000,0.283848,-0.027102,18.899310,3.600000
1130,0.010000,-0.012071,0.000000,-0.006035,0.000827,-1.557140,0.001092,18.487871,-49.698279,-1.556985,18.487858,-49.698279,-1.556990,25.422814,25.385316,0.000281,25.422756,25.385316,0.000271,-0.000155,nan,nan,0.000003,-0.000013,-0.000000,-0.000006,13.773807,17.373807,3.657393,-0.039272,0.345069,18.499082,-53.355866,0.000000,0.282957,-0.030189,18.914211,3.600000
1140,0.010000,0.000000,0.053111,0.026556,0.003638,-1.555738,0.001406,18.488224,-49.724832,-1.555584,18.488211,-49.724832,-1.555590,25.422891,25.385416,0.000281,25.422836,25.385416,0.000271,-0.000154,nan,nan,0.000003,-0.000013,-0.000000,-0.000005,13.773807,17.373807,3.630779,-0.044345,0.343668,18.499082,-53.355866,0.000000,0.281808,-0.033852,18.848559,3.600000
1150,0.010000,-0.006035,0.000000,-0.003018,0.000413,-1.553971,0.001875,18.488166,-49.721815,-1.553715,18.488145,-49.721815,-1.553724,25.422932,25.385516,0.000281,25.422881,25.385516,0.000271,-0.000256,nan,nan,0.000008,-0.000021,-0.000000,-0.000009,13.773807,17.373807,3.633708,-0.051104,0.341803,18.499082,-53.355866,0.000000,0.280278,-0.039043,18.856031,3.600000
1160,0.010000,0.000000,0.096910,0.048455,0.006638,-1.551999,0.002003,18.488972,-49.770263,-1.551721,18.488950,-49.770263,-1.551731,25.423041,25.385616,0.000281,25.422991,25.385616,0.000271,-0.000278,nan,nan,0.000010,-0.000022,-0.000000,-0.000010,13.788200,17.388200,3.599537,-0.058425,0.353425,18.499157,-53.370259,0.000000,0.289809,-0.044069,18.735698,3.600000
1170,0.010000,0.042420,0.000000,0.021210,-0.002905,-1.550065,0.001934,18.489354,-49.791469,-1.549798,18.489334,-49.791469,-1.549807,25.423117,25.385716,0.000281,25.423070,25.385716,0.000271,-0.000268,nan,nan,0.000009,-0.000021,-0.000000,-0.000010,13.809408,17.409408,3.599413,-0.065622,0.371563,18.499269,-53.391467,0.000000,0.304682,-0.049218,18.682783,3.600000
1180,0.010000,0.000000,0.159161,0.079580,0.010901,-1.548075,0.002035,18.491004,-49.871032,-1.547772,18.490981,-49.871032,-1.547783,25.423265,25.385816,0.000281,25.423218,25.385816,0.000271,-0.000303,nan,nan,0.000012,-0.000023,-0.000000,-0.000011,13.888979,17.488979,3.599251,-0.074134,0.444808,18.499689,-53.471036,0.000000,0.364743,-0.054419,18.482902,3.600000
1190,0.010000,0.145538,0.000000,0.072769,-0.009968,-1.545849,0.002125,18.492655,-49.943782,-1.545658,18.492640,-49.943782,-1.545665,25.423405,25.385916,0.000281,25.423358,25.385916,0.000271,-0.000192,nan,nan,0.000005,-0.000015,-0.000000,-0.000007,13.961736,17.561736,3.585271,-0.082761,0.498467,18.500000,-53.530000,0.000000,0.408743,-0.059543,18.298227,3.600000
1200,0.010000,0.000000,0.184854,0.092427,0.012661,-1.543761,0.002061,18.494963,-50.036180,-1.543603,18.494951,-50.036180,-1.543609,25.423569,25.386016,0.000281,25.423522,25.386016,0.000271,-0.000158,nan,nan,0.000003,-0.000012,-0.000000,-0.000006,14.054145,17.654145,3.492666,-0.089929,0.496411,18.500000,-53.530000,0.000000,0.407057,-0.063033,18.060955,3.600000
